id,matchId,matchPeriod,minute,second,matchTimestamp,videoTimestamp,location_x,location_y,team_id,player_id,shot_bodyPart_head_or_other,assist_type_long_pass,direct_free_kick,assist_type_through_pass,shot_distance,shot_angle,shot_xg
2525775904,5590087,1H,14,5,00:14:05.838,846.838703,74,56,6713,472359,0,0,0,0,38.01315561749642,22.249023657212366,0.001169
2525775981,5590087,1H,16,20,00:16:20.042,981.042219,90,53,6713,546236,0,0,0,1,24.20743687382041,28.131342364061048,0.3696
2525775934,5590087,1H,17,22,00:17:22.682,1043.682911,88,50,8738,66175,0,0,0,0,23.345235059857504,33.40416281560302,0.01925
2525776003,5590087,1H,23,31,00:23:31.670,1412.670761,89,50,8738,526355,1,0,0,0,22.627416997969522,33.75137919815036,0.152
2525776121,5590087,1H,25,25,00:25:25.953,1526.953456,87,50,6713,54783,1,0,0,0,24.08318915758459,32.99560723843002,0.03102
2525776141,5590087,1H,34,14,00:34:14.914,2055.914651,74,71,8738,66175,0,0,0,0,48.27007354458868,13.934293789910896,0.002932
2525776409,5590087,1H,48,20,00:48:20.668,2901.668593,89,56,6713,627932,0,0,0,0,27.202941017470888,23.606568902437697,0.2926
2525776343,5590087,1H,50,59,00:50:59.666,3060.666626,87,58,8738,66175,0,0,0,0,30.0,21.583969241769598,0.01576
2525776442,5590087,1H,51,56,00:51:56.433,3117.433292,73,29,6713,627932,0,0,0,0,32.38826948140329,30.754394079558615,0.004444
2525776489,5590087,2H,46,54,00:46:54.095,3315.095036,94,28,6713,54783,0,0,0,0,12.529964086141668,69.00128096561299,0.02652
2525776494,5590087,2H,47,35,00:47:35.795,3356.795471,94,47,6713,472359,0,0,0,0,17.029386365926403,43.451842301022026,0.4288
2525776495,5590087,2H,47,37,00:47:37.375,3358.375492,91,51,6713,51116,0,0,0,0,22.02271554554524,31.954362937051407,0.4646
2525776517,5590087,2H,49,30,00:49:30.017,3471.017331,89,67,6713,627932,0,0,0,0,36.6742416417845,12.835609486401438,0.1503
2525776526,5590087,2H,49,37,00:49:37.255,3478.255073,88,62,6713,546236,0,0,0,0,32.7566787083184,17.14330670979871,0.05703
2525776527,5590087,2H,49,41,00:49:41.958,3482.958937,77,39,6713,941777,0,0,0,0,28.442925306655784,34.69515353123397,0.04665
2525777866,5590087,2H,52,3,00:52:03.353,3624.353544,86,30,8738,590583,0,0,0,0,19.4164878389476,49.1239075603156,0.0694
2525776584,5590087,2H,53,6,00:53:06.004,3687.004628,86,40,8738,66175,0,0,0,0,19.924858845171276,47.26278980713946,0.01574
2525776686,5590087,2H,57,47,00:57:47.485,3968.485037,89,39,6713,621862,0,0,0,0,16.76305461424021,55.22216863363612,0.1705
2525777865,5590087,2H,66,38,01:06:38.347,4499.347526,89,31,8738,629543,0,0,0,0,16.278820596099706,57.425942865427494,0.06464
2525776897,5590087,2H,75,56,01:15:56.036,5057.036646,87,33,6713,54783,0,0,0,0,18.027756377319946,53.017093073655325,0.0808
2525776903,5590087,2H,76,36,01:16:36.348,5097.348846,81,50,6713,941777,0,0,0,0,28.844410203711913,29.908934619595467,0.07603
2525777017,5590087,2H,84,49,01:24:49.591,5590.591374,93,54,6713,621862,1,0,0,0,23.323807579381203,25.010118524896047,0.2263
2525777040,5590087,2H,86,41,01:26:41.556,5702.556907,87,45,6713,461805,0,0,0,0,21.095023109728988,41.67259575827343,0.1808
2525777279,5590087,2H,88,17,01:28:17.248,5798.248067,83,38,8738,578856,0,0,0,0,22.360679774997898,43.38349293777577,0.03881
2525777169,5590087,2H,93,39,01:33:39.699,6120.699104,94,60,6713,329527,1,0,0,0,28.231188426986208,15.4580544997057,0.1207
2525777402,5590087,2H,95,5,01:35:05.173,6206.173256,96,58,8738,618674,1,0,0,0,25.632011235952593,15.708637829015744,0.2256
2456216417,5589317,1H,1,45,00:01:45.710,106.710013,91,33,687,596052,0,0,0,0,14.035668847618199,65.2825590889166,0.1074
2456216425,5589317,1H,4,3,00:04:03.051,244.051591,92,57,687,302550,0,0,0,0,26.419689627245813,20.769455259586874,0.349
2456216439,5589317,1H,5,57,00:05:57.191,358.191312,78,61,687,504301,0,0,0,0,38.18376618407357,19.44003482817619,0.02149
2456216441,5589317,1H,6,40,00:06:40.217,401.217472,95,49,687,278288,1,0,0,0,18.027756377319946,36.416378519886045,0.2179
2456216465,5589317,1H,9,36,00:09:36.857,577.857487,90,61,687,355599,0,0,0,0,30.886890422961002,17.185706144224763,0.04259
2456216466,5589317,1H,9,38,00:09:38.368,579.368955,90,59,687,355599,0,0,0,0,29.154759474226502,19.34644621554769,0.2108
2456216467,5589317,1H,9,40,00:09:40.165,581.16526,90,45,687,582472,0,0,0,0,18.601075237738275,45.53545898556453,0.5333
2456216468,5589317,1H,9,41,00:09:41.505,582.505576,93,48,687,582472,0,0,0,0,18.439088914585774,39.827323475241776,0.7052
2456217811,5589317,1H,11,42,00:11:42.076,703.076381,80,39,687,531592,0,0,0,0,25.495097567963924,38.339103257369295,0.006686
2456216535,5589317,1H,17,24,00:17:24.744,1045.744674,94,49,687,582472,0,0,0,0,18.601075237738275,36.76597554787117,0.5588
2456216587,5589317,1H,24,13,00:24:13.726,1454.726053,81,69,687,278288,0,0,0,0,42.43819034784589,14.098930291396256,0.0379
2456216957,5589317,1H,26,36,00:26:36.584,1597.584979,77,54,7455,643940,0,0,0,0,34.40930106817051,24.55734967814883,0.01865
2456216711,5589317,1H,30,57,00:30:57.227,1858.227842,91,43,687,596052,1,0,0,0,16.64331697709324,52.1250163489018,0.1553
2456217088,5589317,1H,37,54,00:37:54.423,2275.423791,85,54,7455,714791,0,0,0,0,28.284271247461902,26.596917569517,0.1332
2456216984,5589317,1H,44,26,00:44:26.845,2667.84518,83,46,687,302550,0,1,0,1,25.059928172283335,35.902614127705036,0.07951
2456216995,5589317,1H,44,58,00:44:58.148,2699.148912,86,46,687,596052,0,0,0,0,22.47220505424423,38.88977861121536,0.08866
2456217003,5589317,1H,46,1,00:46:01.501,2762.501111,82,46,687,582472,0,0,0,0,25.942243542145693,34.96602982632769,0.1144
2456217212,5589317,2H,54,36,00:54:36.909,3415.909691,95,34,687,713064,0,0,0,0,10.0,83.97442499163331,0.04378
2456217272,5589317,2H,62,43,01:02:43.244,3902.24439,86,46,687,278288,0,0,0,0,22.47220505424423,38.88977861121536,0.08721
2456217553,5589317,2H,74,39,01:14:39.016,4618.016348,99,42,7455,681607,0,0,0,0,10.0,80.02228737984943,0.3604
2456217657,5589317,2H,83,37,01:23:37.701,5156.701536,81,65,7455,643940,0,0,0,0,39.20459156782532,16.525796389925638,0.03102
2456217627,5589317,2H,84,23,01:24:23.527,5202.527982,86,39,687,713064,0,0,0,0,19.6468827043885,48.27300985546386,0.1612
2456217740,5589317,2H,88,49,01:28:49.191,5468.191833,98,34,7455,752487,0,0,0,0,7.0,104.2500326978036,0.1201
2456217754,5589317,2H,89,44,01:29:44.452,5523.452223,96,50,687,607496,0,0,0,0,18.35755975068582,32.32613999437687,0.4946
2456217778,5589317,2H,91,48,01:31:48.392,5647.392559,75,65,687,605383,0,0,0,0,43.139309220245984,16.876264616711186,0.007175
2351936793,5588950,1H,1,52,00:01:52.710,113.710254,90,34,5072,590629,0,0,0,0,15.0,61.92751306414704,0.2829
2351936812,5588950,1H,2,38,00:02:38.403,159.403257,84,47,5072,569212,0,0,0,0,24.698178070456937,35.54792198630704,0.02836
2351936841,5588950,1H,6,39,00:06:39.149,400.149367,88,33,5072,590629,0,0,0,0,17.029386365926403,55.66666856493495,0.1397
2351936843,5588950,1H,7,21,00:07:21.305,442.305367,85,40,5072,563527,0,0,0,0,20.8806130178211,45.40066325579215,0.07833
2351936848,5588950,1H,7,27,00:07:27.248,448.248579,73,37,5072,621523,0,0,0,0,32.14031735997639,31.1757004957386,0.03437
2351937355,5588950,1H,14,51,00:14:51.241,892.241047,76,53,3157,525236,0,0,0,0,34.66987164671943,24.96930795717714,0.04514
2351937616,5588950,1H,26,1,00:26:01.255,1562.255247,93,44,3157,405603,1,0,0,0,15.620499351813308,52.96071399469619,0.1972
2351937649,5588950,1H,27,20,00:27:20.234,1641.234929,95,69,3157,391530,0,0,0,0,36.40054944640259,8.233244960135059,0.1048
2351937010,5588950,1H,30,59,00:30:59.894,1860.894107,91,30,5072,569212,0,0,0,0,14.560219778561036,62.53272766139187,0.1286
2351937741,5588950,1H,32,42,00:32:42.358,1963.358636,92,30,3157,344132,0,0,0,0,13.601470508735444,66.03751102542181,0.07111
2351938408,5588950,1H,48,14,00:48:14.794,2895.794542,80,67,5072,660295,0,0,0,0,41.400483088968905,15.406419793668507,0.04568
2351937964,5588950,2H,47,5,00:47:05.684,3143.684568,86,38,3157,344132,0,0,0,0,19.4164878389476,49.1239075603156,0.005083
2351937979,5588950,2H,48,38,00:48:38.926,3236.926109,85,61,3157,391530,0,0,0,0,33.60059523282288,18.9581834051062,0.02028
2351937336,5588950,2H,50,41,00:50:41.052,3359.052922,86,58,5072,644877,0,0,0,0,30.610455730027933,21.778324967249148,0.1114
2351938034,5588950,2H,56,24,00:56:24.454,3702.454096,78,28,3157,344132,0,1,0,0,27.65863337187866,35.39479584498706,0.01783
2351938066,5588950,2H,60,11,01:00:11.621,3929.621712,87,47,3157,520698,0,0,0,0,22.20360331117452,38.181785428348135,0.1843
2351938132,5588950,2H,65,51,01:05:51.295,4269.295769,72,50,3157,525236,0,0,0,0,36.6742416417845,25.170554253818423,0.002041
2351937570,5588950,2H,67,15,01:07:15.885,4353.88519,95,70,5072,499720,0,1,0,1,37.36308338453881,7.794329120511425,0.019
2351938158,5588950,2H,70,59,01:10:59.082,4577.082042,86,45,3157,520698,0,0,0,0,21.95449840010015,40.459794756891306,0.1328
2351938221,5588950,2H,77,1,01:17:01.368,4939.368511,76,63,3157,403260,0,0,0,0,41.012193308819754,18.058362267849468,0.004084
2351938311,5588950,2H,86,0,01:26:00.030,5478.030182,87,64,3157,477082,0,0,0,0,34.9857113690718,15.826154076172545,0.00724
2351938397,5588950,2H,94,7,01:34:07.944,5965.944767,77,64,3157,403260,0,0,0,0,41.036569057366385,17.453694132293993,0.006824
2397095902,5589020,1H,4,31,00:04:31.714,272.714248,86,68,6408,282768,0,0,0,0,38.948684188300895,13.396093798402946,0.01899
2397097507,5589020,1H,5,29,00:05:29.966,330.966686,80,70,6408,536902,0,0,0,0,43.829214001622255,13.742797739157055,0.01691
2397096064,5589020,1H,8,53,00:08:53.567,534.567415,96,65,2445,352328,0,0,0,0,32.28002478313795,9.568640165392539,0.14
2397096158,5589020,1H,12,21,00:12:21.037,742.037738,91,45,2445,352328,1,0,0,0,17.804493814764857,46.877877447285364,0.1183
2397096237,5589020,1H,17,17,00:17:17.435,1038.435975,75,54,2445,260402,0,0,0,0,36.05551275463989,23.8926746406727,0.05886
2397096334,5589020,1H,21,32,00:21:32.685,1293.685919,87,70,2445,542209,0,0,0,0,40.24922359499622,11.888658039627972,0.02276
2397096340,5589020,1H,21,42,00:21:42.400,1303.400051,90,49,2445,352328,0,0,0,0,21.213203435596427,36.19320730556469,0.3529
2397096412,5589020,1H,24,55,00:24:55.775,1496.775112,92,56,2445,532559,0,0,0,0,25.553864678361276,22.249023657212373,0.3135
2397096514,5589020,1H,30,14,00:30:14.526,1815.52616,85,47,2445,352328,0,0,0,0,23.853720883753127,36.41637851988605,0.09578
2397096573,5589020,1H,32,46,00:32:46.356,1967.356341,76,43,2445,503185,0,0,0,0,30.364452901377952,31.827446576673108,0.006496
2397096588,5589020,1H,33,55,00:33:55.513,2036.51316,79,69,2445,584765,0,0,0,0,43.60045871318328,14.42077312751099,0.01
2397096602,5589020,1H,34,39,00:34:39.281,2080.281708,89,41,2445,391740,0,0,0,0,17.46424919657298,52.1250163489018,0.1137
2397096416,5589020,1H,35,43,00:35:43.191,2144.191347,54,59,6408,536902,0,0,0,0,56.79788728465171,16.272096733776944,0.006862
2397096752,5589020,1H,44,38,00:44:38.149,2679.149061,89,39,2445,532559,0,0,0,0,16.76305461424021,55.22216863363612,0.02001
2397096795,5589020,2H,45,26,00:45:26.224,2806.224969,92,32,2445,352328,0,0,0,1,13.152946437965905,68.5371140752802,0.06098
2397096987,5589020,2H,52,55,00:52:55.171,3255.171483,89,52,2445,584765,0,0,0,0,24.08318915758459,29.99157850015586,0.337
2397097016,5589020,2H,58,20,00:58:20.392,3580.392468,91,48,2445,391740,1,0,0,0,19.79898987322333,39.01748307414253,0.02837
2397097033,5589020,2H,60,54,01:00:54.883,3734.883753,82,38,2445,448127,0,0,0,0,23.345235059857504,41.740662731138144,0.06247
2397097475,5589020,2H,62,46,01:02:46.890,3846.890108,88,27,2445,584765,0,0,0,0,18.384776310850235,49.974132218828544,0.00618
2397097105,5589020,2H,65,56,01:05:56.476,4036.476526,97,56,2445,503185,0,0,0,0,23.40939982143925,17.13720814618302,0.6113
2397097150,5589020,2H,69,27,01:09:27.116,4247.116081,92,55,2445,352328,1,0,0,0,24.698178070456937,23.861917233893127,0.1572
2397097302,5589020,2H,75,4,01:15:04.025,4584.025885,73,49,2445,497350,0,0,0,0,35.34119409414458,26.250242369688888,0.01627
2397097131,5589020,2H,81,46,01:21:46.053,4986.053746,89,32,6408,559712,0,0,0,0,16.1245154965971,58.13790071832522,0.1031
2397097443,5589020,2H,91,14,01:31:14.149,5554.149563,85,39,2445,352328,0,1,0,0,20.615528128088304,46.30195267257888,0.0917
2397097356,5589020,2H,93,21,01:33:21.603,5681.603456,86,68,6408,341070,0,0,0,0,38.948684188300895,13.396093798402946,0.02402
2478024074,5589336,1H,6,24,00:06:24.358,385.358349,80,63,3766,817448,0,0,0,0,38.28837943815329,17.999484399432912,0.07378
2478024295,5589336,1H,13,48,00:13:48.832,829.832956,89,36,3766,563391,0,0,0,0,16.1245154965971,58.13790071832522,0.1648
2478024196,5589336,1H,15,42,00:15:42.595,943.595704,90,57,11565,277597,1,0,0,0,27.459060435491963,21.86009912473741,0.1058
2478024381,5589336,1H,21,18,00:21:18.593,1279.593019,82,46,3766,563391,0,0,0,0,25.942243542145693,34.96602982632769,0.01399
2478024389,5589336,1H,21,37,00:21:37.569,1298.569381,70,64,3766,209091,0,0,0,0,46.09772228646444,17.13030152684359,0.03365
2478024548,5589336,1H,27,21,00:27:21.819,1642.819825,97,57,11565,444594,1,0,0,0,24.351591323771842,15.708637829015744,0.1791
2478024499,5589336,1H,33,17,00:33:17.740,1998.740742,87,48,11565,84267,0,0,0,0,22.80350850198276,36.428846471419654,0.08615
2478024513,5589336,1H,33,19,00:33:19.741,2000.741426,83,49,11565,277597,0,0,0,0,26.627053911388696,32.23443421894138,0.1442
2478024785,5589336,1H,36,8,00:36:08.442,2169.442056,80,56,3766,817448,0,0,0,0,33.301651610693426,23.641071940008274,0.04715
2478025660,5589336,1H,36,10,00:36:10.471,2171.471296,87,55,3766,817448,0,0,0,0,27.65863337187866,25.346175941946697,0.2006
2478024810,5589336,1H,36,47,00:36:47.502,2208.502652,90,51,3766,817448,0,0,0,0,22.67156809750927,31.945873695297713,0.3481
2478024954,5589336,1H,41,30,00:41:30.152,2491.152514,91,35,3766,563391,0,0,0,0,14.035668847618199,65.2825590889166,0.1358
2478024958,5589336,1H,41,35,00:41:35.839,2496.839134,77,54,3766,25541,0,0,0,0,34.40930106817051,24.55734967814883,0.09571
2478024961,5589336,1H,41,38,00:41:38.078,2499.078279,89,48,3766,817448,0,0,0,0,21.2602916254693,37.821486206781884,0.2977
2478025042,5589336,1H,45,2,00:45:02.992,2703.99263,75,46,3766,582972,0,0,0,0,32.31098884280702,29.28142706105902,0.007065
2478025134,5589336,2H,46,49,00:46:49.352,2880.352542,88,49,3766,563391,0,0,0,0,22.67156809750927,35.24875173219061,0.239
2478024782,5589336,2H,58,39,00:58:39.333,3590.333085,77,53,11565,885074,0,0,0,0,33.83784863137726,25.34617594194669,0.007921
2478024818,5589336,2H,60,8,01:00:08.463,3679.463919,78,51,11565,83575,0,0,0,0,31.906112267087632,27.414714431584297,0.01413
2478025417,5589336,2H,63,45,01:03:45.793,3896.793468,90,45,3766,563391,0,0,0,0,18.601075237738275,45.53545898556453,0.1073
2478025469,5589336,2H,71,5,01:11:05.094,4336.094516,81,55,3766,563391,0,0,0,0,31.89043743820395,24.77514056883192,0.009214
2478025151,5589336,2H,81,29,01:21:29.178,4960.178603,78,33,11565,735669,0,0,0,0,27.018512172212592,36.82749821141796,0.05022
2478025629,5589336,2H,86,32,01:26:32.896,5263.896753,78,45,3766,25541,0,0,0,0,29.154759474226502,32.29246056792633,0.007853
2478025637,5589336,2H,87,36,01:27:36.867,5327.867247,92,57,3766,817448,0,0,0,0,26.419689627245813,20.769455259586874,0.3193
2478025265,5589336,2H,89,28,01:29:28.384,5439.384219,74,32,11565,735669,0,0,0,0,31.064449134018133,32.26101062355075,0.03498
2481602691,5589083,1H,6,32,00:06:32.477,393.477598,78,68,5072,644877,0,0,0,0,43.41658669218482,15.077599721378288,0.002915
2481602753,5589083,1H,8,19,00:08:19.369,500.369517,90,56,5072,38709,1,0,0,0,26.627053911388696,23.264624805785594,0.1219
2481602805,5589083,1H,10,22,00:10:22.089,623.08974,85,40,5072,621859,0,0,0,0,20.8806130178211,45.40066325579215,0.1145
2481603307,5589083,1H,33,40,00:33:40.952,2021.952834,81,73,5072,660295,0,1,0,0,45.79301256742124,12.094757077012098,0.01387
2481602622,5589083,1H,36,11,00:36:11.483,2172.483212,77,64,1614,551573,0,0,0,0,41.036569057366385,17.453694132293993,0.02407
2481602631,5589083,1H,38,22,00:38:22.417,2303.417398,58,64,1614,301047,0,0,0,0,55.758407437802596,15.609956074976415,0.03904
2481602740,5589083,1H,44,30,00:44:30.517,2671.517715,90,36,1614,397178,0,0,0,0,15.132745950421556,61.270731215544814,0.08532
2481602906,5589083,2H,48,14,00:48:14.709,3088.709752,89,39,1614,239411,0,0,0,0,16.76305461424021,55.22216863363612,0.07869
2481602992,5589083,2H,49,27,00:49:27.430,3161.430036,94,57,1614,288091,0,0,0,0,25.495097567963924,19.18681877888252,0.2831
2481603035,5589083,2H,53,7,00:53:07.700,3381.70026,87,53,1614,288091,0,1,0,1,26.1725046566048,28.21016962881526,0.2658
2481603079,5589083,2H,56,21,00:56:21.195,3575.195596,95,46,1614,551573,0,0,0,0,15.620499351813308,47.83741070413477,0.3056
2481603118,5589083,2H,60,50,01:00:50.212,3844.212592,93,43,1614,288091,0,0,0,0,15.0,56.309932474020215,0.3961
2481603280,5589083,2H,67,53,01:07:53.122,4267.122928,78,79,1614,421696,0,0,0,0,52.478567053607705,10.30484646876603,0.01676
2481603324,5589083,2H,70,29,01:10:29.960,4423.960334,76,26,1614,397178,0,0,0,0,30.083217912982647,32.35406002225032,0.02342
2481603471,5589083,2H,76,36,01:16:36.657,4790.65795,76,37,1614,263802,0,0,0,0,29.154759474226502,34.16880357254231,0.02556
2364808561,5588968,1H,0,14,00:00:14.645,15.645298,85,44,11,522407,0,0,0,0,22.360679774997898,40.66879405950243,0.04711
2364807027,5588968,1H,5,34,00:05:34.034,335.0346,88,46,756,363717,1,0,0,0,20.808652046684813,41.001026156053186,0.05742
2364807048,5588968,1H,7,59,00:07:59.765,480.765728,75,42,756,477211,0,0,0,0,31.04834939252005,31.447934692554472,0.04097
2364807050,5588968,1H,8,3,00:08:03.967,484.967522,97,43,756,494315,0,0,0,0,12.041594578792296,66.03751102542182,0.3208
2364807367,5588968,1H,11,11,00:11:11.202,672.202178,76,50,11,296888,0,0,0,0,33.12099032335839,27.193170815779677,0.008987
2364807368,5588968,1H,11,13,00:11:13.607,674.607648,85,40,11,446065,0,0,0,0,20.8806130178211,45.40066325579215,0.2738
2364807371,5588968,1H,11,44,00:11:44.485,705.485103,89,59,11,728551,1,0,0,0,29.68164415931166,19.79887635452493,0.045
2364807393,5588968,1H,15,7,00:15:07.328,908.328396,91,53,11,728551,0,0,0,0,23.600847442411894,27.897271030947625,0.09151
2364807219,5588968,1H,18,39,00:18:39.243,1120.243525,82,47,756,536142,0,0,0,0,26.419689627245813,33.86116303685892,0.04313
2364807225,5588968,1H,18,42,00:18:42.623,1123.623313,82,51,756,536142,0,0,0,0,28.600699292150182,29.324523618973735,0.03389
2364807410,5588968,1H,19,27,00:19:27.042,1168.042245,77,47,11,522407,0,0,0,0,30.870698080866262,30.027124233213083,0.004748
2364807421,5588968,1H,20,16,00:20:16.486,1217.486466,85,66,11,595191,0,0,0,0,37.73592452822641,15.005741057058774,0.08512
2364807531,5588968,1H,25,44,00:25:44.995,1545.995206,90,33,11,475601,0,0,0,0,15.033296378372908,61.76255446183274,0.1196
2364807579,5588968,1H,28,54,00:28:54.661,1735.661917,79,59,11,289122,0,0,1,0,36.069377593742864,20.987141122342546,0.1317
2364807669,5588968,1H,32,30,00:32:30.220,1951.220385,94,33,11,522407,0,0,0,0,11.045361017187261,78.30106239119735,0.1071
2364807753,5588968,1H,37,37,00:37:37.382,2258.382187,80,63,11,595191,0,0,0,0,38.28837943815329,17.999484399432912,0.02791
2364807566,5588968,1H,38,22,00:38:22.509,2303.50914,82,71,756,532831,0,0,0,0,43.56604182158393,12.835609486401433,0.01741
2364807967,5588968,2H,48,53,00:48:53.324,3097.32475,90,47,11,267,0,0,0,0,19.849433241279208,40.78170584465348,0.3225
2364808014,5588968,2H,53,16,00:53:16.906,3360.906006,77,42,11,522407,0,0,0,0,29.120439557122072,33.30914018326466,0.004229
2364808253,5588968,2H,68,9,01:08:09.324,4253.324319,96,47,11,267,0,0,0,0,15.811388300841896,43.78848736820945,0.5983
2364808560,5588968,2H,81,59,01:21:59.438,5083.438085,80,70,11,446065,0,0,0,0,43.829214001622255,13.742797739157055,0.02168
2364808562,5588968,2H,82,52,01:22:52.107,5136.107107,82,64,11,595191,0,0,0,0,37.8021163428716,17.072856302565697,0.06449
2364808503,5588968,2H,88,3,01:28:03.120,5447.120997,87,36,11,631024,0,0,0,0,18.110770276274835,52.68007112197176,0.1071
2364808512,5588968,2H,89,38,01:29:38.491,5542.491818,86,38,11,550283,0,0,0,0,19.4164878389476,49.1239075603156,0.05424
2364808543,5588968,2H,92,57,01:32:57.231,5741.231096,90,62,11,595191,0,0,0,0,31.76476034853718,16.22226362983286,0.1659
2364808563,5588968,2H,93,24,01:33:24.885,5768.885911,78,52,11,550283,0,0,0,0,32.449961479175904,26.56505117707799,0.06003
2364808555,5588968,2H,93,56,01:33:56.095,5800.095881,87,55,11,631024,0,0,0,0,27.65863337187866,25.346175941946697,0.1513
2477986186,5589334,1H,16,59,00:16:59.456,1020.456677,89,68,678,247141,0,0,0,0,37.57658845611187,12.209360237388847,0.03727
2477986267,5589334,1H,20,49,00:20:49.007,1250.007051,85,58,678,712692,0,0,0,0,31.240998703626616,21.91169958980961,0.1308
2477986304,5589334,1H,22,24,00:22:24.127,1345.127587,86,34,678,654823,0,0,0,0,19.0,50.69235188389338,0.1208
2477986417,5589334,1H,28,32,00:28:32.924,1713.924808,81,29,678,4452,0,0,0,0,24.515301344262525,39.71875937155488,0.002036
2477986514,5589334,1H,32,49,00:32:49.973,1970.973436,73,28,678,4452,0,0,0,0,32.55764119219941,30.470659928999755,0.03004
2477986782,5589334,1H,33,41,00:33:41.527,2022.52704,84,50,678,712692,0,0,0,0,26.40075756488817,31.53479190518829,0.1863
2477986806,5589334,1H,38,37,00:38:37.232,2318.232428,96,62,3158,20404,0,0,0,0,29.410882339705484,11.674868809750862,0.08829
2477986619,5589334,1H,39,59,00:39:59.242,2400.242751,87,33,678,712692,0,0,0,0,18.027756377319946,53.017093073655325,0.04365
2477986621,5589334,1H,40,2,00:40:02.637,2403.63771,92,48,678,654823,1,0,0,0,19.1049731745428,39.48659997133244,0.2083
2477986638,5589334,1H,40,50,00:40:50.063,2451.063585,96,66,678,855222,0,0,0,0,33.24154027718932,8.989865340536012,0.0623
2477986687,5589334,1H,43,20,00:43:20.516,2601.516125,73,27,678,549129,0,0,0,0,32.7566787083184,30.141385552075338,0.01768
2477986731,5589334,1H,44,19,00:44:19.436,2660.436709,86,63,678,3421,0,0,0,0,34.66987164671943,16.966148108536178,0.08747
2477986760,5589334,1H,46,7,00:46:07.483,2768.483239,78,53,678,712692,0,0,0,0,33.015148038438355,25.71848984634703,0.006764
2477986777,5589334,1H,47,18,00:47:18.324,2839.324103,93,63,678,654823,0,0,0,0,31.38470965295043,13.438188158350647,0.2085
2477986886,5589334,2H,47,32,00:47:32.915,3072.915127,93,60,678,247141,1,0,0,0,28.635642126552707,16.292948552141482,0.05357
2477987089,5589334,2H,53,26,00:53:26.095,3426.095181,79,50,678,344068,0,0,0,0,30.528675044947494,28.80820912643236,0.06588
2477986977,5589334,2H,54,14,00:54:14.234,3474.234608,75,53,3158,630686,0,0,0,0,35.510561809129406,24.590117166196016,0.005261
2477987078,5589334,2H,55,43,00:55:43.951,3563.951449,79,42,678,339791,0,0,0,0,27.202941017470888,35.38110982115855,0.01172
2477987228,5589334,2H,61,29,01:01:29.568,3909.568758,89,29,3158,332892,0,0,0,0,16.76305461424021,55.22216863363612,0.1294
2477986985,5589334,2H,62,47,01:02:47.991,3987.991275,88,45,678,339791,0,0,0,0,20.248456731316587,42.92562661914572,0.3582
2477987009,5589334,2H,63,50,01:03:50.126,4050.126806,86,48,678,938660,0,0,0,0,23.600847442411894,35.696769194534774,0.0746
2477987174,5589334,2H,66,42,01:06:42.104,4222.104814,82,55,678,938660,0,0,0,0,31.144823004794873,24.971008861920826,0.03239
2477987183,5589334,2H,67,6,01:07:06.976,4246.976091,93,49,678,4452,1,0,0,0,19.209372712298546,36.86989764584401,0.206
2477987394,5589334,2H,81,45,01:21:45.289,5125.289024,93,49,678,654823,0,0,0,0,19.209372712298546,36.86989764584401,0.2946
2477987647,5589334,2H,89,36,01:29:36.904,5596.90403,87,29,3158,20418,0,0,0,0,18.681541692269406,50.40379136024971,0.002297
2431221506,5589035,1H,4,28,00:04:28.596,269.596625,91,47,756,363717,1,0,0,0,19.1049731745428,41.583411808228654,0.1063
2431221523,5589035,1H,10,21,00:10:21.717,622.717972,69,24,3157,257028,0,0,0,0,37.36308338453881,26.23295611305867,0.002161
2431221528,5589035,1H,10,28,00:10:28.307,629.307016,89,61,3157,399654,0,0,0,0,31.38470965295043,17.67105036199202,0.204
2431221553,5589035,1H,12,5,00:12:05.731,726.731605,65,38,3157,544643,0,0,0,0,40.19950248448356,25.12917795481518,0.02677
2431221678,5589035,1H,19,18,00:19:18.934,1159.934375,94,65,3157,3324,0,0,0,0,32.89376840679705,11.188799928251806,0.09784
2431221710,5589035,1H,23,20,00:23:20.672,1401.672179,88,42,3157,344132,0,0,0,0,18.788294228055936,48.3664606634298,0.2286
2431221854,5589035,1H,28,39,00:28:39.148,1720.148509,80,68,3157,545296,0,0,0,0,42.20189569201838,14.826479970355672,0.02647
2431221947,5589035,1H,30,19,00:30:19.784,1820.784902,93,41,756,285743,0,0,0,0,13.892443989449804,62.59242456218159,0.2603
2431221892,5589035,1H,30,36,00:30:36.105,1837.105614,74,24,3157,399654,0,0,0,0,32.57299494980466,29.6566564532096,0.0292
2431221995,5589035,1H,32,52,00:32:52.958,1973.958651,88,57,756,258022,0,0,0,0,28.600699292150182,22.548065763176027,0.2464
2431221950,5589035,1H,35,5,00:35:05.896,2106.896225,87,62,3157,3324,0,0,0,0,33.28663395418648,17.509546811150354,0.04317
2431221968,5589035,1H,35,36,00:35:36.055,2137.055349,84,60,3157,545296,0,0,0,0,33.421549934136806,20.045249425421005,0.05101
2431221986,5589035,1H,36,16,00:36:16.857,2177.857893,77,62,3157,257028,0,0,0,0,39.59797974644666,18.723444771060297,0.00712
2431222000,5589035,1H,36,43,00:36:43.268,2204.268226,92,40,3157,399654,0,0,0,0,14.317821063276353,62.08023357189139,0.2389
2431222159,5589035,1H,42,5,00:42:05.400,2526.40063,74,55,756,636122,0,0,0,0,37.44329045369811,22.899549237436148,0.004086
2431222174,5589035,1H,48,36,00:48:36.110,2917.110429,86,28,3157,3324,0,0,0,0,19.924858845171276,47.26278980713946,0.03882
2431222282,5589035,1H,49,39,00:49:39.699,2980.699869,88,56,756,363717,0,0,0,0,27.80287754891569,23.8548480769034,0.1888
2431222211,5589035,2H,45,36,00:45:36.199,3110.199135,88,31,3157,399654,0,0,0,0,17.26267650163207,54.65762779636891,0.1159
2431222331,5589035,2H,46,52,00:46:52.654,3186.654757,76,50,756,258022,0,0,0,0,33.12099032335839,27.193170815779677,0.04341
2431222372,5589035,2H,50,10,00:50:10.412,3384.412984,76,57,3157,525236,0,0,0,0,37.013511046643494,22.046229059872513,0.0163
2431222474,5589035,2H,52,57,00:52:57.426,3551.426918,88,55,756,258022,0,0,0,0,27.018512172212592,25.24362477224919,0.2603
2431222486,5589035,2H,53,37,00:53:37.611,3591.611507,96,52,756,363717,1,0,0,0,20.12461179749811,26.565051177077994,0.2541
2431222409,5589035,2H,55,4,00:55:04.409,3678.409049,94,33,3157,344132,0,0,0,0,11.045361017187261,78.30106239119735,0.1416
2431222625,5589035,2H,60,58,01:00:58.588,4032.588161,72,29,756,363717,0,0,0,0,33.37663853655727,29.899943921105322,0.01259
2431222517,5589035,2H,64,22,01:04:22.975,4236.975042,78,50,3157,399654,0,0,0,0,31.38470965295043,28.262946757694074,0.06997
2431222626,5589035,2H,69,55,01:09:55.629,4569.629568,87,62,3157,343951,0,0,0,0,33.28663395418648,17.509546811150354,0.1163
2431223024,5589035,2H,90,37,01:30:37.874,5811.874148,68,53,756,708179,0,0,0,0,41.593268686170845,21.992853374959708,0.001216
2431223057,5589035,2H,93,42,01:33:42.606,5996.606157,89,43,756,477211,1,1,0,1,18.35755975068582,48.366460663429805,0.05502
2454491389,5589071,1H,3,4,00:03:04.497,185.497963,97,41,2444,134397,1,0,0,0,10.63014581273465,77.47119229084849,0.3033
2454491278,5589071,1H,6,17,00:06:17.681,378.681951,87,33,8508,61965,0,0,0,0,18.027756377319946,53.017093073655325,0.1102
2454491532,5589071,1H,8,48,00:08:48.007,529.007126,94,75,2444,8717,0,0,0,0,42.44997055358225,6.562989281085794,0.01363
2454491432,5589071,1H,15,28,00:15:28.318,929.318144,92,63,8508,448274,0,0,0,0,31.78049716414141,14.137780186087358,0.2258
2454491472,5589071,1H,17,13,00:17:13.865,1034.865737,81,46,8508,419853,0,0,0,0,26.832815729997478,34.060908816807846,0.09962
2454491804,5589071,1H,21,45,00:21:45.682,1306.682288,86,72,2444,8717,0,0,0,1,42.485291572496,11.220427870059998,0.05626
2454491957,5589071,1H,29,59,00:29:59.762,1800.76238,86,62,2444,134397,0,0,0,0,33.83784863137726,17.818888914522777,0.1005
2454491988,5589071,1H,30,47,00:30:47.764,1848.764592,73,29,2444,569593,0,0,0,0,32.38826948140329,30.754394079558615,0.02508
2454492070,5589071,1H,37,2,00:37:02.946,2223.946107,86,56,2444,224593,0,0,0,0,29.068883707497267,24.115388556950947,0.1426
2454492244,5589071,1H,44,4,00:44:04.508,2645.50882,88,48,2444,8717,0,0,0,0,22.02271554554524,37.14122527591335,0.1956
2454492264,5589071,1H,44,23,00:44:23.191,2664.191104,79,70,2444,557016,0,0,0,0,44.40720662234904,13.900708385730224,0.03388
2454492377,5589071,2H,46,24,00:46:24.073,2792.073958,86,31,2444,134387,0,0,0,1,19.235384061671343,49.8012126883005,0.1725
2454492454,5589071,2H,48,46,00:48:46.737,2934.73736,79,67,2444,557016,0,0,0,0,42.01190307520001,15.53112995782574,0.000289
2454492582,5589071,2H,54,54,00:54:54.847,3302.847064,92,66,2444,517581,0,1,0,0,34.539832078341085,11.883464441064152,0.01731
2454492639,5589071,2H,58,47,00:58:47.742,3535.742376,80,34,2444,569593,0,0,0,0,25.0,39.597752709049864,0.05501
2454492701,5589071,2H,62,6,01:02:06.229,3734.229333,90,69,2444,557016,0,1,0,0,38.07886552931954,11.156929350609259,0.1125
2454492326,5589071,2H,62,43,01:02:43.501,3771.501158,91,54,8508,448274,0,0,0,0,24.413111231467404,26.07344578829223,0.3617
2454492751,5589071,2H,67,0,01:07:00.147,4028.147282,79,33,2444,231139,0,1,0,0,26.019223662515376,38.14023999447419,0.03718
2454492372,5589071,2H,69,47,01:09:47.599,4195.59907,90,46,8508,419853,1,1,0,1,19.209372712298546,43.15238973400541,0.2128
2454492819,5589071,2H,73,9,01:13:09.759,4397.759537,89,44,2444,134387,1,0,0,0,18.867962264113206,46.322758078790415,0.09627
2454492837,5589071,2H,75,22,01:15:22.764,4530.76496,80,30,2444,569593,0,0,0,0,25.317977802344327,38.784364100297346,0.01394
2454492853,5589071,2H,75,49,01:15:49.975,4557.97527,85,47,2444,245364,0,0,0,0,23.853720883753127,36.41637851988605,0.1453
2454492867,5589071,2H,78,11,01:18:11.373,4699.373663,78,56,2444,224593,0,0,1,0,34.828149534535996,23.235232448226295,0.1221
2454492906,5589071,2H,83,41,01:23:41.779,5029.779163,72,55,2444,425788,0,0,0,0,39.11521443121589,22.290582484193756,0.001686
2454492944,5589071,2H,86,40,01:26:40.883,5208.883064,91,55,2444,517581,1,0,0,0,25.238858928247925,24.38181187689552,0.1178
2454492992,5589071,2H,90,12,01:30:12.396,5420.396647,70,32,2444,224593,0,0,0,0,35.05709628591621,28.757120897302418,0.01849
2454493035,5589071,2H,92,49,01:32:49.796,5577.796713,86,32,2444,231139,0,0,0,0,19.1049731745428,50.29344225303053,0.03832
2454493045,5589071,2H,93,14,01:33:14.305,5602.30523,93,50,2444,134387,1,0,0,0,20.0,34.10255701216545,0.2628
2454493046,5589071,2H,93,16,01:33:16.028,5604.028853,96,46,2444,425788,0,0,0,0,15.0,48.366460663429805,0.8081
2375682283,5588980,1H,30,5,00:30:05.348,1806.348554,89,72,2444,282804,0,0,0,0,41.23105625617661,10.086696608258054,0.03947
2375682313,5588980,1H,31,24,00:31:24.256,1885.256805,75,58,2444,8717,0,0,0,0,38.41874542459709,21.16125981682828,0.05134
2375682322,5588980,1H,31,58,00:31:58.842,1919.842534,75,68,2444,557016,0,0,0,0,45.34313619501854,15.291933291810096,0.006333
2375682352,5588980,1H,32,50,00:32:50.469,1971.469316,88,56,2444,8717,0,0,0,0,27.80287754891569,23.8548480769034,0.2757
2375682442,5588980,1H,38,2,00:38:02.374,2283.374873,87,44,2444,569593,0,0,0,0,20.591260281974,43.36832757911374,0.1599
2375682443,5588980,1H,38,4,00:38:04.214,2285.21429,88,58,2444,134397,0,0,0,0,29.410882339705484,21.32100600005428,0.3578
2375682444,5588980,1H,38,7,00:38:07.508,2288.50828,89,45,2444,255430,0,0,0,0,19.4164878389476,44.21517539700811,0.5424
2375682547,5588980,1H,44,23,00:44:23.510,2664.510744,82,34,2444,569593,0,0,0,0,23.0,42.74124453868637,0.07644
2375683394,5588980,1H,45,31,00:45:31.035,2732.035408,88,47,2444,8717,1,0,0,0,21.400934559032695,39.06523961812362,0.06688
2375682681,5588980,2H,53,28,00:53:28.134,3419.134833,90,27,2444,8717,0,0,0,0,16.55294535724685,54.442253634586045,0.07014
2375683397,5588980,2H,57,17,00:57:17.531,3648.531517,81,47,2444,255430,0,0,0,0,27.294688127912362,33.04812486997523,0.06889
2375682845,5588980,2H,58,14,00:58:14.040,3705.040095,80,57,2444,224593,0,0,0,0,33.97057550292606,22.75244122094837,0.004727
2375682856,5588980,2H,58,17,00:58:17.366,3708.366196,95,69,2444,282804,0,0,0,0,36.40054944640259,8.233244960135059,0.1242
2375682863,5588980,2H,58,54,00:58:54.318,3745.318427,90,71,2444,245364,0,0,0,0,39.92492955535426,10.118118173759981,0.07379
2375682929,5588980,2H,63,49,01:03:49.407,4040.407061,73,54,2444,245364,0,0,0,0,37.73592452822641,23.214035507302224,0.06275
2375683034,5588980,2H,67,2,01:07:02.767,4233.767184,94,54,2444,569593,1,0,0,0,22.825424421026653,24.22774531795417,0.3071
2375683093,5588980,2H,73,54,01:13:54.279,4645.27987,80,30,2444,231139,0,0,0,0,25.317977802344327,38.784364100297346,0.04625
2375683118,5588980,2H,75,24,01:15:24.853,4735.853638,93,34,2444,569593,0,0,0,0,12.0,73.73979529168804,0.1065
2375683213,5588980,2H,81,18,01:21:18.937,5089.937046,72,48,2444,8717,0,0,0,0,35.84689665786984,26.25968016043807,0.05999
2375683230,5588980,2H,82,30,01:22:30.133,5161.133852,80,48,2444,224593,0,0,0,0,28.653097563788805,31.304123495590975,0.07262
2375683314,5588980,2H,89,2,01:29:02.559,5553.559015,77,28,2444,8717,0,0,0,0,28.635642126552707,34.29409367624458,0.0008916
2305486055,5588926,1H,1,35,00:01:35.093,96.093871,79,33,9607,474772,0,0,0,0,26.019223662515376,38.14023999447419,0.04796
2305486143,5588926,1H,7,22,00:07:22.680,443.680113,86,49,9607,494246,0,0,0,0,24.20743687382041,34.10694624141559,0.006653
2305486175,5588926,1H,8,38,00:08:38.477,519.477171,100,47,9607,474772,0,0,0,0,13.92838827718412,38.53592568062316,0.6312
2305485954,5588926,1H,11,36,00:11:36.938,697.938529,95,68,17090,254493,0,0,0,0,35.4400902933387,8.709516422004977,0.06187
2305486032,5588926,1H,17,24,00:17:24.570,1045.570187,77,55,17090,437326,0,0,0,0,35.0,23.77634349723379,0.09597
2305486708,5588926,1H,20,5,00:20:05.961,1206.961018,95,74,9607,347282,0,0,0,0,41.23105625617661,6.344075942196622,0.06328
2305486247,5588926,1H,39,36,00:39:36.111,2377.111467,72,52,17090,228932,0,0,0,0,37.589892258425,24.034288159442582,0.0176
2305486305,5588926,1H,45,23,00:45:23.002,2724.002266,82,41,17090,345819,0,0,0,0,24.041630560342615,39.794229885067104,0.02089
2305486308,5588926,1H,45,33,00:45:33.894,2734.894461,77,68,17090,359545,0,0,0,0,44.04543109109048,15.169022473340457,0.006109
2305486341,5588926,2H,46,5,00:46:05.594,2948.594193,90,43,17090,239756,1,0,0,0,17.4928556845359,50.19442890773481,0.1051
2305486374,5588926,2H,49,5,00:49:05.297,3128.29766,89,70,17090,437326,0,0,0,0,39.395431207184416,11.077542126642676,0.05509
2305486438,5588926,2H,54,43,00:54:43.830,3466.830495,73,58,17090,359545,0,0,0,0,40.0,20.766569110437576,0.00798
2305486481,5588926,2H,59,30,00:59:30.634,3753.634487,70,47,17090,657014,0,0,0,0,37.33630940518894,25.632493389625353,0.005909
2305487298,5588926,2H,71,0,01:11:00.288,4443.288672,88,62,9607,474772,0,0,0,0,32.7566787083184,17.14330670979871,0.01208
2305487450,5588926,2H,78,6,01:18:06.252,4869.25252,82,28,17090,228932,0,1,0,0,23.769728648009426,40.542749931544535,0.003206
2305486822,5588926,2H,80,30,01:20:30.934,5013.934482,77,57,17090,582188,0,0,0,0,36.235341863986875,22.24902365721237,0.01314
2305487379,5588926,2H,82,52,01:22:52.803,5155.803845,79,27,9607,3314,0,0,0,0,26.92582403567252,36.006207601244434,0.02871
2305487388,5588926,2H,84,49,01:24:49.845,5272.845964,85,69,9607,347282,0,1,0,1,40.311288741492746,13.124637248410952,0.002269
2305486916,5588926,2H,85,20,01:25:20.193,5303.193667,89,45,17090,507602,0,0,0,0,19.4164878389476,44.21517539700811,0.2916
2305486959,5588926,2H,88,27,01:28:27.781,5490.78186,72,56,17090,425893,0,0,0,0,39.66106403010388,21.708655067706026,0.006987
2305487416,5588926,2H,90,11,01:30:11.760,5594.760309,88,75,9607,614755,0,1,0,0,44.384682042344295,9.20144116603461,0.02494
2430230617,5589280,1H,22,26,00:22:26.915,1348.915621,87,26,10183,331487,0,0,0,0,19.697715603592208,46.543253078247524,0.04285
2430229673,5589280,1H,25,35,00:25:35.835,1537.83504,81,59,2462,512475,0,0,0,0,34.655446902326915,21.0923395058275,0.006296
2430229737,5589280,1H,35,5,00:35:05.163,2107.16383,94,70,2462,400352,0,0,0,0,37.64306044943742,8.43007751645989,0.1011
2462401356,5589316,1H,4,2,00:04:02.415,243.415133,88,62,10,624530,0,1,0,1,32.7566787083184,17.14330670979871,0.1936
2462401373,5589316,1H,4,32,00:04:32.423,273.423008,91,33,10,580418,0,0,0,0,14.035668847618199,65.2825590889166,0.1218
2462401503,5589316,1H,12,15,00:12:15.410,736.410599,79,61,4492,403273,0,0,0,0,37.48332962798263,19.46719351448774,0.007143
2462401506,5589316,1H,12,32,00:12:32.078,753.078259,87,38,10,543203,0,0,0,0,18.439088914585774,51.36176395103255,0.09513
2462401507,5589316,1H,12,34,00:12:34.036,755.036774,97,60,10,624530,0,0,0,0,27.202941017470888,12.326122085862604,0.3749
2462401669,5589316,1H,12,38,00:12:38.210,759.21012,88,55,10,447966,0,0,0,0,27.018512172212592,25.24362477224919,0.2523
2462401559,5589316,1H,14,48,00:14:48.716,889.716264,76,60,4492,531516,0,0,0,0,38.948684188300895,19.97669903148685,0.03076
2462401589,5589316,1H,15,52,00:15:52.870,953.870628,77,42,4492,282221,0,0,0,0,29.120439557122072,33.30914018326466,0.04927
2462401597,5589316,1H,16,19,00:16:19.564,980.564946,90,48,4492,403273,0,0,0,0,20.518284528683193,38.453709216705974,0.2414
2462401659,5589316,1H,19,40,00:19:40.105,1181.105793,92,58,4492,403273,1,0,0,0,27.294688127912362,19.412948895977213,0.1409
2462401766,5589316,1H,22,19,00:22:19.167,1340.167645,87,51,10,543203,0,0,0,0,24.758836806279895,31.342357494187848,0.2078
2462401877,5589316,1H,24,12,00:24:12.878,1453.878585,75,43,10,678015,0,0,0,0,31.32091952673165,30.96375653207352,0.02913
2462401884,5589316,1H,24,56,00:24:56.074,1497.074792,76,55,10,447966,0,0,0,0,35.805027579936315,23.491587533976052,0.01298
2462401891,5589316,1H,25,2,00:25:02.888,1503.888157,87,55,10,624530,0,0,0,0,27.65863337187866,25.346175941946697,0.07825
2462401894,5589316,1H,25,4,00:25:04.537,1505.537258,76,54,10,447966,0,0,0,0,35.22782990761707,24.22774531795417,0.08604
2462401898,5589316,1H,25,41,00:25:41.474,1542.474316,83,46,10,508557,0,0,0,0,25.059928172283335,35.902614127705036,0.09799
2462401938,5589316,1H,26,58,00:26:58.367,1619.367637,96,34,10,605827,0,0,0,0,9.0,90.0,0.03229
2462401806,5589316,1H,28,10,00:28:10.205,1691.205702,84,69,4492,531516,0,0,0,0,40.8166632639171,13.413673165258052,0.01273
2462401978,5589316,1H,28,53,00:28:53.787,1734.78758,92,42,10,543203,0,0,0,0,15.264337522473747,56.993348723586976,0.1994
2462402014,5589316,1H,30,57,00:30:57.591,1858.591553,89,34,10,624530,0,0,0,0,16.0,58.71550708558255,0.1244
2462401937,5589316,1H,35,5,00:35:05.169,2106.169156,78,49,4492,512479,0,0,0,0,30.886890422961002,29.10473162741869,0.03441
2462402152,5589316,1H,38,11,00:38:11.022,2292.022031,89,73,10,624530,0,0,0,0,42.15447781671598,9.637538112930946,0.08379
2462402211,5589316,1H,42,0,00:42:00.505,2521.505071,92,53,10,658710,0,0,0,0,23.021728866442675,27.526639163077324,0.2448
2462402175,5589316,1H,46,55,00:46:55.939,2816.939874,90,54,4492,403273,1,0,0,0,25.0,26.396286482485337,0.1176
2462402237,5589316,2H,45,50,00:45:50.691,2936.691906,77,44,4492,512479,0,0,0,0,29.732137494637012,32.114286056782205,0.05253
2462402331,5589316,2H,49,46,00:49:46.906,3172.906979,86,42,4492,531516,0,1,0,0,20.615528128088304,44.83295738431911,0.3118
2462402337,5589316,2H,50,24,00:50:24.452,3210.452659,95,54,4492,403273,1,0,0,0,22.360679774997898,23.248082968525054,0.2559
2462402380,5589316,2H,53,28,00:53:28.340,3394.340253,89,52,4492,403273,1,0,0,0,24.08318915758459,29.99157850015586,0.09703
2462402510,5589316,2H,54,21,00:54:21.122,3447.122336,77,70,10,644999,0,0,0,0,45.60701700396552,14.150834874164266,0.02852
2462402448,5589316,2H,55,54,00:55:54.217,3540.217398,86,52,4492,403273,0,1,0,1,26.1725046566048,29.51963100113768,0.2122
2462402595,5589316,2H,62,17,01:02:17.187,3923.18794,87,64,10,781988,0,0,0,0,34.9857113690718,15.826154076172545,0.03652
2462402635,5589316,2H,62,53,01:02:53.280,3959.2808,89,51,10,543203,0,0,0,0,23.345235059857504,31.827446576673108,0.3055
2462402729,5589316,2H,68,36,01:08:36.283,4302.283751,95,29,10,624530,0,0,0,0,11.180339887498949,76.26373169437744,0.01442
2462402672,5589316,2H,69,16,01:09:16.553,4342.553423,86,53,4492,282221,0,0,0,0,26.870057685088806,28.081764853270542,0.1518
2462402686,5589316,2H,70,15,01:10:15.678,4401.67839,90,55,4492,512479,1,0,0,0,25.80697580112788,24.77514056883192,0.1212
2462402780,5589316,2H,76,19,01:16:19.473,4765.473833,88,47,4492,531516,1,0,0,0,21.400934559032695,39.06523961812362,0.09503
2462402811,5589316,2H,77,48,01:17:48.349,4854.349348,86,31,4492,531516,0,0,0,0,19.235384061671343,49.8012126883005,0.06785
2462402867,5589316,2H,81,23,01:21:23.368,5069.368278,82,52,10,644999,0,0,0,0,29.206163733020468,28.203298990557677,0.04739
2462402884,5589316,2H,82,2,01:22:02.217,5108.217192,90,31,10,624530,0,0,0,0,15.297058540778355,60.4612177404419,0.09142
2462402896,5589316,2H,82,26,01:22:26.028,5132.02869,84,39,10,781988,0,0,0,0,21.587033144922902,44.474365393542385,0.009065
2462402913,5589316,2H,83,7,01:23:07.419,5173.419278,94,53,10,508557,1,0,0,0,21.95449840010015,26.278574666800914,0.2086
2462403029,5589316,2H,89,57,01:29:57.054,5583.054726,70,46,10,563560,0,0,0,0,37.0,26.06466407828576,0.01388
2462403032,5589316,2H,90,0,01:30:00.368,5586.368482,94,54,10,541608,0,0,0,0,22.825424421026653,24.22774531795417,0.6746
2453443165,5590050,1H,5,0,00:05:00.476,301.476855,82,61,7452,527103,0,0,0,0,35.4682957019364,19.378900333601408,0.007517
2453443222,5590050,1H,7,23,00:07:23.850,444.850856,81,63,7452,338639,0,1,0,0,37.64306044943742,17.91878459315718,0.05272
2453443279,5590050,1H,9,50,00:09:50.548,591.548204,75,48,7452,527103,0,0,0,0,33.1058907144937,28.013857353335755,0.004061
2453443262,5590050,1H,16,2,00:16:02.288,963.28888,81,74,2658,221167,0,0,0,0,46.647615158762406,11.651381229886322,0.02113
2453443567,5590050,1H,20,17,00:20:17.670,1218.67057,90,59,7452,574320,1,0,0,0,29.154759474226502,19.34644621554769,0.05064
2453443570,5590050,1H,20,19,00:20:19.615,1220.615048,94,56,7452,338639,0,0,0,0,24.596747752497688,20.699703371145432,0.6898
2453443389,5590050,1H,22,30,00:22:30.485,1351.485685,91,55,2658,576144,0,0,0,0,25.238858928247925,24.38181187689552,0.2782
2453443620,5590050,1H,24,43,00:24:43.654,1484.6548,82,51,7452,679423,0,0,0,0,28.600699292150182,29.324523618973735,0.164
2453443661,5590050,1H,27,47,00:27:47.860,1668.860022,86,26,7452,837029,0,1,0,0,20.615528128088304,44.83295738431911,0.04588
2453443546,5590050,1H,31,42,00:31:42.750,1903.750491,80,26,2658,693580,0,0,0,0,26.248809496813376,36.50631217507593,0.003372
2453443787,5590050,1H,36,13,00:36:13.702,2174.702721,87,55,7452,51144,0,0,0,0,27.65863337187866,25.346175941946697,0.04769
2453443900,5590050,1H,41,6,00:41:06.465,2467.465645,91,60,7452,55990,1,0,0,0,29.5296461204668,17.671050361992013,0.07429
2453443805,5590050,1H,44,29,00:44:29.104,2670.104923,70,70,2658,221167,0,0,0,0,50.20956084253277,14.477395708794155,0.005532
2453443982,5590050,1H,45,28,00:45:28.306,2729.306364,91,53,7452,338639,0,0,0,0,23.600847442411894,27.897271030947625,0.4375
2453444036,5590050,2H,46,13,00:46:13.815,2868.815601,88,71,7452,574320,0,0,0,0,40.718546143004666,10.981172605460817,0.0503
2453443921,5590050,2H,48,34,00:48:34.562,3009.562858,91,50,2658,297256,0,0,0,0,21.2602916254693,34.186122486375034,0.2922
2453443985,5590050,2H,52,26,00:52:26.150,3241.15074,86,63,2658,391832,0,0,0,0,34.66987164671943,16.966148108536178,0.1646
2453444130,5590050,2H,58,18,00:58:18.172,3593.172509,97,51,2658,571832,1,0,0,0,18.788294228055936,27.89727103094763,0.5479
2453444277,5590050,2H,63,3,01:03:03.090,3878.09072,79,37,7452,338639,0,0,0,0,26.1725046566048,37.76975736074843,0.02113
2453444300,5590050,2H,66,39,01:06:39.528,4094.528501,84,55,2658,762366,0,0,0,0,29.698484809834994,25.263098504499116,0.1265
2453444508,5590050,2H,77,0,01:17:00.479,4715.47906,87,59,7452,593207,0,0,0,1,30.805843601498726,20.46918963248217,0.2951
2453444545,5590050,2H,84,20,01:24:20.540,5155.540758,87,46,2658,521145,0,0,0,0,21.633307652783937,39.93638314696992,0.1299
2453444578,5590050,2H,87,28,01:27:28.594,5343.594002,91,38,2658,567351,0,0,0,0,14.560219778561036,62.53272766139187,0.2103
2453444736,5590050,2H,93,49,01:33:49.086,5724.086708,69,41,7452,625186,0,0,0,0,36.6742416417845,27.142319094442417,0.001088
2438700399,5589277,1H,1,0,00:01:00.179,61.179849,90,56,12444,579614,0,0,0,0,26.627053911388696,23.264624805785594,0.1721
2438700521,5589277,1H,5,40,00:05:40.018,341.018697,89,35,11565,511261,0,1,0,1,16.0312195418814,58.57043438516149,0.2196
2438700535,5589277,1H,6,44,00:06:44.490,405.490965,97,56,11565,433693,1,0,0,0,23.40939982143925,17.13720814618302,0.2571
2438701097,5589277,1H,46,49,00:46:49.114,2810.114876,89,67,11565,511261,0,0,0,0,36.6742416417845,12.835609486401438,0.1291
2438701111,5589277,1H,48,26,00:48:26.091,2907.091427,91,61,11565,537093,0,0,0,0,30.4138126514911,16.624478143964964,0.1462
2438701113,5589277,1H,48,52,00:48:52.714,2933.714499,99,41,11565,537093,0,0,0,0,9.219544457292887,87.87890360333854,0.1435
2438701539,5589277,2H,47,41,00:47:41.396,3142.396495,72,47,12444,614125,0,0,0,0,35.4682957019364,26.778840406955105,0.001514
2438701254,5589277,2H,56,11,00:56:11.790,3652.790803,69,56,11565,444594,0,0,0,0,42.190046219457976,20.876892330388134,0.001345
2438701678,5589277,2H,59,53,00:59:53.388,3874.388351,95,58,12444,406081,0,0,0,0,26.0,16.83166875824151,0.1617
2438701717,5589277,2H,63,24,01:03:24.896,4085.896384,85,56,12444,579614,0,0,0,0,29.732137494637012,24.147590652790825,0.05336
2438701725,5589277,2H,64,43,01:04:43.987,4164.987613,95,31,12444,351860,0,0,0,0,10.44030650891055,81.15818543980834,0.04779
2438701385,5589277,2H,72,27,01:12:27.778,4628.778771,92,57,11565,433693,1,0,0,0,26.419689627245813,20.769455259586874,0.1933
2438701400,5589277,2H,77,23,01:17:23.403,4924.403539,75,47,11565,511261,0,0,0,0,32.69556544854363,28.659194368853345,0.08356
2438701454,5589277,2H,85,34,01:25:34.919,5415.919696,83,64,11565,84267,0,0,0,0,37.20215047547655,16.9047634506799,0.0361
2438701514,5589277,2H,94,26,01:34:26.169,5947.169728,85,73,11565,83616,0,0,0,0,43.829214001622255,11.070202577939357,0.01954
2439754622,5589299,1H,15,59,00:15:59.439,961.439038,93,47,5120,636202,1,0,0,0,17.69180601295413,42.95459151111278,0.1521
2439754634,5589299,1H,16,26,00:16:26.051,988.051188,87,61,5120,419737,0,0,0,0,32.449961479175904,18.434948822922006,0.1222
2439754594,5589299,1H,18,12,00:18:12.191,1094.191804,92,46,8509,300009,1,0,0,0,17.69180601295413,45.24590312327071,0.2395
2439754635,5589299,1H,20,0,00:20:00.057,1202.057122,95,58,8509,513804,1,0,0,0,26.0,16.83166875824151,0.1761
2439754708,5589299,1H,31,43,00:31:43.728,1905.728555,84,37,8509,728969,0,0,0,0,21.213203435596427,45.69027719786508,0.01314
2439754920,5589299,1H,42,29,00:42:29.299,2551.299177,78,34,8509,728969,0,0,0,0,27.0,36.86989764584402,0.002291
2439754940,5589299,1H,42,55,00:42:55.740,2577.740607,91,43,8509,300009,0,0,0,0,16.64331697709324,52.1250163489018,0.1941
2439755063,5589299,1H,45,57,00:45:57.163,2759.163846,88,51,5120,636202,1,0,0,0,24.041630560342615,31.620364695132185,0.04394
2439755087,5589299,1H,47,27,00:47:27.163,2849.163679,99,49,5120,833655,0,0,0,0,16.15549442140351,30.96375653207353,0.5941
2439755201,5589299,2H,48,9,00:48:09.167,3136.167389,87,59,5120,833655,0,1,0,1,30.805843601498726,20.46918963248217,0.419
2439755205,5589299,2H,48,14,00:48:14.582,3141.582607,92,59,5120,620734,0,0,0,0,28.178005607210743,18.169357141308335,0.408
2439755091,5589299,2H,52,51,00:52:51.295,3418.295073,86,59,8509,234357,0,0,0,0,31.400636936215164,20.701606407723293,0.134
2439755660,5589299,2H,54,17,00:54:17.579,3504.579513,89,57,8509,234357,0,0,0,0,28.0178514522438,22.24902365721236,0.3246
2439755161,5589299,2H,58,50,00:58:50.195,3777.195502,77,57,8509,234357,0,0,0,0,36.235341863986875,22.24902365721237,0.0576
2439755223,5589299,2H,64,23,01:04:23.414,4110.414386,82,41,8509,728969,0,0,0,0,24.041630560342615,39.794229885067104,0.05487
2439755232,5589299,2H,65,19,01:05:19.559,4166.559948,86,57,8509,578839,0,0,0,0,29.832867780352597,22.915925633349705,0.07956
2439755372,5589299,2H,71,36,01:11:36.373,4543.373181,79,39,8509,605991,0,0,0,0,26.476404589747453,37.04691802856159,0.05284
2439755665,5589299,2H,74,49,01:14:49.628,4736.628261,96,60,5120,445794,1,0,0,0,27.51363298439521,13.476497903436652,0.1178
2439755714,5589299,2H,80,50,01:20:50.745,5097.745991,72,35,5120,549496,0,0,0,0,33.015148038438355,30.485393627629822,0.03291
2439755728,5589299,2H,82,56,01:22:56.215,5223.215928,85,43,5120,419737,1,0,0,0,21.93171219946131,41.98721249581666,0.04712
2439755753,5589299,2H,89,29,01:29:29.021,5616.021276,90,48,5120,880706,0,0,0,0,20.518284528683193,38.453709216705974,0.3056
2439755784,5589299,2H,92,43,01:32:43.533,5810.533996,86,33,5120,445794,0,0,0,0,19.026297590440446,50.592194778977564,0.09029
2439755576,5589299,2H,93,39,01:33:39.080,5866.08066,88,54,8509,300009,0,1,0,1,26.248809496813376,26.715631065643755,0.2539
2310723182,5588914,1H,6,51,00:06:51.396,412.396894,75,67,11,470779,0,0,0,0,44.598206241955516,15.80251395393553,0.01316
2310723297,5588914,1H,10,4,00:10:04.554,605.554558,89,53,11,446065,0,0,0,0,24.839484696748443,28.24973549497429,0.1559
2310723337,5588914,1H,11,55,00:11:55.895,716.895271,77,64,11,470779,0,0,0,0,41.036569057366385,17.453694132293993,0.0101
2310723363,5588914,1H,14,20,00:14:20.523,861.523057,85,63,11,595191,0,0,0,0,35.22782990761707,17.241459398939977,0.0863
2310723460,5588914,1H,18,1,00:18:01.853,1082.853106,86,67,11,595191,0,0,0,0,38.07886552931954,14.026395448169028,0.05114
2310722836,5588914,1H,18,58,00:18:58.236,1139.23617,87,24,3159,759543,0,0,0,0,20.591260281974,43.36832757911374,0.01726
2310722850,5588914,1H,20,13,00:20:13.956,1214.956718,86,36,3159,759543,0,0,0,0,19.1049731745428,50.29344225303053,0.129
2310722875,5588914,1H,23,36,00:23:36.133,1417.133022,90,46,3159,471348,0,0,0,0,19.209372712298546,43.15238973400541,0.1076
2310722879,5588914,1H,23,52,00:23:52.370,1433.370865,92,37,3159,365444,0,0,0,0,13.341664064126334,67.4845305261934,0.1831
2310722893,5588914,1H,25,16,00:25:16.594,1517.594565,93,69,3159,444669,1,0,0,0,37.0,9.520021865774146,0.08574
2310722905,5588914,1H,26,24,00:26:24.387,1585.387486,92,48,3159,471348,0,0,0,0,19.1049731745428,39.48659997133244,0.3973
2310723755,5588914,1H,29,6,00:29:06.487,1747.487222,92,64,11,446065,0,0,0,0,32.69556544854363,13.32453126189078,0.08999
2310723823,5588914,1H,32,7,00:32:07.388,1928.388731,90,30,11,267,0,0,0,0,15.524174696260024,59.34933204294713,0.0677
2310722963,5588914,1H,33,5,00:33:05.420,1986.420855,87,38,3159,418950,0,0,0,0,18.439088914585774,51.36176395103255,0.04035
2310723157,5588914,1H,44,41,00:44:41.884,2682.884245,89,54,3159,365444,0,0,0,0,25.612496949731394,26.604895245420895,0.1252
2310723338,5588914,2H,51,38,00:51:38.096,3113.096122,91,55,3159,444669,0,0,0,1,25.238858928247925,24.38181187689552,0.319
2310723531,5588914,2H,64,59,01:04:59.581,3914.581818,80,65,3159,418950,0,0,0,0,39.824615503479755,16.646839572222838,0.06873
2310724253,5588914,2H,73,21,01:13:21.626,4416.62659,79,36,11,631024,0,0,0,0,26.076809620810597,38.00058859708199,0.01687
2310724377,5588914,2H,83,49,01:23:49.518,5044.518074,76,51,11,631024,0,0,0,0,33.61547262794322,26.455708219145624,0.04598
2310723680,5588914,2H,84,18,01:24:18.843,5073.843194,93,46,3159,418950,0,0,0,0,16.97056274847714,46.21887523513131,0.4882
2310723690,5588914,2H,85,50,01:25:50.950,5165.950476,86,48,3159,418950,0,0,0,0,23.600847442411894,35.696769194534774,0.1339
2310723749,5588914,2H,89,18,01:29:18.912,5373.912099,89,53,3159,443324,1,0,0,0,24.839484696748443,28.24973549497429,0.06806
2310724439,5588914,2H,92,5,01:32:05.354,5540.354267,90,38,11,631024,0,0,0,0,15.524174696260024,59.34933204294713,0.1997
2310724443,5588914,2H,92,35,01:32:35.644,5570.644813,89,37,11,631024,0,0,0,0,16.278820596099706,57.425942865427494,0.206
2534130075,5589098,1H,3,17,00:03:17.334,198.33457,86,30,3767,286390,0,0,0,0,19.4164878389476,49.1239075603156,0.04882
2534130154,5589098,1H,10,38,00:10:38.919,639.919671,80,69,3767,758282,0,0,0,0,43.01162633521314,14.272246539919662,0.05062
2534130224,5589098,1H,13,23,00:13:23.257,804.257917,81,71,3767,396475,0,0,0,0,44.10215414239989,13.048483068286671,0.002757
2534130236,5589098,1H,13,29,00:13:29.514,810.514281,91,46,3767,40539,1,0,0,0,18.439088914585774,44.21517539700811,0.1793
2534130099,5589098,1H,23,49,00:23:49.899,1430.899468,87,54,1609,482177,1,0,0,0,26.90724809414742,26.742987808488376,0.07308
2534130462,5589098,1H,25,49,00:25:49.358,1550.358683,93,36,3767,475724,0,0,0,0,12.165525060596439,72.76688424153011,0.1617
2534130553,5589098,1H,30,34,00:30:34.888,1835.888845,87,37,3767,758282,0,0,0,0,18.24828759089466,52.1250163489018,0.1375
2534130399,5589098,1H,38,30,00:38:30.550,2311.550552,79,69,1609,520291,0,0,0,0,43.60045871318328,14.42077312751099,0.01867
2534130423,5589098,1H,39,24,00:39:24.425,2365.425953,95,51,1609,555939,0,0,0,0,19.72308292331602,30.302680720488098,0.5091
2534130434,5589098,1H,40,56,00:40:56.975,2457.97565,90,51,1609,134717,0,0,0,0,22.67156809750927,31.945873695297713,0.3606
2534130538,5589098,1H,44,58,00:44:58.979,2699.979921,90,31,1609,555939,0,0,0,1,15.297058540778355,60.4612177404419,0.1295
2534130595,5589098,2H,51,18,00:51:18.611,3143.611236,86,45,1609,134717,0,0,0,0,21.95449840010015,40.459794756891306,0.03473
2534130596,5589098,2H,51,22,00:51:22.658,3147.658338,73,44,1609,482177,0,0,0,0,33.52610922848042,28.909811942568346,0.01898
2534130655,5589098,2H,55,15,00:55:15.020,3380.020493,90,37,1609,134717,0,0,0,0,15.297058540778355,60.4612177404419,0.1841
2534131280,5589098,2H,73,34,01:13:34.546,4479.54697,64,32,3767,475724,0,0,0,0,41.048751503547585,24.707147191517468,0.007594
2534131302,5589098,2H,77,15,01:17:15.914,4700.914048,80,52,3767,752489,0,0,0,0,30.805843601498726,27.403721807240874,0.006614
2534131322,5589098,2H,79,12,01:19:12.081,4817.08116,86,37,3767,475724,0,0,0,0,19.235384061671343,49.8012126883005,0.1572
2534131369,5589098,2H,83,17,01:23:17.143,5062.143496,89,67,3767,631400,0,0,0,0,36.6742416417845,12.835609486401438,0.03761
2534131377,5589098,2H,84,39,01:24:39.969,5144.969207,89,68,3767,548134,0,1,0,1,37.57658845611187,12.209360237388847,0.1187
2534131218,5589098,2H,92,12,01:32:12.249,5597.249573,87,34,1609,555939,0,0,0,0,18.0,53.13010235415598,0.006141
2476191979,5589082,1H,3,21,00:03:21.495,202.495567,75,51,3767,472577,0,0,0,0,34.48187929913333,25.982966041887572,0.007458
2476189797,5589082,1H,4,0,00:04:00.646,241.646753,90,62,1612,120353,0,0,0,0,31.76476034853718,16.22226362983286,0.08984
2476189813,5589082,1H,5,52,00:05:52.993,353.993803,86,56,1612,120353,0,0,0,0,29.068883707497267,24.115388556950947,0.184
2476189884,5589082,1H,9,49,00:09:49.167,590.167096,84,62,1612,476382,0,0,0,0,35.0,18.284566544850414,0.009096
2476189899,5589082,1H,11,29,00:11:29.014,690.014925,99,53,3767,286390,0,0,0,0,19.924858845171276,18.86899945506142,0.6345
2476189940,5589082,1H,13,48,00:13:48.351,829.351047,92,33,1612,431967,0,0,0,0,13.038404810405298,69.1760942750764,0.04419
2476189965,5589082,1H,15,16,00:15:16.759,917.759443,77,64,1612,393247,0,0,0,0,41.036569057366385,17.453694132293993,0.05958
2476189976,5589082,1H,16,24,00:16:24.489,985.489935,89,47,3767,631400,0,0,0,1,20.615528128088304,39.936383146969916,0.458
2476189992,5589082,1H,17,37,00:17:37.251,1058.251305,92,57,1612,345621,1,0,0,0,26.419689627245813,20.769455259586874,0.1015
2476190265,5589082,1H,32,3,00:32:03.780,1924.780396,78,63,1612,346101,0,0,0,0,39.6232255123179,18.07634878802778,0.007985
2476190284,5589082,1H,33,16,00:33:16.033,1997.033637,81,44,1612,345621,0,0,0,0,26.0,35.98154135447273,0.0935
2476190317,5589082,1H,34,32,00:34:32.108,2073.108362,86,41,3767,475724,0,0,0,0,20.248456731316587,46.109913503706764,0.1271
2476190395,5589082,1H,38,44,00:38:44.147,2325.147362,88,31,3767,475724,0,0,0,0,17.26267650163207,54.65762779636891,0.03335
2476190464,5589082,1H,40,37,00:40:37.115,2438.115027,86,75,3767,286390,0,0,0,0,45.18849411078001,9.892931538103182,0.0258
2476190592,5589082,2H,46,22,00:46:22.056,2856.056243,74,32,3767,396475,0,0,0,0,31.064449134018133,32.26101062355075,0.003614
2476190735,5589082,2H,54,36,00:54:36.163,3350.163205,70,49,1612,346101,0,0,0,0,38.07886552931954,24.71141075740201,0.01647
2476190764,5589082,2H,56,30,00:56:30.803,3464.803556,87,50,1612,476382,0,0,0,0,24.08318915758459,32.99560723843002,0.1459
2476190771,5589082,2H,57,16,00:57:16.457,3510.457192,93,55,1612,431967,1,0,0,0,24.186773244895647,23.198590513648185,0.182
2476190805,5589082,2H,60,22,01:00:22.970,3696.970023,88,38,1612,345621,0,0,0,0,17.46424919657298,53.794896965443336,0.026
2476190810,5589082,2H,61,16,01:01:16.051,3750.051789,92,69,1612,120353,0,0,0,0,37.33630940518894,10.105036365037957,0.08557
2476190979,5589082,2H,74,30,01:14:30.753,4544.753012,93,64,1612,622200,1,0,0,0,32.31098884280702,12.642152327889846,0.04898
2476191023,5589082,2H,78,27,01:18:27.130,4781.130233,93,61,1612,622200,1,0,0,0,29.546573405388315,15.255118703057777,0.108
2476191094,5589082,2H,85,9,01:25:09.217,5183.217464,87,65,1612,431967,0,0,0,0,35.84689665786984,15.061661544546185,0.06687
2476191260,5589082,2H,86,52,01:26:52.639,5286.639839,85,28,3767,475724,0,0,0,0,20.8806130178211,45.40066325579215,0.04897
2324213206,5588934,1H,3,13,00:03:13.342,194.342069,80,68,676,770398,0,0,0,0,42.20189569201838,14.826479970355672,0.04614
2324213276,5588934,1H,7,10,00:07:10.657,431.657644,97,49,676,14817,0,0,0,0,17.0,34.69515353123397,0.7007
2324213446,5588934,1H,13,16,00:13:16.438,797.438787,82,71,6408,685611,0,0,0,0,43.56604182158393,12.835609486401433,0.04422
2324213407,5588934,1H,16,35,00:16:35.759,996.759265,71,75,676,410062,0,0,0,0,53.2634959423431,12.520002456490985,0.0102
2324213572,5588934,1H,25,16,00:25:16.562,1517.562427,87,31,676,397303,0,0,0,0,18.24828759089466,52.1250163489018,0.03621
2324213717,5588934,1H,29,59,00:29:59.897,1800.897046,94,38,6408,559712,0,0,0,0,11.704699910719626,74.20759647114272,0.263
2324213684,5588934,1H,33,11,00:33:11.982,1992.982169,87,60,676,618294,0,0,0,0,31.622776601683793,19.420465484309247,0.08528
2324213686,5588934,1H,33,13,00:33:13.160,1994.160844,94,53,676,408307,0,0,0,0,21.95449840010015,26.278574666800914,0.5903
2324213706,5588934,1H,36,41,00:36:41.047,2202.04735,92,51,676,3671,1,0,0,0,21.400934559032695,31.827446576673108,0.1637
2324213739,5588934,1H,38,52,00:38:52.166,2333.16677,88,55,676,397303,0,0,0,0,27.018512172212592,25.24362477224919,0.2263
2324213764,5588934,1H,40,42,00:40:42.078,2443.078587,71,58,676,770398,0,0,0,0,41.617304093369626,20.33895908527556,0.02882
2324213842,5588934,1H,46,22,00:46:22.036,2783.03617,86,65,676,408307,0,0,0,0,36.359317925395686,15.407365765933115,0.00567
2324213943,5588934,2H,47,37,00:47:37.953,2985.953245,83,54,676,14817,0,0,0,0,29.732137494637012,26.250242369688888,0.01216
2324213981,5588934,2H,50,11,00:50:11.856,3139.856303,97,49,676,14817,1,0,0,0,17.0,34.69515353123397,0.3589
2324213998,5588934,2H,52,32,00:52:32.861,3280.86142,76,54,676,408307,0,0,0,0,35.22782990761707,24.22774531795417,0.01695
2324214732,5588934,2H,56,28,00:56:28.385,3516.385508,87,46,676,14817,0,0,0,0,21.633307652783937,39.93638314696992,0.2233
2324214125,5588934,2H,61,4,01:01:04.460,3792.460293,79,37,676,410062,0,0,0,0,26.1725046566048,37.76975736074843,0.001381
2324214295,5588934,2H,66,25,01:06:25.088,4113.08813,90,64,6408,685611,0,0,0,0,33.54101966249684,14.500166766552566,0.1541
2324214298,5588934,2H,66,27,01:06:27.325,4115.325688,91,32,6408,659540,0,0,0,0,14.142135623730951,64.72227776444704,0.2502
2324214244,5588934,2H,68,47,01:08:47.528,4255.528139,76,60,676,408307,0,0,0,0,38.948684188300895,19.97669903148685,0.002063
2324214331,5588934,2H,71,26,01:11:26.875,4414.875402,92,59,676,14817,0,0,0,0,28.178005607210743,18.169357141308335,0.3507
2324214645,5588934,2H,91,45,01:31:45.792,5633.792223,88,58,676,408307,0,0,0,0,29.410882339705484,21.32100600005428,0.2291
2324214721,5588934,2H,92,41,01:32:41.086,5689.086646,89,66,6408,341070,0,0,0,0,35.77708763999664,13.506576881495237,0.1692
2471766137,5590064,1H,3,30,00:03:30.449,211.449595,87,63,9617,472674,0,0,0,0,34.132096331752024,16.641036553869966,0.005877
2471765344,5590064,1H,7,14,00:07:14.562,435.562934,93,49,684,3335,1,0,0,0,19.209372712298546,36.86989764584401,0.1451
2471765478,5590064,1H,21,48,00:21:48.273,1309.273449,93,52,684,25472,1,0,0,0,21.633307652783937,29.1676133795778,0.2174
2471766477,5590064,1H,34,44,00:34:44.680,2085.680791,87,29,9617,405925,0,0,0,0,18.681541692269406,50.40379136024971,0.01232
2471766499,5590064,1H,36,33,00:36:33.476,2194.476787,92,49,9617,564862,0,0,0,1,19.849433241279208,36.781930806804745,0.2535
2324007314,5588947,1H,7,44,00:07:44.287,465.287247,78,68,3166,373768,0,0,0,0,43.41658669218482,15.077599721378288,0.0111
2324007518,5588947,1H,10,24,00:10:24.761,625.761806,96,45,1612,481911,0,0,0,0,14.212670403551895,53.24344697289432,0.5378
2324007671,5588947,1H,18,25,00:18:25.608,1106.60809,90,61,1612,476382,0,0,0,0,30.886890422961002,17.185706144224763,0.05265
2324007502,5588947,1H,20,33,00:20:33.634,1234.634404,78,55,3166,352096,0,0,0,0,34.20526275297414,24.050298529605154,0.01363
2324007751,5588947,1H,22,24,00:22:24.118,1345.118824,89,30,1612,543978,0,1,0,1,16.492422502470642,56.44788352249083,0.1635
2324007783,5588947,1H,24,29,00:24:29.518,1470.518203,96,66,1612,120353,0,0,0,0,33.24154027718932,8.989865340536012,0.03734
2324007654,5588947,1H,27,52,00:27:52.750,1673.750125,85,29,3166,541676,0,0,0,0,20.615528128088304,46.30195267257888,0.05081
2324007840,5588947,1H,28,39,00:28:39.614,1720.614876,83,63,1612,543978,0,0,0,0,36.40054944640259,17.657728172043818,0.05439
2324007755,5588947,1H,31,19,00:31:19.490,1880.490705,91,36,3166,541676,0,0,0,0,14.142135623730951,64.72227776444704,0.1272
2324007772,5588947,1H,32,44,00:32:44.370,1965.370119,88,38,3166,637858,0,0,0,0,17.46424919657298,53.794896965443336,0.1723
2324008132,5588947,2H,46,17,00:46:17.540,2829.540181,87,54,1612,543978,1,0,0,0,26.90724809414742,26.742987808488376,0.04448
2324008194,5588947,2H,55,16,00:55:16.207,3368.207976,95,34,3166,373768,0,0,0,0,10.0,83.97442499163331,0.08573
2324008204,5588947,2H,56,32,00:56:32.157,3444.157404,79,63,3166,637858,0,0,0,0,38.948684188300895,18.051063247327644,0.001962
2324008461,5588947,2H,62,39,01:02:39.893,3811.893618,84,52,1612,120353,0,0,0,0,27.65863337187866,28.926425835253614,0.1275
2324008617,5588947,2H,74,33,01:14:33.035,4525.035066,85,63,1612,120353,0,0,0,0,35.22782990761707,17.241459398939977,0.1193
2324008469,5588947,2H,77,0,01:17:00.532,4672.532716,80,45,3166,541676,0,0,0,0,27.313000567495326,34.08588699418923,0.02409
2324008676,5588947,2H,80,39,01:20:39.945,4891.945609,76,42,1612,535824,0,0,0,0,30.083217912982647,32.35406002225032,0.05999
2324008683,5588947,2H,91,27,01:31:27.434,5539.434358,78,54,3166,606738,0,0,0,0,33.60059523282288,24.87906266680477,0.01039
2324008711,5588947,2H,92,4,01:32:04.765,5576.765845,95,70,3166,282799,0,0,0,1,37.36308338453881,7.794329120511425,0.0707
2324008714,5588947,2H,92,6,01:32:06.744,5578.744561,85,47,3166,606738,0,0,0,0,23.853720883753127,36.41637851988605,0.1908
2433639952,5589036,1H,4,19,00:04:19.137,260.137785,88,71,3767,758282,0,1,0,0,40.718546143004666,10.981172605460817,0.02068
2433640050,5589036,1H,9,47,00:09:47.381,588.381315,90,40,3767,752489,1,0,0,0,16.15549442140351,56.309932474020215,0.1471
2433640306,5589036,1H,12,21,00:12:21.878,742.878499,84,45,1625,661732,0,0,0,0,23.706539182259394,38.16248694169812,0.007332
2433640310,5589036,1H,12,23,00:12:23.516,744.516456,90,36,1625,38021,0,0,0,0,15.132745950421556,61.270731215544814,0.2302
2433640186,5589036,1H,18,20,00:18:20.935,1101.935569,81,75,3767,396475,0,0,0,0,47.50789408087881,11.228891821538737,0.009843
2433640551,5589036,1H,20,8,00:20:08.842,1209.842373,91,53,1625,427097,1,0,0,0,23.600847442411894,27.897271030947625,0.08781
2433640309,5589036,1H,25,35,00:25:35.577,1536.57713,83,46,3767,472577,0,0,0,0,25.059928172283335,35.902614127705036,0.1439
2433641656,5589036,1H,26,11,00:26:11.621,1572.621599,94,45,3767,346195,0,0,0,0,15.556349186104045,50.88435978826091,0.3192
2433640318,5589036,1H,26,14,00:26:14.422,1575.422098,79,51,3767,472577,0,0,0,0,31.064449134018133,27.897271030947625,0.0785
2433640404,5589036,1H,29,31,00:29:31.746,1772.746921,87,68,3767,396475,0,0,0,0,38.47076812334269,13.039474901269514,0.01279
2433640923,5589036,1H,39,1,00:39:01.255,2342.255435,93,32,1625,661732,0,0,0,0,12.165525060596439,72.76688424153011,0.1013
2433641157,5589036,2H,49,13,00:49:13.497,3035.497571,92,58,1625,265673,0,0,0,0,27.294688127912362,19.412948895977213,0.376
2433641158,5589036,2H,49,15,00:49:15.430,3037.43099,91,44,1625,11051,0,0,0,0,17.204650534085253,49.53003140418923,0.5802
2433641211,5589036,2H,52,45,00:52:45.414,3247.414269,95,59,1625,427097,0,0,0,0,26.92582403567252,15.61584287404872,0.49
2433640895,5589036,2H,55,9,00:55:09.631,3391.631916,87,44,3767,286390,0,0,0,0,20.591260281974,43.36832757911374,0.1548
2433640936,5589036,2H,57,35,00:57:35.898,3537.898096,85,35,3767,631400,0,0,0,0,20.024984394500787,48.366460663429805,0.04031
2433641001,5589036,2H,59,57,00:59:57.183,3679.183328,84,35,3767,758282,0,0,0,0,21.02379604162864,46.31780310144996,0.08748
2433641003,5589036,2H,59,58,00:59:58.996,3680.996093,91,58,3767,631400,0,0,0,0,27.784887978899608,20.036349187037388,0.6051
2433641023,5589036,2H,62,8,01:02:08.544,3810.544693,76,52,3767,752489,0,0,0,0,34.132096331752024,25.7131321121728,0.06786
2433641026,5589036,2H,62,41,01:02:41.640,3843.640469,90,38,3767,631400,0,0,0,0,15.524174696260024,59.34933204294713,0.02906
2433641040,5589036,2H,64,39,01:04:39.236,3961.236502,85,59,3767,286390,0,0,0,0,32.01562118716424,20.874646826450036,0.05388
2433641050,5589036,2H,65,40,01:05:40.829,4022.829646,95,61,3767,631400,0,0,0,0,28.792360097775937,13.530493102322884,0.1999
2433641052,5589036,2H,66,33,01:06:33.710,4075.710511,95,62,3767,752489,1,0,0,0,29.732137494637012,12.634533292749461,0.02167
2433641065,5589036,2H,67,14,01:07:14.562,4116.562401,76,45,3767,472577,0,0,0,0,31.016124838541646,30.647102458472382,0.002238
2433641088,5589036,2H,69,55,01:09:55.889,4277.889586,95,68,3767,286390,0,0,0,0,35.4400902933387,8.709516422004977,0.1018
2433641114,5589036,2H,71,32,01:11:32.482,4374.48226,78,45,3767,752489,0,0,0,0,29.154759474226502,32.29246056792633,0.03278
2433641212,5589036,2H,77,59,01:17:59.535,4761.535902,92,41,3767,752489,1,0,0,0,14.7648230602334,59.65230337632571,0.127
2433641293,5589036,2H,83,20,01:23:20.410,5082.410151,87,67,3767,286390,0,0,0,0,37.589892258425,13.671307132195835,0.1089
2433641596,5589036,2H,85,46,01:25:46.676,5228.67652,86,61,1625,14808,0,0,0,0,33.015148038438355,18.72406131472471,0.1049
2433641397,5589036,2H,89,57,01:29:57.855,5479.85588,89,60,3767,548134,0,0,0,0,30.528675044947494,18.6971240904703,0.2066
2433641455,5589036,2H,92,46,01:32:46.712,5648.71217,87,49,3767,548134,0,0,0,0,23.430749027719962,34.69515353123396,0.2247
2478070238,5590075,1H,1,40,00:01:40.815,101.815315,78,31,12508,583880,0,0,0,0,27.16615541441225,36.49129668372969,0.02838
2478070040,5590075,1H,4,31,00:04:31.693,272.693892,89,25,3176,295176,0,1,0,1,18.35755975068582,48.366460663429805,0.08056
2478070105,5590075,1H,8,48,00:08:48.121,529.121896,78,74,3176,403447,0,1,0,0,48.25971404805462,12.199152551245923,0.002689
2478070129,5590075,1H,10,34,00:10:34.758,635.758814,90,74,3176,216568,0,0,0,0,42.720018726587654,8.800466362669424,0.006295
2478070133,5590075,1H,11,9,00:11:09.802,670.802842,73,65,3176,302799,0,0,0,0,44.553338819890925,16.83166875824151,0.01909
2478070181,5590075,1H,16,2,00:16:02.621,963.621194,90,61,3176,302799,0,0,0,0,30.886890422961002,17.185706144224763,0.07366
2478070342,5590075,1H,23,3,00:23:03.215,1384.215986,87,31,3176,216568,0,0,0,0,18.24828759089466,52.1250163489018,0.03144
2478070399,5590075,1H,24,39,00:24:39.491,1480.491669,86,41,3176,410031,0,0,0,0,20.248456731316587,46.109913503706764,0.1688
2478070652,5590075,1H,34,38,00:34:38.939,2079.939147,95,50,3176,410031,1,0,0,0,18.867962264113206,33.20657031508953,0.1987
2478070662,5590075,1H,35,30,00:35:30.526,2131.526511,89,37,3176,532465,0,0,0,0,16.278820596099706,57.425942865427494,0.0838
2478070696,5590075,1H,39,2,00:39:02.790,2343.790861,86,38,3176,216568,0,0,0,0,19.4164878389476,49.1239075603156,0.1193
2478070557,5590075,1H,39,42,00:39:42.078,2383.078034,78,56,12508,408136,0,0,0,0,34.828149534535996,23.235232448226295,0.01708
2478070566,5590075,1H,40,6,00:40:06.216,2407.216475,77,61,12508,408136,0,0,0,0,38.897300677553446,19.3897900767942,0.03968
2478070728,5590075,1H,44,53,00:44:53.343,2694.34395,89,43,3176,410031,0,0,0,0,18.35755975068582,48.366460663429805,0.2814
2478070732,5590075,1H,45,40,00:45:40.854,2741.854694,79,38,3176,532465,0,0,0,0,26.30589287593181,37.45057823173673,0.04159
2478070787,5590075,2H,47,16,00:47:16.940,2966.940209,76,58,12508,583880,0,0,0,0,37.64306044943742,21.3415102063814,0.03568
2478070949,5590075,2H,57,31,00:57:31.447,3581.447387,95,36,12508,535400,0,1,0,1,10.198039027185569,82.71833119246493,0.1047
2478070955,5590075,2H,58,2,00:58:02.365,3612.365458,88,53,12508,535400,1,0,0,0,25.495097567963924,28.270723386162697,0.07075
2478071079,5590075,2H,66,59,01:06:59.982,4149.98296,92,49,12508,408136,0,0,0,0,19.849433241279208,36.781930806804745,0.5368
2478071122,5590075,2H,70,43,01:10:43.040,4373.040539,87,36,12508,535400,0,1,0,0,18.110770276274835,52.68007112197176,0.1278
2478071152,5590075,2H,72,25,01:12:25.396,4475.396957,92,69,12508,265864,0,0,0,0,37.33630940518894,10.105036365037957,0.05293
2478071154,5590075,2H,72,29,01:12:29.360,4479.360723,80,61,12508,583880,0,0,0,0,36.796738985948195,19.468281379199375,0.0591
2478071255,5590075,2H,74,39,01:14:39.686,4609.686127,85,50,3176,410031,0,0,0,0,25.612496949731394,32.050145526721174,0.1624
2478071270,5590075,2H,79,0,01:19:00.586,4870.586088,74,36,12508,583880,0,0,0,0,31.064449134018133,32.26101062355075,0.006894
2478071280,5590075,2H,79,19,01:19:19.065,4889.065016,88,31,12508,583880,0,0,0,0,17.26267650163207,54.65762779636891,0.08742
2478071322,5590075,2H,85,25,01:25:25.384,5255.384934,82,45,12508,583880,0,0,0,0,25.495097567963924,36.03934617345991,0.09499
2478071408,5590075,2H,91,51,01:31:51.833,5641.833869,84,44,12508,583880,0,0,0,0,23.259406699226016,39.41128377998199,0.01056
2478071496,5590075,2H,95,48,01:35:48.811,5878.81116,87,72,3176,410031,0,0,0,0,42.04759208325728,10.871669846040923,0.04824
2455461299,5589068,1H,7,56,00:07:56.777,477.777883,76,40,11,14812,0,0,0,0,29.614185789921695,33.25601689384038,0.01026
2455461905,5589068,1H,14,4,00:14:04.574,845.574403,88,54,3159,444669,0,0,0,0,26.248809496813376,26.715631065643755,0.1129
2455461772,5589068,1H,15,45,00:15:45.882,946.882119,90,48,3159,437490,1,0,0,0,20.518284528683193,38.453709216705974,0.1054
2455461417,5589068,1H,18,0,00:18:00.730,1081.730857,87,52,11,475601,0,0,0,0,25.45584412271571,29.74488129694223,0.1516
2455461419,5589068,1H,18,2,00:18:02.469,1083.469319,80,54,11,14812,0,0,0,0,32.01562118716424,25.486900306192084,0.08695
2455462038,5589068,1H,28,44,00:28:44.783,1725.783354,89,31,3159,409322,0,0,0,0,16.278820596099706,57.425942865427494,0.02574
2455462370,5589068,1H,43,11,00:43:11.483,2592.483353,63,52,3159,286226,0,0,0,0,45.69463863518345,20.6404691950955,0.01741
2455461751,5589068,1H,46,37,00:46:37.471,2798.471941,83,53,11,475601,0,0,0,0,29.068883707497267,27.398818632214404,0.03552
2455461856,5589068,2H,47,21,00:47:21.748,2970.74887,85,66,11,14812,0,0,0,0,37.73592452822641,15.005741057058774,0.1132
2455461865,5589068,2H,47,59,00:47:59.982,3008.982871,89,29,11,475601,0,0,0,0,16.76305461424021,55.22216863363612,0.1223
2455462577,5589068,2H,50,1,00:50:01.410,3130.410572,92,30,3159,437490,0,1,0,0,13.601470508735444,66.03751102542181,0.1526
2455461958,5589068,2H,52,56,00:52:56.335,3305.335219,88,68,11,14812,0,0,0,1,38.01315561749642,12.6443949411828,0.166
2455461981,5589068,2H,55,1,00:55:01.340,3430.340503,81,22,11,475601,0,0,0,0,26.832815729997478,34.060908816807846,0.03108
2455461999,5589068,2H,56,44,00:56:44.227,3533.22776,80,60,11,14812,0,0,0,0,36.069377593742864,20.246620075588222,0.05187
2455462039,5589068,2H,58,58,00:58:58.304,3667.304727,73,34,11,631024,0,0,0,0,32.0,31.41727565803149,0.01546
2455462042,5589068,2H,59,0,00:59:00.218,3669.218818,88,32,11,470779,0,0,0,0,17.11724276862369,55.28537797494747,0.1719
2455462046,5589068,2H,59,39,00:59:39.888,3708.888116,92,56,11,267,1,0,0,0,25.553864678361276,22.249023657212373,0.1248
2455462784,5589068,2H,62,11,01:02:11.325,3860.325448,78,54,3159,471774,0,0,0,0,33.60059523282288,24.87906266680477,0.04807
2455462262,5589068,2H,73,45,01:13:45.397,4554.3975,95,48,11,631024,0,0,0,0,17.204650534085253,39.936383146969916,0.6663
2455462300,5589068,2H,79,1,01:19:01.231,4870.231698,89,49,11,267,1,0,0,0,21.93171219946131,35.75388725443675,0.06013
2455462333,5589068,2H,81,5,01:21:05.014,4994.014117,81,70,11,14812,0,0,0,0,43.266615305567875,13.56105240071724,0.01568
2455462384,5589068,2H,84,26,01:24:26.070,5195.070097,76,50,11,631024,0,0,0,0,33.12099032335839,27.193170815779677,0.01708
2455462433,5589068,2H,87,13,01:27:13.954,5362.954404,88,35,11,475601,0,0,0,0,17.029386365926403,55.66666856493495,0.148
2455463061,5589068,2H,89,38,01:29:38.878,5507.878379,76,29,3159,444669,0,0,0,0,29.427877939124322,33.62264092631693,0.009347
2455462476,5589068,2H,91,25,01:31:25.217,5614.21738,80,69,11,595191,0,1,0,0,43.01162633521314,14.272246539919662,0.02821
2455462490,5589068,2H,92,11,01:32:11.136,5660.136273,81,25,11,475601,0,1,0,0,25.632011235952593,36.86989764584402,0.03108
2511442781,5589093,1H,4,16,00:04:16.065,257.065702,86,62,676,770398,0,0,0,0,33.83784863137726,17.818888914522777,0.1536
2511442797,5589093,1H,5,20,00:05:20.300,321.300925,94,70,676,770398,0,1,0,0,37.64306044943742,8.43007751645989,0.08333
2511442813,5589093,1H,6,36,00:06:36.142,397.142054,86,51,676,14817,0,0,0,0,25.495097567963924,31.00816038227413,0.06486
2511442820,5589093,1H,7,25,00:07:25.336,446.336994,78,56,676,770398,0,0,0,0,34.828149534535996,23.235232448226295,0.009605
2511442983,5589093,1H,15,55,00:15:55.253,956.253061,77,58,676,408307,0,0,0,0,36.87817782917155,21.50730972954353,0.01597
2511443134,5589093,1H,24,28,00:24:28.361,1469.361831,98,53,676,408307,0,0,0,0,20.248456731316587,20.95577673063219,0.692
2511443205,5589093,1H,30,36,00:30:36.705,1837.705914,78,58,676,14817,0,1,0,1,36.124783736376884,21.6559890384225,0.01282
2511443363,5589093,1H,33,20,00:33:20.283,2001.283923,86,31,2447,496766,0,1,0,0,19.235384061671343,49.8012126883005,0.01309
2511443266,5589093,1H,33,36,00:33:36.996,2017.996191,90,33,676,408307,0,0,0,1,15.033296378372908,61.76255446183274,0.236
2511443358,5589093,1H,39,22,00:39:22.901,2363.90164,88,45,676,14817,0,0,0,0,20.248456731316587,42.92562661914572,0.2777
2511443520,5589093,1H,39,55,00:39:55.730,2396.730915,91,33,2447,603501,0,0,0,0,14.035668847618199,65.2825590889166,0.08475
2511443525,5589093,1H,39,59,00:39:59.156,2400.156304,82,54,2447,622782,0,0,0,0,30.479501308256342,26.0219794833542,0.1496
2511443486,5589093,1H,43,33,00:43:33.294,2614.294922,81,52,676,776387,0,0,0,0,30.0,27.81041544384634,0.08941
2511443608,5589093,1H,45,26,00:45:26.664,2727.66428,89,60,2447,263490,0,0,0,0,30.528675044947494,18.6971240904703,0.08451
2511443656,5589093,2H,46,20,00:46:20.254,2851.254829,81,28,2447,622782,0,0,0,0,24.73863375370596,39.130399556985296,0.03773
2511443567,5589093,2H,47,28,00:47:28.473,2919.473509,99,55,676,14817,1,0,0,0,21.840329667841555,15.255118703057784,0.3026
2511443872,5589093,2H,62,52,01:02:52.759,3843.759955,87,50,676,776387,0,0,0,0,24.08318915758459,32.99560723843002,0.2056
2511443878,5589093,2H,63,31,01:03:31.308,3882.308531,90,31,676,14817,0,0,0,0,15.297058540778355,60.4612177404419,0.09142
2511443907,5589093,2H,64,5,01:04:05.780,3916.780026,88,38,676,776387,0,0,0,0,17.46424919657298,53.794896965443336,0.2002
2511443909,5589093,2H,64,7,01:04:07.866,3918.866251,98,35,676,776387,0,0,0,0,7.0710678118654755,103.8220546357317,0.1602
2511444343,5589093,2H,65,52,01:05:52.418,4023.41853,90,49,676,14817,0,0,0,0,21.213203435596427,36.19320730556469,0.3312
2511444039,5589093,2H,68,19,01:08:19.245,4170.245487,74,52,2447,146583,0,0,0,0,35.84689665786984,24.865607513935494,0.009496
2511444027,5589093,2H,76,36,01:16:36.243,4667.243855,88,60,676,770398,0,0,0,1,31.064449134018133,19.093492000485618,0.4264
2511444229,5589093,2H,82,39,01:22:39.396,5030.396951,91,33,2447,520742,0,0,0,0,14.035668847618199,65.2825590889166,0.05851
2511444235,5589093,2H,83,2,01:23:02.046,5053.046428,89,62,2447,134383,0,0,0,0,32.2490309931942,16.715686488998475,0.112
2511444249,5589093,2H,83,52,01:23:52.261,5103.261694,92,47,2447,263490,1,0,0,0,18.384776310850235,42.31804415845862,0.02686
2511444274,5589093,2H,87,15,01:27:15.505,5306.505816,85,53,2447,520742,0,0,0,0,27.586228448267445,27.897271030947632,0.1287
2511444275,5589093,2H,87,16,01:27:16.880,5307.880942,86,42,2447,146583,0,0,0,0,20.615528128088304,44.83295738431911,0.2324
2439503969,5589048,1H,3,52,00:03:52.494,233.494693,87,45,1609,11066,0,0,0,0,21.095023109728988,41.67259575827343,0.177
2439505241,5589048,1H,6,50,00:06:50.910,411.910564,96,46,1609,134717,0,0,0,0,15.0,48.366460663429805,0.4754
2439504013,5589048,1H,7,58,00:07:58.166,479.166847,77,58,756,422520,0,0,0,0,36.87817782917155,21.50730972954353,0.004705
2439504060,5589048,1H,9,46,00:09:46.819,587.819106,86,46,756,397060,0,0,0,0,22.47220505424423,38.88977861121536,0.1724
2439504135,5589048,1H,12,39,00:12:39.824,760.824308,81,48,1609,302292,0,0,0,0,27.784887978899608,32.01283583284806,0.03137
2439504365,5589048,1H,27,27,00:27:27.476,1648.476244,70,35,756,397060,0,0,0,1,35.014282800023196,28.82039746053533,0.0494
2439504516,5589048,1H,34,28,00:34:28.146,2069.146217,85,47,756,397060,0,0,0,0,23.853720883753127,36.41637851988605,0.1465
2439504618,5589048,1H,40,45,00:40:45.090,2446.090201,86,57,756,7899,0,0,0,0,29.832867780352597,22.915925633349705,0.1863
2439504501,5589048,1H,41,1,00:41:01.180,2462.180238,80,62,1609,745929,0,0,0,0,37.53664875824692,18.719228661823667,0.02397
2439504506,5589048,1H,41,21,00:41:21.760,2482.76031,78,60,1609,745929,0,0,0,0,37.48332962798263,20.15664542517911,0.0219
2439504539,5589048,1H,43,37,00:43:37.063,2618.063007,87,71,1609,134717,0,0,0,0,41.14608122288197,11.364604002764409,0.04177
2439504623,5589048,2H,46,43,00:46:43.464,2874.46474,96,60,1609,415917,0,0,0,0,27.51363298439521,13.476497903436652,0.1654
2439504739,5589048,2H,53,56,00:53:56.603,3307.603482,87,43,1609,134717,0,0,0,0,20.12461179749811,45.0,0.1609
2439504757,5589048,2H,55,55,00:55:55.330,3426.330224,84,69,1609,745929,0,0,0,0,40.8166632639171,13.413673165258052,0.02947
2439504807,5589048,2H,60,58,01:00:58.660,3729.660302,79,33,1609,542200,0,0,0,0,26.019223662515376,38.14023999447419,0.02176
2439505081,5589048,2H,63,45,01:03:45.828,3896.828792,89,63,756,678620,1,0,0,0,33.12099032335839,15.826154076172545,0.07198
2439504929,5589048,2H,72,38,01:12:38.344,4429.344798,77,30,1609,11066,0,0,0,0,28.284271247461902,35.029440463493,0.03212
2439505090,5589048,2H,82,45,01:22:45.940,5036.940302,88,72,1609,425925,0,0,0,0,41.6293165929973,10.493960897512908,0.05
2439505338,5589048,2H,87,49,01:27:49.832,5340.832099,92,43,756,678620,1,0,0,0,15.811388300841896,54.16234704572171,0.1809
2439505155,5589048,2H,88,23,01:28:23.910,5374.910334,88,38,1609,555939,0,1,0,0,17.46424919657298,53.794896965443336,0.1723
2439505204,5589048,2H,93,43,01:33:43.813,5694.813288,96,40,1609,339789,1,0,0,0,10.816653826391969,77.47119229084849,0.1818
2439505212,5589048,2H,94,1,01:34:01.029,5712.029117,85,37,1609,339789,0,0,0,0,20.223748416156685,47.66300076606714,0.1282
2312564553,5588928,1H,3,18,00:03:18.764,199.764459,79,58,1609,520291,0,0,0,0,35.38361202590826,21.784535453703725,0.01604
2312565952,5588928,1H,5,26,00:05:26.854,327.85469,91,67,1609,425925,0,0,0,0,35.84689665786984,11.821488340607251,0.0576
2312564951,5588928,1H,15,45,00:15:45.532,946.53272,92,55,3172,502363,1,0,0,0,24.698178070456937,23.861917233893127,0.1821
2312564688,5588928,1H,17,40,00:17:40.691,1061.691892,87,39,1609,555939,0,0,0,0,18.681541692269406,50.40379136024971,0.0533
2312565177,5588928,1H,29,23,00:29:23.912,1764.912184,84,64,3172,516161,0,0,0,0,36.61966684720111,16.69924423399363,0.0873
2312565428,5588928,2H,50,55,00:50:55.616,3130.61629,94,55,3172,551694,1,0,0,0,23.706539182259394,22.374143649752707,0.6602
2312565441,5588928,2H,51,37,00:51:37.842,3172.842912,81,45,3172,498456,0,0,0,0,26.40075756488817,35.041929401539015,0.01263
2312565738,5588928,2H,66,35,01:06:35.068,4070.068564,77,28,3172,20751,0,0,0,0,28.635642126552707,34.29409367624458,0.0311
2312565865,5588928,2H,73,34,01:13:34.282,4489.282696,78,30,3172,20751,0,0,0,0,27.294688127912362,36.20143079314286,0.04281
2312565641,5588928,2H,74,16,01:14:16.107,4531.107662,89,63,1609,555939,0,0,0,0,33.12099032335839,15.826154076172545,0.195
2521156677,5589095,1H,1,29,00:01:29.293,90.293947,80,58,3161,105338,0,0,0,0,34.655446902326915,21.889556769904697,0.01471
2521156721,5589095,1H,2,32,00:02:32.979,153.97997,88,65,2444,557016,0,0,0,0,35.35533905932738,14.668748458161136,0.08104
2521158273,5589095,1H,5,34,00:05:34.042,335.042089,86,54,2444,14732,0,0,0,0,27.586228448267445,26.699706110158193,0.1094
2521156762,5589095,1H,8,18,00:08:18.449,499.449284,82,31,3161,239291,0,0,0,0,23.194827009486403,42.17368556534946,0.07064
2521157082,5589095,1H,20,39,00:20:39.834,1240.834061,81,61,2444,557016,0,0,0,0,36.124783736376884,19.44003482817619,0.006881
2521157026,5589095,1H,23,6,00:23:06.005,1387.005286,93,32,3161,405597,0,0,0,0,12.165525060596439,72.76688424153011,0.07035
2521157031,5589095,1H,23,42,00:23:42.877,1423.877219,77,63,3161,286223,0,0,0,0,40.311288741492746,18.077970392189727,0.006343
2521157241,5589095,1H,32,50,00:32:50.272,1971.272732,77,37,3161,15524,0,0,0,0,28.160255680657446,35.29334759066029,0.02999
2521157286,5589095,1H,35,15,00:35:15.468,2116.468428,81,46,2444,245364,0,0,0,0,26.832815729997478,34.060908816807846,0.009324
2521157304,5589095,1H,35,50,00:35:50.342,2151.342376,94,45,2444,14732,0,0,0,0,15.556349186104045,50.88435978826091,0.4661
2521157307,5589095,1H,35,54,00:35:54.728,2155.728822,92,40,2444,245364,0,0,0,0,14.317821063276353,62.08023357189139,0.3189
2521157322,5589095,1H,36,47,00:36:47.525,2208.525417,86,43,2444,224593,0,0,0,0,21.02379604162864,43.45184230102203,0.08164
2521157343,5589095,1H,38,22,00:38:22.740,2303.74048,95,35,2444,245364,0,0,0,0,10.04987562112089,83.6598082540901,0.08006
2521157547,5589095,2H,47,57,00:47:57.212,3004.212641,74,39,2444,224593,0,0,0,0,31.400636936215164,31.656928625829075,0.001146
2521157551,5589095,2H,50,12,00:50:12.750,3139.750924,80,75,3161,239291,0,0,0,0,48.02082881417188,11.433681265426666,0.004267
2521157605,5589095,2H,51,28,00:51:28.046,3215.046265,91,63,2444,8717,0,0,0,0,32.202484376209235,14.767160767390578,0.0959
2521157604,5589095,2H,53,26,00:53:26.331,3333.331836,90,41,3161,301017,0,0,0,0,16.55294535724685,54.442253634586045,0.2486
2521157672,5589095,2H,55,39,00:55:39.916,3466.916281,88,32,2444,14732,0,0,0,0,17.11724276862369,55.28537797494747,0.08086
2521157659,5589095,2H,57,39,00:57:39.190,3586.190332,93,52,3161,372255,0,0,0,0,21.633307652783937,29.1676133795778,0.3725
2521157693,5589095,2H,60,15,01:00:15.440,3742.440431,79,54,3161,15524,0,0,0,0,32.802438933713454,25.190030024525928,0.006494
2521157696,5589095,2H,60,18,01:00:18.201,3745.201685,90,62,3161,21095,0,0,0,0,31.76476034853718,16.22226362983286,0.2944
2521157702,5589095,2H,60,51,01:00:51.110,3778.110239,96,52,3161,340646,1,0,0,0,20.12461179749811,26.565051177077994,0.2541
2521157722,5589095,2H,62,39,01:02:39.934,3886.934234,87,59,3161,21095,0,0,0,0,30.805843601498726,20.46918963248217,0.2029
2521157752,5589095,2H,63,48,01:03:48.121,3955.121105,80,54,2444,134387,0,0,0,0,32.01562118716424,25.486900306192084,0.003633
2521157813,5589095,2H,66,17,01:06:17.604,4104.604629,80,30,2444,14732,0,1,0,0,25.317977802344327,38.784364100297346,0.04448
2521157961,5589095,2H,74,47,01:14:47.933,4614.933243,92,58,2444,557016,0,0,0,0,27.294688127912362,19.412948895977213,0.34
2521157966,5589095,2H,75,26,01:15:26.048,4653.048379,97,38,2444,210044,1,0,0,0,8.94427190999916,90.3978809618346,0.1
2521158207,5589095,2H,90,18,01:30:18.919,5545.91921,89,41,2444,8717,0,0,0,0,17.46424919657298,52.1250163489018,0.2928
2521158261,5589095,2H,94,51,01:34:51.056,5818.056721,92,50,2444,14732,1,0,0,0,20.615528128088304,34.22481260771649,0.2405
2521158272,5589095,2H,96,24,01:36:24.266,5911.266077,86,39,2444,231139,0,0,0,0,19.6468827043885,48.27300985546386,0.05697
2449230713,5589307,1H,4,48,00:04:48.101,289.101088,86,34,9606,536059,0,0,0,0,19.0,50.69235188389338,0.07345
2449230769,5589307,1H,10,18,00:10:18.309,619.309676,77,47,3158,336517,0,0,0,0,30.870698080866262,30.027124233213083,0.04691
2449230783,5589307,1H,11,13,00:11:13.438,674.438571,77,56,3158,599717,0,0,0,0,35.608987629529715,23.006069018072566,0.03583
2449230922,5589307,1H,17,54,00:17:54.122,1075.122199,91,70,3158,89186,0,0,0,0,38.62641583165593,10.126077066001766,0.09505
2449231101,5589307,1H,30,39,00:30:39.612,1840.612762,88,42,3158,328333,0,0,0,0,18.788294228055936,48.3664606634298,0.1749
2449231158,5589307,1H,32,41,00:32:41.970,1962.970651,95,58,3158,20404,1,0,0,0,26.0,16.83166875824151,0.2189
2449231232,5589307,1H,42,35,00:42:35.529,2556.529744,86,35,9606,536059,0,0,0,0,19.026297590440446,50.592194778977564,0.07409
2449231648,5589307,1H,49,13,00:49:13.749,2954.749723,96,60,3158,289225,0,0,0,0,27.51363298439521,13.476497903436652,0.2734
2449231290,5589307,2H,45,31,00:45:31.498,3077.498218,94,44,9606,513262,0,1,0,0,14.866068747318506,54.73698827040275,0.3785
2449231771,5589307,2H,52,44,00:52:44.522,3510.522436,88,35,3158,630686,0,0,0,0,17.029386365926403,55.66666856493495,0.114
2449231832,5589307,2H,56,17,00:56:17.810,3723.810724,88,38,3158,328333,0,0,0,0,17.46424919657298,53.794896965443336,0.009748
2449232001,5589307,2H,63,33,01:03:33.453,4159.453405,78,64,3158,624188,0,0,0,0,40.36087214122113,17.42986281766783,0.01571
2449232027,5589307,2H,65,22,01:05:22.429,4268.429355,95,55,3158,20404,1,0,0,0,23.259406699226016,21.370622269343183,0.2567
2449232031,5589307,2H,65,58,01:05:58.212,4304.212782,83,29,3158,278873,0,0,0,0,22.561028345356956,42.77603875961453,0.005421
2449231481,5589307,2H,66,12,01:06:12.920,4318.920754,83,34,9606,513262,0,0,0,0,22.0,44.49804731442473,0.06338
2449232046,5589307,2H,68,13,01:08:13.197,4439.197295,90,52,3158,346913,1,0,0,0,23.430749027719962,29.981639368849336,0.0379
2449231641,5589307,2H,77,34,01:17:34.658,5000.658049,93,34,9606,536059,0,0,0,0,12.0,73.73979529168804,0.07416
2449231712,5589307,2H,81,54,01:21:54.798,5260.798347,77,61,9606,536060,0,0,0,0,38.897300677553446,19.3897900767942,0.006273
2449231810,5589307,2H,86,17,01:26:17.462,5523.462983,79,38,9606,536059,0,0,0,0,26.30589287593181,37.45057823173673,0.03296
2449231851,5589307,2H,87,30,01:27:30.952,5596.95206,77,40,9606,447939,0,0,0,0,28.635642126552707,34.29409367624458,0.009805
2449232181,5589307,2H,88,17,01:28:17.174,5643.174673,81,72,3158,630686,0,0,0,0,44.94441010848846,12.560091232940477,0.002429
2449231889,5589307,2H,89,37,01:29:37.805,5723.805378,92,36,9606,492046,1,0,0,0,13.152946437965905,68.5371140752802,0.08402
2449231921,5589307,2H,91,51,01:31:51.092,5857.092275,86,43,9606,447939,0,0,0,0,21.02379604162864,43.45184230102203,0.081
2513834777,5589340,1H,4,17,00:04:17.874,258.874141,80,57,8509,234357,0,0,0,0,33.97057550292606,22.75244122094837,0.05856
2513834759,5589340,1H,9,9,00:09:09.794,550.794305,88,29,678,712692,0,0,0,0,17.72004514666935,52.71297976353103,0.05869
2513834762,5589340,1H,9,11,00:09:11.568,552.568857,97,31,678,712692,0,0,0,0,8.54400374531753,93.17983011986423,0.05383
2513834799,5589340,1H,13,39,00:13:39.821,820.821957,86,68,678,247141,0,0,1,0,38.948684188300895,13.396093798402946,0.07164
2513835003,5589340,1H,22,7,00:22:07.919,1328.919604,78,40,8509,234357,0,0,0,0,27.65863337187866,35.39479584498706,0.01052
2513835007,5589340,1H,22,13,00:22:13.795,1334.795499,84,45,8509,300009,0,0,0,0,23.706539182259394,38.16248694169812,0.1352
2513834995,5589340,1H,25,13,00:25:13.009,1514.009669,91,69,678,247141,0,0,0,0,37.69615364994153,10.650631546076253,0.138
2513835004,5589340,1H,25,22,00:25:22.743,1523.743163,93,56,678,247141,0,0,0,0,25.059928172283335,21.548130140533196,0.312
2513835011,5589340,1H,26,7,00:26:07.584,1568.584758,88,60,678,230857,1,0,0,0,31.064449134018133,19.093492000485618,0.02917
2513835073,5589340,1H,29,26,00:29:26.241,1767.241616,86,57,678,712692,1,0,0,0,29.832867780352597,22.915925633349705,0.06229
2513835236,5589340,1H,39,8,00:39:08.288,2349.288423,86,39,678,712692,0,0,0,0,19.6468827043885,48.27300985546386,0.05466
2513835246,5589340,1H,39,42,00:39:42.645,2383.645106,90,47,678,545942,1,0,0,0,19.849433241279208,40.78170584465348,0.07837
2513835314,5589340,1H,43,48,00:43:48.352,2629.352094,87,37,678,654823,0,0,0,0,18.24828759089466,52.1250163489018,0.07069
2513835383,5589340,1H,48,17,00:48:17.762,2898.762311,90,52,8509,300009,1,0,0,0,23.430749027719962,29.981639368849336,0.128
2513835413,5589340,2H,47,9,00:47:09.234,3056.234561,86,39,678,938660,0,0,0,0,19.6468827043885,48.27300985546386,0.03087
2513835422,5589340,2H,47,44,00:47:44.663,3091.663157,96,40,678,712692,1,0,0,0,10.816653826391969,77.47119229084849,0.1778
2513835577,5589340,2H,56,27,00:56:27.992,3614.992956,91,58,678,712692,0,0,0,0,27.784887978899608,20.036349187037388,0.3286
2513835599,5589340,2H,57,41,00:57:41.606,3688.606184,95,54,678,712692,0,0,0,0,22.360679774997898,23.248082968525054,0.4562
2513835926,5589340,2H,87,16,01:27:16.244,5463.244477,83,48,678,344086,0,0,0,0,26.076809620810597,33.468763954769955,0.1056
2513835929,5589340,2H,87,23,01:27:23.547,5470.547348,87,29,678,339791,0,0,0,0,18.681541692269406,50.40379136024971,0.03302
2513835992,5589340,2H,90,31,01:30:31.540,5658.540127,85,40,678,344086,0,0,0,0,20.8806130178211,45.40066325579215,0.03613
2395937564,5589004,1H,32,27,00:32:27.308,1948.308106,74,68,9417,547565,0,0,0,0,46.010868281309364,15.326530107102077,0.004639
2395937732,5589004,1H,45,7,00:45:07.365,2708.365507,92,57,9417,406028,0,0,0,0,26.419689627245813,20.769455259586874,0.2277
2395938159,5589004,2H,49,6,00:49:06.244,3075.244158,87,62,8508,448274,0,0,0,0,33.28663395418648,17.509546811150354,0.1571
2395937997,5589004,2H,56,6,00:56:06.631,3495.631799,84,49,9417,135810,0,0,0,0,25.80697580112788,32.868678933367505,0.1332
2395938028,5589004,2H,57,17,00:57:17.862,3566.862173,85,59,9417,547565,0,0,0,0,32.01562118716424,20.874646826450036,0.1059
2395938397,5589004,2H,58,48,00:58:48.205,3657.205913,90,56,8508,357712,0,0,0,0,26.627053911388696,23.264624805785594,0.247
2395938057,5589004,2H,60,5,01:00:05.322,3734.322726,78,72,9417,22651,0,0,0,0,46.61544808322666,13.078598819423341,0.007131
2395938106,5589004,2H,62,8,01:02:08.906,3857.906309,82,54,9417,547565,0,0,0,0,30.479501308256342,26.0219794833542,0.0539
2395938541,5589004,2H,68,59,01:08:59.734,4268.734008,75,60,8508,512092,0,0,0,0,39.698866482558415,19.85992309543744,0.01629
2395938598,5589004,2H,75,11,01:15:11.173,4640.173594,86,37,8508,61958,0,0,0,0,19.235384061671343,49.8012126883005,0.03722
2395938357,5589004,2H,79,54,01:19:54.811,4923.811014,92,44,9417,135810,1,0,0,0,16.401219466856727,51.22094992115961,0.1549
2395938696,5589004,2H,86,4,01:26:04.346,5293.346516,96,41,8508,479178,1,0,0,0,11.40175425099138,73.17105416636024,0.1462
2395938463,5589004,2H,90,7,01:30:07.078,5536.078963,67,31,9417,284315,0,0,0,0,38.118237105091836,26.49819498861926,0.05066
2444164584,5589052,1H,2,17,00:02:17.226,138.226615,90,49,5072,660295,0,0,0,0,21.213203435596427,36.19320730556469,0.3257
2444164586,5589052,1H,2,23,00:02:23.140,144.140368,91,31,5072,590629,0,0,0,0,14.317821063276353,63.799885158652664,0.07334
2444164882,5589052,1H,11,52,00:11:52.507,713.507366,85,24,1625,38021,0,0,0,0,22.360679774997898,40.66879405950243,0.002034
2444164922,5589052,1H,13,19,00:13:19.102,800.102381,90,25,1625,447205,0,0,0,0,17.4928556845359,50.19442890773481,0.03109
2444165075,5589052,1H,20,37,00:20:37.631,1238.631741,74,58,1625,38021,0,0,0,0,39.20459156782532,20.968918634056788,0.008646
2444165124,5589052,1H,23,7,00:23:07.656,1388.656607,79,49,1625,265673,0,0,0,0,30.01666203960727,29.71477316544497,0.01559
2444165129,5589052,1H,24,5,00:24:05.088,1446.088225,81,29,1625,38021,0,0,0,0,24.515301344262525,39.71875937155488,0.01027
2444165141,5589052,1H,35,59,00:35:59.152,2160.152939,86,37,5072,590629,0,0,0,0,19.235384061671343,49.8012126883005,0.1078
2444165160,5589052,1H,36,12,00:36:12.226,2173.226399,80,71,5072,621859,0,0,0,0,44.654227123532216,13.237181097585845,0.006292
2444165306,5589052,1H,40,12,00:40:12.639,2413.639424,77,34,5072,676907,0,0,0,0,28.0,35.63777782904556,0.01715
2444165458,5589052,1H,44,3,00:44:03.886,2644.886584,85,49,1625,14808,0,0,0,0,25.0,33.495184673741186,0.04296
2444165358,5589052,1H,44,18,00:44:18.508,2659.508073,89,61,5072,621859,0,0,0,0,31.38470965295043,17.67105036199202,0.1357
2444165543,5589052,2H,46,45,00:46:45.914,2878.9144,95,57,1625,9380,1,0,0,0,25.079872407968907,18.183653155713056,0.2559
2444165638,5589052,2H,51,30,00:51:30.536,3163.536617,83,53,1625,69404,0,0,0,0,29.068883707497267,27.398818632214404,0.09411
2444165647,5589052,2H,51,43,00:51:43.694,3176.694273,86,63,1625,447205,0,0,0,0,34.66987164671943,16.966148108536178,0.1221
2444165660,5589052,2H,52,21,00:52:21.155,3214.155676,83,52,1625,69404,0,0,0,0,28.42534080710379,28.57731837234341,0.2233
2444166264,5589052,2H,54,14,00:54:14.816,3327.816863,86,51,5072,38709,0,0,0,0,25.495097567963924,31.00816038227413,0.07683
2444165563,5589052,2H,55,22,00:55:22.344,3395.344885,84,34,5072,590629,0,0,0,0,21.0,46.39718102729638,0.07754
2444165744,5589052,2H,58,38,00:58:38.487,3591.48792,79,68,1625,38021,0,0,0,0,42.80186911806539,14.963998205731043,0.03764
2444165657,5589052,2H,58,55,00:58:55.257,3608.257853,81,46,5072,590629,0,0,0,0,26.832815729997478,34.060908816807846,0.183
2444165764,5589052,2H,59,42,00:59:42.668,3655.668317,90,40,1625,38021,0,0,0,0,16.15549442140351,56.309932474020215,0.2198
2444166271,5589052,2H,68,32,01:08:32.628,4185.628409,91,67,5072,660295,0,1,0,0,35.84689665786984,11.821488340607251,0.0576
2444165890,5589052,2H,70,19,01:10:19.481,4292.481861,76,38,1625,69404,0,0,0,0,29.274562336608895,33.92794899222894,0.03465
2444165933,5589052,2H,72,44,01:12:44.359,4437.359957,89,63,1625,427097,0,0,0,0,33.12099032335839,15.826154076172545,0.1948
2444165936,5589052,2H,72,46,01:12:46.150,4439.150156,83,50,1625,661732,0,0,0,0,27.202941017470888,31.00209856037621,0.2076
2444166030,5589052,2H,76,48,01:16:48.620,4681.620796,90,29,1625,661732,0,1,0,0,15.811388300841896,57.956483167255584,0.06313
2444166048,5589052,2H,78,51,01:18:51.288,4804.288722,71,39,5072,676907,0,0,0,0,34.36568055487916,29.08997185971651,0.001312
2444166257,5589052,2H,91,1,01:31:01.513,5534.513068,82,52,1625,447205,0,0,0,0,29.206163733020468,28.203298990557677,0.1164
2442559448,5589042,1H,2,11,00:02:11.830,132.830202,84,51,2446,49876,0,0,0,0,27.018512172212592,30.217998367629356,0.006458
2442559564,5589042,1H,10,29,00:10:29.968,630.968696,91,44,2446,234359,1,0,0,0,17.204650534085253,49.53003140418923,0.06631
2442559863,5589042,1H,11,51,00:11:51.856,712.856899,88,28,11241,418949,0,0,0,0,18.027756377319946,51.43164542644399,0.1768
2442559685,5589042,1H,19,18,00:19:18.780,1159.780037,80,63,2446,364082,0,0,0,0,38.28837943815329,17.999484399432912,0.08927
2442559703,5589042,1H,20,22,00:20:22.935,1223.935018,81,24,2446,577394,0,0,0,0,26.0,35.98154135447273,0.01119
2442559718,5589042,1H,21,6,00:21:06.463,1267.463447,75,36,2446,577394,0,0,0,0,30.066592756745816,33.27032573464446,0.02281
2442560117,5589042,1H,22,31,00:22:31.450,1352.450301,91,54,11241,402689,1,0,0,0,24.413111231467404,26.07344578829223,0.1437
2442560149,5589042,1H,23,19,00:23:19.701,1400.701128,90,61,11241,402689,1,0,0,0,30.886890422961002,17.185706144224763,0.08515
2442559766,5589042,1H,24,2,00:24:02.995,1443.995928,77,36,2446,577394,0,0,0,0,28.071337695236398,35.48397979503183,0.04316
2442559812,5589042,1H,27,27,00:27:27.727,1648.727468,85,67,2446,4787,0,0,0,0,38.58756276314948,14.342226030393581,0.01443
2442559822,5589042,1H,27,43,00:27:43.799,1664.799569,87,47,2446,508140,0,1,0,0,22.20360331117452,38.181785428348135,0.2039
2442559824,5589042,1H,27,46,00:27:46.490,1667.490599,85,63,2446,228768,0,0,0,0,35.22782990761707,17.241459398939977,0.1417
2442559844,5589042,1H,31,6,00:31:06.067,1867.067157,85,47,2446,577394,0,0,0,0,23.853720883753127,36.41637851988605,0.1145
2442559862,5589042,1H,32,54,00:32:54.140,1975.140676,83,67,2446,341973,0,0,0,0,39.66106403010388,14.864471714262164,0.05048
2442559866,5589042,1H,34,31,00:34:31.128,2072.128205,95,31,2446,346157,1,0,0,0,10.44030650891055,81.15818543980834,0.01607
2442559910,5589042,1H,36,44,00:36:44.880,2205.880588,88,33,2446,346157,0,0,0,0,17.029386365926403,55.66666856493495,0.1119
2442560017,5589042,1H,40,49,00:40:49.566,2450.566205,84,28,2446,346157,0,0,0,0,21.840329667841555,43.66778014613036,0.0473
2442560442,5589042,1H,42,12,00:42:12.145,2533.145315,71,55,11241,239189,0,0,0,0,39.96248240537617,21.98363079682646,0.007016
2442560468,5589042,1H,43,26,00:43:26.496,2607.496725,85,53,11241,302861,0,0,0,0,27.586228448267445,27.897271030947632,0.01093
2442560093,5589042,1H,45,14,00:45:14.955,2715.95578,84,31,2446,4787,0,0,0,0,21.213203435596427,45.69027719786508,0.06509
2442560148,5589042,1H,48,6,00:48:06.814,2887.814695,80,68,2446,49876,0,0,0,0,42.20189569201838,14.826479970355672,0.00165
2442560201,5589042,2H,48,6,00:48:06.755,3084.755055,80,66,2446,577394,0,0,0,0,40.607881008493905,16.012938890280356,0.02003
2442560669,5589042,2H,48,48,00:48:48.941,3126.941524,95,51,11241,569109,0,1,0,0,19.72308292331602,30.302680720488098,0.6542
2442560695,5589042,2H,50,15,00:50:15.216,3213.216203,81,48,11241,569109,0,1,0,1,27.784887978899608,32.01283583284806,0.008548
2442560379,5589042,2H,56,16,00:56:16.331,3574.331951,87,33,2446,4787,0,0,0,0,18.027756377319946,53.017093073655325,0.007589
2442560499,5589042,2H,59,32,00:59:32.385,3770.385595,79,36,2446,4787,0,0,0,0,26.076809620810597,38.00058859708199,0.03979
2442560538,5589042,2H,63,31,01:03:31.421,4009.421054,93,41,2446,346157,0,0,0,0,13.892443989449804,62.59242456218159,0.2807
2442560560,5589042,2H,67,7,01:07:07.645,4225.645313,83,55,2446,577394,0,0,0,0,30.4138126514911,25.135702596589994,0.06971
2442560629,5589042,2H,69,53,01:09:53.060,4391.060094,98,39,2446,4787,0,0,0,0,8.602325267042627,93.17983011986423,0.3258
2442561039,5589042,2H,71,23,01:11:23.160,4481.160839,87,40,11241,82701,1,0,0,0,18.973665961010276,49.26789330029081,0.05798
2442560641,5589042,2H,72,5,01:12:05.272,4523.272786,79,46,2446,49876,0,0,0,0,28.635642126552707,32.34559893761429,0.006749
2442561076,5589042,2H,76,37,01:16:37.048,4795.048127,94,39,11241,418949,1,0,0,0,12.083045973594572,71.82587993453092,0.08794
2442561084,5589042,2H,77,39,01:17:39.999,4857.999543,75,25,11241,262365,0,1,0,0,31.32091952673165,30.96375653207352,0.01457
2564084339,5589102,1H,9,7,00:09:07.953,548.953074,75,27,3767,758282,0,0,0,0,30.805843601498726,31.886561770143313,0.03779
2564084372,5589102,1H,10,55,00:10:55.027,656.027804,85,71,3767,286390,0,0,0,0,42.05948168962618,12.039112116022286,0.05225
2564084390,5589102,1H,11,33,00:11:33.137,694.137953,90,52,3767,396475,0,0,0,0,23.430749027719962,29.981639368849336,0.2897
2564084457,5589102,1H,17,11,00:17:11.747,1032.747166,86,30,3767,475724,0,0,0,0,19.4164878389476,49.1239075603156,0.03383
2564084484,5589102,1H,19,56,00:19:56.532,1197.532404,89,63,3767,758282,0,1,0,0,33.12099032335839,15.826154076172545,0.1777
2564084753,5589102,1H,22,28,00:22:28.020,1349.020647,92,49,3161,20635,1,0,0,0,19.849433241279208,36.781930806804745,0.1699
2564084612,5589102,1H,26,25,00:26:25.084,1586.084208,79,67,3767,346195,0,0,0,0,42.01190307520001,15.53112995782574,0.01998
2564084730,5589102,1H,33,7,00:33:07.215,1988.215939,89,71,3767,286390,0,0,0,0,40.311288741492746,10.565873271131494,0.02892
2564084734,5589102,1H,33,57,00:33:57.892,2038.892111,87,35,3767,40539,1,0,0,0,18.027756377319946,53.017093073655325,0.008245
2564084985,5589102,1H,36,49,00:36:49.028,2210.028201,94,44,3161,301017,1,0,0,0,14.866068747318506,54.73698827040275,0.1172
2564084870,5589102,1H,43,20,00:43:20.231,2601.231917,97,55,3767,286390,0,0,0,1,22.47220505424423,18.75865034784223,0.5377
2564084910,5589102,1H,45,19,00:45:19.621,2720.621497,74,29,3767,758282,0,0,0,0,31.400636936215164,31.656928625829075,0.03284
2564084943,5589102,1H,46,50,00:46:50.157,2811.157534,91,25,3767,475724,0,0,0,0,16.64331697709324,52.1250163489018,0.02353
2564084945,5589102,1H,47,29,00:47:29.688,2850.688359,90,56,3767,475724,1,0,0,0,26.627053911388696,23.264624805785594,0.07798
2564085005,5589102,2H,45,43,00:45:43.131,2902.1317,91,30,3767,475724,0,0,0,0,14.560219778561036,62.53272766139187,0.05959
2564085049,5589102,2H,49,57,00:49:57.937,3156.937503,91,37,3767,475724,0,0,0,0,14.317821063276353,63.799885158652664,0.174
2564085061,5589102,2H,51,17,00:51:17.148,3236.14806,87,31,3767,286390,0,0,0,0,18.24828759089466,52.1250163489018,0.09351
2564085333,5589102,2H,54,17,00:54:17.346,3416.346397,86,66,3161,286223,0,0,0,0,37.21558813185679,14.695971397242621,0.01814
2564085350,5589102,2H,55,6,00:55:06.184,3465.184105,86,38,3161,563315,0,0,0,0,19.4164878389476,49.1239075603156,0.04965
2564085411,5589102,2H,58,15,00:58:15.381,3654.381785,76,59,3161,286223,0,0,0,0,38.28837943815329,20.651190740995947,0.003727
2564085158,5589102,2H,60,46,01:00:46.030,3805.030913,90,73,3767,396475,0,0,0,0,41.78516483155236,9.211026540816668,0.04605
2564085188,5589102,2H,62,54,01:02:54.323,3933.323791,87,63,3767,758282,0,0,0,0,34.132096331752024,16.641036553869966,0.1579
2564085260,5589102,2H,69,14,01:09:14.321,4313.321059,92,64,3767,631400,0,0,0,0,32.69556544854363,13.32453126189078,0.1533
2564085324,5589102,2H,72,4,01:12:04.608,4483.608229,89,35,3767,475724,0,0,0,1,16.0312195418814,58.57043438516149,0.2568
2564085625,5589102,2H,74,48,01:14:48.136,4647.13671,89,37,3161,301017,0,0,0,0,16.278820596099706,57.425942865427494,0.2212
2564085671,5589102,2H,80,4,01:20:04.325,4963.325927,74,48,3161,563315,0,0,0,0,34.0147027033899,27.41068393279762,0.04684
2564085436,5589102,2H,80,44,01:20:44.678,5003.678386,92,39,3767,631400,0,0,0,0,13.92838827718412,64.22382536571382,0.2335
2564085487,5589102,2H,82,52,01:22:52.771,5131.771506,93,70,3767,631400,0,0,0,0,37.94733192202055,9.03107179644062,0.06842
2564085515,5589102,2H,85,58,01:25:58.919,5317.919381,98,37,3767,764315,0,0,0,0,7.615773105863909,100.3448574814752,0.1825
2399587826,5589005,1H,3,26,00:03:26.474,207.474333,96,54,1612,257899,1,0,0,0,21.93171219946131,22.047947463560376,0.2644
2399587987,5589005,1H,6,55,00:06:55.034,416.034905,89,40,1612,543978,0,0,0,0,17.08800749063506,53.77204501016055,0.1889
2399588131,5589005,1H,11,11,00:11:11.555,672.555116,87,68,756,636122,0,0,0,0,38.47076812334269,13.039474901269514,0.06402
2399587928,5589005,1H,13,4,00:13:04.071,785.071009,94,42,756,532831,0,1,0,1,13.601470508735444,62.28918598474691,0.3748
2399588049,5589005,1H,17,1,00:17:01.042,1022.042075,90,30,756,536142,0,0,0,0,15.524174696260024,59.34933204294713,0.07596
2399588054,5589005,1H,17,3,00:17:03.815,1024.815636,86,59,756,532831,0,0,0,0,31.400636936215164,20.701606407723293,0.3177
2399588272,5589005,1H,22,12,00:22:12.171,1333.171571,79,56,1612,476382,0,0,0,0,34.058772731852805,23.448062577957817,0.01442
2399588349,5589005,1H,25,50,00:25:50.398,1551.398087,97,27,1612,431967,0,0,0,0,10.63014581273465,77.47119229084849,0.02884
2399588282,5589005,1H,32,18,00:32:18.360,1939.360516,83,18,756,397060,0,0,0,0,27.202941017470888,31.00209856037621,0.01398
2399588301,5589005,1H,33,8,00:33:08.878,1989.878103,90,72,756,636122,0,1,0,0,40.85339643163099,9.64944799140267,0.06611
2399588479,5589005,1H,34,50,00:34:50.675,2091.675742,89,65,1612,543978,0,0,0,0,34.88552708502482,14.225963898751795,0.1262
2399589407,5589005,1H,35,29,00:35:29.300,2130.300213,85,39,1612,222220,0,0,0,0,20.615528128088304,46.30195267257888,0.2037
2399588411,5589005,1H,37,26,00:37:26.217,2247.217194,77,40,756,708179,0,0,0,0,28.635642126552707,34.29409367624458,0.06058
2399588512,5589005,1H,43,11,00:43:11.437,2592.437021,74,33,756,397060,0,1,0,0,31.016124838541646,32.348990695907226,0.01587
2399588619,5589005,2H,45,23,00:45:23.513,2738.513346,86,31,756,397060,0,0,0,0,19.235384061671343,49.8012126883005,0.6688
2399588709,5589005,2H,45,57,00:45:57.330,2772.330136,79,28,1612,470819,0,0,0,0,26.68332812825267,36.56358402402735,0.01685
2399588650,5589005,2H,48,59,00:48:59.224,2954.224867,85,34,756,397060,0,0,0,0,20.0,48.45549063590834,0.09764
2399588786,5589005,2H,63,20,01:03:20.655,3815.655124,79,27,756,397060,0,0,0,0,26.92582403567252,36.006207601244434,0.009053
2399589300,5589005,2H,78,8,01:18:08.360,4703.360637,88,72,1612,120353,0,0,0,0,41.6293165929973,10.493960897512908,0.004761
2399589112,5589005,2H,81,29,01:21:29.590,4904.590577,82,39,756,422520,0,0,0,0,23.53720459187964,41.19449981088854,0.0227
2399589353,5589005,2H,86,42,01:26:42.945,5217.94583,77,76,1612,346101,0,0,0,0,50.47771785649585,11.546450821653501,0.03975
2399589402,5589005,2H,93,22,01:33:22.500,5617.500909,86,60,1612,120353,0,0,0,0,32.202484376209235,19.684191501619246,0.031
2513630862,5589339,1H,5,11,00:05:11.959,312.959938,77,38,2462,623404,0,0,0,0,28.284271247461902,35.029440463493,0.08092
2513630995,5589339,1H,11,19,00:11:19.541,680.541907,89,45,1624,286831,1,0,0,0,19.4164878389476,44.21517539700811,0.07048
2513631314,5589339,1H,25,37,00:25:37.318,1538.318505,94,45,1624,551442,0,0,0,0,15.556349186104045,50.88435978826091,0.202
2513631515,5589339,1H,44,53,00:44:53.167,2694.167084,85,50,2462,623404,0,0,0,0,25.612496949731394,32.050145526721174,0.1344
2513631886,5589339,2H,54,14,00:54:14.457,3261.457343,78,70,1624,779565,0,0,0,0,45.0,14.036243467926484,0.03501
2513631939,5589339,2H,55,29,00:55:29.666,3336.666267,85,43,1624,14911,0,0,0,0,21.93171219946131,41.98721249581666,0.1481
2513631942,5589339,2H,56,3,00:56:03.226,3370.226425,90,55,1624,361807,1,0,0,0,25.80697580112788,24.77514056883192,0.09683
2513631958,5589339,2H,57,39,00:57:39.255,3466.255639,90,66,1624,284302,0,0,0,0,35.34119409414458,13.016110768467204,0.1614
2513631795,5589339,2H,59,15,00:59:15.286,3562.286689,81,29,2462,583730,0,0,0,0,24.515301344262525,39.71875937155488,0.003584
2513631890,5589339,2H,62,40,01:02:40.214,3767.214779,93,54,2462,782039,0,0,0,0,23.323807579381203,25.010118524896047,0.3114
2513632194,5589339,2H,71,52,01:11:52.614,4319.61484,89,55,1624,361807,1,0,0,0,26.40075756488817,25.057615418303023,0.1422
2513632347,5589339,2H,82,0,01:22:00.139,4927.139603,87,44,1624,524163,0,0,0,0,20.591260281974,43.36832757911374,0.07763
2513632432,5589339,2H,92,47,01:32:47.666,5574.666174,93,50,1624,625787,1,0,0,0,20.0,34.10255701216545,0.2629
2532475489,5589346,1H,0,39,00:00:39.370,40.370928,97,59,1624,524163,1,0,0,0,26.248809496813376,13.324531261890792,0.2555
2532475590,5589346,1H,5,59,00:05:59.294,360.294062,89,46,1624,284302,0,1,0,1,20.0,42.07639644586144,0.478
2532475629,5589346,1H,9,15,00:09:15.326,556.326948,95,43,1624,625787,1,0,0,0,13.45362404707371,60.94539590092286,0.2772
2532475782,5589346,1H,14,37,00:14:37.591,878.59111,75,42,1624,413582,0,0,0,0,31.04834939252005,31.447934692554472,0.0009353
2532475873,5589346,1H,22,31,00:22:31.700,1352.700071,82,56,1624,413582,0,0,0,0,31.827660925679098,23.95108001823493,0.009187
2532475849,5589346,1H,27,32,00:27:32.196,1653.196809,82,58,7099,54552,0,0,0,0,33.24154027718932,22.01332969502579,0.05745
2532475965,5589346,1H,29,38,00:29:38.697,1779.697437,89,38,1624,604763,0,0,0,0,16.492422502470642,56.44788352249083,0.05983
2532476013,5589346,1H,31,20,00:31:20.690,1881.690247,86,31,1624,377071,0,0,0,0,19.235384061671343,49.8012126883005,0.1343
2532476052,5589346,1H,33,32,00:33:32.305,2013.305803,88,63,1624,284302,0,1,0,1,33.61547262794322,16.262302071936215,0.2688
2532476202,5589346,1H,37,46,00:37:46.625,2267.625091,81,49,1624,361807,0,0,0,0,28.30194339616981,30.96375653207352,0.09182
2532476261,5589346,1H,41,5,00:41:05.180,2466.180216,93,70,1624,286831,0,1,0,1,37.94733192202055,9.03107179644062,0.09043
2532476082,5589346,1H,45,40,00:45:40.303,2741.303252,91,57,7099,629771,0,0,0,0,26.92582403567252,21.370622269343183,0.2118
2532476483,5589346,2H,52,38,00:52:38.234,3289.234312,88,39,1624,286831,0,0,0,0,17.72004514666935,52.71297976353103,0.1337
2532476494,5589346,2H,53,19,00:53:19.482,3330.482613,74,42,1624,413582,0,0,0,0,32.01562118716424,30.587405557682644,0.02993
2532476629,5589346,2H,68,22,01:08:22.681,4233.681472,86,36,1624,286831,0,0,0,0,19.1049731745428,50.29344225303053,0.1043
2532476641,5589346,2H,69,2,01:09:02.438,4273.438261,90,57,1624,415847,1,0,0,0,27.459060435491963,21.86009912473741,0.08205
2532476774,5589346,2H,78,23,01:18:23.401,4834.401839,96,32,1624,604763,0,0,0,0,9.219544457292887,88.58557678859785,0.02537
2532476796,5589346,2H,79,35,01:19:35.036,4906.036709,85,64,1624,472363,0,0,0,1,36.05551275463989,16.453137274920454,0.2275
2532476808,5589346,2H,80,22,01:20:22.040,4953.040246,87,42,1624,415847,1,0,0,0,19.697715603592208,46.543253078247524,0.01198
2532476811,5589346,2H,80,22,01:20:22.764,4953.764584,86,34,1624,681063,0,0,0,0,19.0,50.69235188389338,0.2069
2532476660,5589346,2H,82,11,01:22:11.562,5062.562975,89,40,7099,54552,0,0,0,0,17.08800749063506,53.77204501016055,0.09346
2532476945,5589346,2H,94,58,01:34:58.048,5829.048296,89,41,1624,472363,0,0,0,0,17.46424919657298,52.1250163489018,0.1415
2451396546,5589309,1H,2,41,00:02:41.147,162.147487,91,48,7455,643940,1,0,0,0,19.79898987322333,39.01748307414253,0.1434
2451396986,5589309,1H,22,32,00:22:32.123,1353.12373,86,57,7455,471107,0,0,0,0,29.832867780352597,22.915925633349705,0.06363
2451397087,5589309,1H,26,8,00:26:08.964,1569.964949,88,66,7455,252418,0,0,0,0,36.235341863986875,13.948668787154986,0.02835
2451397122,5589309,1H,27,44,00:27:44.850,1665.850059,87,40,7455,471107,0,0,0,0,18.973665961010276,49.26789330029081,0.1746
2451396904,5589309,1H,30,58,00:30:58.918,1859.918406,82,68,687,504301,0,0,0,0,41.048751503547585,14.47245473734946,0.05067
2451397324,5589309,1H,37,37,00:37:37.047,2258.047835,94,49,7455,256760,0,0,0,0,18.601075237738275,36.76597554787117,0.4434
2451397453,5589309,1H,46,59,00:46:59.160,2820.160851,91,33,7455,296672,0,0,0,0,14.035668847618199,65.2825590889166,0.05608
2451397166,5589309,2H,49,22,00:49:22.025,3097.025254,90,53,687,607496,1,0,0,0,24.20743687382041,28.131342364061048,0.1232
2451397194,5589309,2H,51,52,00:51:52.879,3247.879174,84,63,687,503338,0,0,0,0,35.805027579936315,17.47075519204276,0.003332
2451397205,5589309,2H,52,26,00:52:26.240,3281.240426,85,38,687,713064,0,0,0,0,20.396078054371138,47.060111023723124,0.00866
2451397856,5589309,2H,61,21,01:01:21.734,3816.734503,88,30,7455,471107,0,1,0,0,17.46424919657298,53.794896965443336,0.03261
2451397935,5589309,2H,66,27,01:06:27.951,4122.951226,88,43,7455,452592,0,0,0,0,19.235384061671343,46.63657704161672,0.03153
2451397936,5589309,2H,66,29,01:06:29.767,4124.767273,87,51,7455,714791,0,0,0,0,24.758836806279895,31.342357494187848,0.2924
2451397960,5589309,2H,68,21,01:08:21.160,4236.160294,82,58,7455,752487,0,0,0,0,33.24154027718932,22.01332969502579,0.01097
2451397527,5589309,2H,70,23,01:10:23.751,4358.751672,69,46,687,278288,0,0,0,0,37.94733192202055,25.492795472803085,0.01575
2451397591,5589309,2H,75,24,01:15:24.041,4659.04151,95,42,687,355599,0,0,0,0,12.806248474865697,65.24504821803977,0.1841
2451397649,5589309,2H,79,37,01:19:37.064,4912.06402,64,56,687,355599,0,0,0,0,46.52956049652737,19.500412734859946,0.008301
2383753833,5589002,1H,7,14,00:07:14.013,435.013003,75,42,9607,3314,0,0,0,0,31.04834939252005,31.447934692554472,0.0147
2383753974,5589002,1H,8,35,00:08:35.146,516.146528,90,47,19830,784842,0,0,0,0,19.849433241279208,40.78170584465348,0.3035
2383754009,5589002,1H,10,59,00:10:59.079,660.079107,80,64,19830,360992,0,0,0,0,39.05124837953327,17.308828006436496,0.04301
2383754053,5589002,1H,12,45,00:12:45.127,766.127735,88,70,19830,614416,0,0,0,0,39.81205847478876,11.500283200649971,0.1046
2383754059,5589002,1H,12,47,00:12:47.742,768.742812,92,45,19830,784842,0,0,0,0,17.029386365926403,48.22997018164815,0.4763
2383754240,5589002,1H,28,22,00:28:22.986,1703.986327,76,37,19830,784842,0,0,0,0,29.154759474226502,34.16880357254231,0.04544
2383754457,5589002,1H,31,1,00:31:01.692,1862.692147,87,67,9607,3314,0,0,0,0,37.589892258425,13.671307132195835,0.02413
2383754470,5589002,1H,31,23,00:31:23.755,1884.755811,76,30,9607,743429,0,0,0,0,29.274562336608895,33.92794899222894,0.08307
2383754507,5589002,1H,36,7,00:36:07.360,2168.360351,89,37,9607,3314,0,0,0,0,16.278820596099706,57.425942865427494,0.3331
2383754518,5589002,1H,36,36,00:36:36.351,2197.351236,95,52,9607,70086,1,0,0,0,20.591260281974,27.689650674520408,0.2523
2383754591,5589002,1H,39,58,00:39:58.394,2399.394063,88,34,9607,474772,0,1,0,0,17.0,55.79454206189526,0.1307
2383754673,5589002,1H,45,18,00:45:18.118,2719.118194,96,63,9607,399652,0,0,0,0,30.364452901377952,10.90321405606339,0.07009
2383754701,5589002,1H,47,8,00:47:08.696,2829.696304,88,33,9607,743429,0,0,0,0,17.029386365926403,55.66666856493495,0.08721
2383754538,5589002,2H,46,19,00:46:19.477,2971.477973,92,59,19830,282772,0,0,0,0,28.178005607210743,18.169357141308335,0.5419
2383754905,5589002,2H,47,22,00:47:22.869,3034.869039,97,51,9607,347282,0,0,0,0,18.788294228055936,27.89727103094763,0.8271
2383754941,5589002,2H,50,42,00:50:42.111,3234.111328,94,49,9607,347282,1,0,0,0,18.601075237738275,36.76597554787117,0.1342
2383754773,5589002,2H,66,54,01:06:54.297,4206.29751,86,48,19830,683169,0,0,0,0,23.600847442411894,35.696769194534774,0.03459
2383754836,5589002,2H,74,13,01:14:13.942,4645.942459,92,32,19830,447188,0,0,0,0,13.152946437965905,68.5371140752802,0.04132
2383755261,5589002,2H,75,33,01:15:33.071,4725.071642,76,42,9607,474772,0,0,0,0,30.083217912982647,32.35406002225032,0.01347
2383755336,5589002,2H,82,50,01:22:50.995,5162.995827,82,44,9607,3314,0,0,0,0,25.079872407968907,37.07011504699534,0.01147
2383754956,5589002,2H,83,10,01:23:10.884,5182.884358,78,57,19830,447188,0,1,0,0,35.4682957019364,22.436424937262277,0.04097
2383755348,5589002,2H,83,42,01:23:42.312,5214.312247,90,50,9607,381492,1,0,0,0,21.93171219946131,34.01934998982646,0.1331
2383755359,5589002,2H,85,31,01:25:31.017,5323.017216,90,74,9607,3314,0,0,0,0,42.720018726587654,8.800466362669424,0.04069
2383755386,5589002,2H,87,25,01:27:25.213,5437.213377,90,48,9607,614755,1,0,0,0,20.518284528683193,38.453709216705974,0.1368
2383755430,5589002,2H,94,14,01:34:14.179,5846.179198,85,51,9607,532757,0,0,0,0,26.248809496813376,30.6299984848207,0.1413
2383755450,5589002,2H,96,48,01:36:48.258,6000.258177,87,59,9607,614755,0,0,0,0,30.805843601498726,20.46918963248217,0.3219
2529685883,5589097,1H,3,35,00:03:35.408,216.40865,73,44,2447,565394,0,0,0,0,33.52610922848042,28.909811942568346,0.03915
2529685928,5589097,1H,4,28,00:04:28.938,269.938459,91,51,2447,263490,0,0,0,0,22.02271554554524,31.954362937051407,0.3406
2529685916,5589097,1H,5,32,00:05:32.528,333.528194,81,50,2447,636225,0,0,0,0,28.844410203711913,29.908934619595467,0.04755
2529687351,5589097,1H,5,56,00:05:56.495,357.495129,89,36,2447,496766,0,0,0,0,16.1245154965971,58.13790071832522,0.08353
2529686090,5589097,1H,19,17,00:19:17.148,1158.148617,95,56,2447,334720,1,0,0,0,24.166091947189145,19.689895432986148,0.1984
2529686371,5589097,1H,20,5,00:20:05.888,1206.888516,90,29,676,408307,0,0,0,0,15.811388300841896,57.956483167255584,0.04794
2529686222,5589097,1H,29,0,00:29:00.577,1741.577843,89,54,2447,565394,1,0,0,0,25.612496949731394,26.604895245420895,0.1268
2529686297,5589097,1H,36,20,00:36:20.330,2181.330952,91,27,2447,496766,0,1,0,0,15.652475842498529,56.94417718844633,0.03508
2529686396,5589097,1H,44,9,00:44:09.504,2650.504828,87,69,2447,496766,0,0,0,0,39.35733730830886,12.446129874021604,0.02622
2529686487,5589097,2H,47,24,00:47:24.979,2967.979721,90,35,2447,496766,0,0,0,0,15.033296378372908,61.76255446183274,0.1087
2529686489,5589097,2H,47,27,00:47:27.696,2970.696656,87,48,2447,15526,0,0,0,0,22.80350850198276,36.428846471419654,0.2449
2529687320,5589097,2H,47,41,00:47:41.443,2984.443351,95,67,2447,15526,0,0,0,0,34.48187929913333,9.227367194289329,0.04829
2529686496,5589097,2H,48,18,00:48:18.926,3021.926864,98,55,2447,263490,1,0,0,0,22.135943621178654,17.12241485713294,0.3192
2529687039,5589097,2H,51,16,00:51:16.573,3199.573406,79,61,676,770398,0,0,0,0,37.48332962798263,19.46719351448774,0.04342
2529687053,5589097,2H,51,49,00:51:49.367,3232.367073,91,57,676,470747,1,0,0,0,26.92582403567252,21.370622269343183,0.09837
2529686723,5589097,2H,58,33,00:58:33.601,3636.601062,91,70,2447,565394,0,0,0,0,38.62641583165593,10.126077066001766,0.124
2529687282,5589097,2H,61,24,01:01:24.033,3807.033569,79,41,676,776387,0,0,0,0,26.92582403567252,36.006207601244434,0.01507
2529687319,5589097,2H,63,39,01:03:39.262,3942.262064,86,56,676,776387,0,0,0,0,29.068883707497267,24.115388556950947,0.07342
2529687423,5589097,2H,72,19,01:12:19.328,4462.328793,85,58,676,408307,0,0,0,0,31.240998703626616,21.91169958980961,0.1079
2529687375,5589097,2H,75,11,01:15:11.861,4634.861895,93,56,2447,263490,0,0,0,0,25.059928172283335,21.548130140533196,0.4045
2529687471,5589097,2H,81,30,01:21:30.387,5013.387306,89,42,676,473367,0,0,0,0,17.88854381999832,50.312038963925744,0.1605
2529687062,5589097,2H,84,4,01:24:04.561,5167.561098,91,34,2447,636225,0,0,0,0,14.0,65.4704525442152,0.01725
2529687205,5589097,2H,92,35,01:32:35.625,5678.625627,87,71,2447,15526,0,0,0,0,41.14608122288197,11.364604002764409,0.01075
2441813623,5589051,1H,0,47,00:00:47.610,48.610314,87,41,3776,594255,0,0,0,0,19.313207915827967,47.97373108248011,0.1435
2441813675,5589051,1H,3,39,00:03:39.826,220.826775,93,66,3776,594255,0,0,0,1,34.17601498127012,11.238959150457239,0.1067
2441813733,5589051,1H,6,50,00:06:50.400,411.40038,90,77,3776,507103,0,1,0,1,45.5411901469428,7.715127169605544,0.05892
2441813807,5589051,1H,12,52,00:12:52.841,773.84167,87,28,12,580163,0,0,0,0,18.973665961010276,49.26789330029081,0.05521
2441815144,5589051,1H,13,28,00:13:28.971,809.97172,97,51,12,516819,0,0,0,0,18.788294228055936,27.89727103094763,0.4655
2441813943,5589051,1H,22,3,00:22:03.278,1324.278844,92,66,3776,37824,0,1,0,1,34.539832078341085,11.883464441064152,0.05306
2441815122,5589051,1H,22,52,00:22:52.138,1373.138059,98,31,3776,600547,1,0,0,0,7.615773105863909,100.3448574814752,0.03921
2441814020,5589051,1H,26,25,00:26:25.004,1586.004707,82,69,3776,25999,0,0,0,0,41.88078318274385,13.899172486571818,0.04884
2441814038,5589051,1H,28,29,00:28:29.040,1710.040885,94,48,3776,25999,1,0,0,0,17.804493814764857,39.996080047759655,0.1289
2441814415,5589051,2H,46,35,00:46:35.932,3170.932246,95,54,12,240562,0,0,0,0,22.360679774997898,23.248082968525054,0.4839
2441814561,5589051,2H,56,4,00:56:04.811,3739.81178,95,34,3776,447990,0,0,0,0,10.0,83.97442499163331,0.03615
2441814623,5589051,2H,59,38,00:59:38.887,3953.887196,85,69,12,564044,0,0,0,0,40.311288741492746,13.124637248410952,0.005616
2441814691,5589051,2H,66,11,01:06:11.963,4346.963068,94,36,12,658924,1,0,0,0,11.180339887498949,77.47119229084849,0.08391
2441815129,5589051,2H,73,23,01:13:23.573,4778.573061,87,49,3776,502961,0,0,0,0,23.430749027719962,34.69515353123396,0.09651
2441814928,5589051,2H,79,19,01:19:19.816,5134.816512,96,51,3776,25999,1,0,0,0,19.235384061671343,29.272968662944194,0.5179
2441815065,5589051,2H,85,38,01:25:38.505,5513.505207,75,41,3776,37824,0,0,0,0,30.805843601498726,31.886561770143313,0.007528
2441814974,5589051,2H,87,49,01:27:49.672,5644.672005,86,59,12,757253,0,0,0,0,31.400636936215164,20.701606407723293,0.0837
2512480520,5589091,1H,6,6,00:06:06.418,367.418845,87,63,2444,557016,0,0,0,0,34.132096331752024,16.641036553869966,0.07082
2512480899,5589091,1H,10,46,00:10:46.572,647.572515,91,30,3161,301017,0,0,0,0,14.560219778561036,62.53272766139187,0.001655
2512480921,5589091,1H,11,4,00:11:04.860,665.860801,81,37,3161,15524,0,0,0,0,24.186773244895647,40.60129464500447,0.002743
2512480620,5589091,1H,13,4,00:13:04.896,785.896349,95,49,2444,8717,1,0,0,0,18.027756377319946,36.416378519886045,0.2251
2512480652,5589091,1H,15,22,00:15:22.949,923.949789,77,34,2444,557016,0,0,0,0,28.0,35.63777782904556,0.04337
2512481081,5589091,1H,17,7,00:17:07.858,1028.858833,88,26,3161,301017,0,0,0,0,18.788294228055936,48.3664606634298,0.0194
2512480704,5589091,1H,19,31,00:19:31.783,1172.783705,91,66,2444,28907,0,0,0,0,34.92849839314596,12.47553410338505,0.1515
2512481177,5589091,1H,19,58,00:19:58.503,1199.503113,77,49,3161,15524,0,0,0,0,31.76476034853718,28.506537567992368,0.01851
2512480743,5589091,1H,21,27,00:21:27.113,1288.113773,90,76,2444,557016,0,0,0,0,44.598206241955516,8.05441444638176,0.02847
2512480745,5589091,1H,21,28,00:21:28.827,1289.827416,91,62,2444,8717,1,0,0,0,31.304951684997057,15.658792950275346,0.2106
2512480806,5589091,1H,25,22,00:25:22.583,1523.58343,91,45,2444,8717,0,0,0,0,17.804493814764857,46.877877447285364,0.2205
2512481408,5589091,1H,30,1,00:30:01.713,1802.713628,91,27,3161,435501,0,0,0,0,15.652475842498529,56.94417718844633,0.06198
2512481645,5589091,1H,37,14,00:37:14.694,2235.694461,84,47,3161,372255,0,0,0,0,24.698178070456937,35.54792198630704,0.115
2512481961,5589091,2H,55,5,00:55:05.328,3396.328531,92,69,3161,372255,0,0,0,0,37.33630940518894,10.105036365037957,0.1209
2512481280,5589091,2H,55,31,00:55:31.887,3422.887873,89,29,2444,245364,0,0,0,0,16.76305461424021,55.22216863363612,0.03134
2512481412,5589091,2H,61,27,01:01:27.284,3778.284557,76,37,2444,245364,0,0,0,0,29.154759474226502,34.16880357254231,0.003785
2512481418,5589091,2H,61,34,01:01:34.529,3785.529903,93,47,2444,517581,1,0,0,0,17.69180601295413,42.95459151111278,0.2673
2512481476,5589091,2H,63,59,01:03:59.209,3930.209295,80,47,2444,28907,0,0,0,0,28.178005607210743,32.25750029887134,0.04397
2512482110,5589091,2H,75,35,01:15:35.921,4626.921765,73,72,3161,372255,0,1,0,0,49.678969393496885,13.566523677399282,0.008385
2512481757,5589091,2H,76,45,01:16:45.934,4696.934254,95,25,2444,134397,0,0,0,0,13.45362404707371,60.94539590092286,0.07524
2512481792,5589091,2H,79,29,01:19:29.527,4860.527487,85,47,2444,8717,0,0,0,0,23.853720883753127,36.41637851988605,0.005415
2512481817,5589091,2H,81,5,01:21:05.600,4956.600538,85,44,2444,14732,0,0,0,0,22.360679774997898,40.66879405950243,0.07201
2512481823,5589091,2H,82,0,01:22:00.223,5011.223754,75,55,2444,606257,0,0,0,0,36.61966684720111,23.198590513648185,0.002416
2512481873,5589091,2H,84,16,01:24:16.886,5147.886109,96,55,2444,14732,0,0,0,0,22.847319317591726,20.170653411850406,0.5255
2512481885,5589091,2H,86,0,01:26:00.516,5251.51641,78,32,2444,8717,0,0,0,0,27.073972741361768,36.70080090262258,0.03745
2512482177,5589091,2H,87,31,01:27:31.286,5342.286603,96,51,3161,423151,0,0,0,0,19.235384061671343,29.272968662944194,0.664
2512481944,5589091,2H,90,20,01:30:20.844,5511.844645,89,39,2444,14732,1,1,0,0,16.76305461424021,55.22216863363612,0.06048
2512481972,5589091,2H,91,34,01:31:34.917,5585.917656,84,64,2444,517581,0,0,0,0,36.61966684720111,16.69924423399363,0.006118
2455427823,5589069,1H,3,37,00:03:37.595,218.595142,78,52,675,353833,0,1,0,1,32.449961479175904,26.56505117707799,0.09479
2455427916,5589069,1H,9,39,00:09:39.170,580.170882,84,34,1625,568412,0,0,0,0,21.0,46.39718102729638,0.02565
2455427975,5589069,1H,14,9,00:14:09.469,850.469405,95,37,675,617894,1,0,0,0,10.44030650891055,81.15818543980834,0.1067
2455428027,5589069,1H,18,4,00:18:04.746,1085.746801,80,32,675,353833,0,0,0,0,25.079872407968907,39.39174095007549,0.04307
2455428064,5589069,1H,19,22,00:19:22.846,1163.846646,81,43,675,353833,0,0,0,0,25.632011235952593,36.86989764584402,0.005286
2455428070,5589069,1H,20,29,00:20:29.009,1230.009882,73,29,675,364005,0,0,0,0,32.38826948140329,30.754394079558615,0.01577
2455428179,5589069,1H,28,29,00:28:29.619,1710.61927,85,62,675,353833,0,1,0,1,34.40930106817051,18.07578129300283,0.2095
2455428273,5589069,1H,32,51,00:32:51.124,1972.124293,91,42,675,353833,0,0,0,0,16.1245154965971,54.61315693163105,0.4027
2455428569,5589069,2H,48,57,00:48:57.644,3086.644979,87,66,675,547260,0,0,0,0,36.71511950137164,14.34439658085985,0.07461
2455428621,5589069,2H,52,6,00:52:06.656,3275.65681,74,41,675,547260,0,0,0,0,31.78049716414141,30.99095819778408,0.01823
2455428809,5589069,2H,56,45,00:56:45.231,3554.231056,94,47,675,353833,0,0,0,0,17.029386365926403,43.451842301022026,0.3868
2455428754,5589069,2H,60,9,01:00:09.224,3758.224933,87,64,675,353833,0,0,0,0,34.9857113690718,15.826154076172545,0.1502
2455429005,5589069,2H,64,3,01:04:03.279,3992.27925,76,54,1625,447205,0,0,0,0,35.22782990761707,24.22774531795417,0.004559
2455429046,5589069,2H,66,6,01:06:06.596,4115.596609,69,44,1625,447205,0,0,0,0,37.36308338453881,26.23295611305867,0.003397
2455428968,5589069,2H,69,35,01:09:35.118,4324.11831,95,58,675,493295,0,0,0,0,26.0,16.83166875824151,0.4453
2455429039,5589069,2H,72,29,01:12:29.535,4498.535143,87,46,675,493295,0,0,0,0,21.633307652783937,39.93638314696992,0.2009
2455429050,5589069,2H,73,6,01:13:06.258,4535.258392,87,40,675,493295,0,0,0,0,18.973665961010276,49.26789330029081,0.1205
2455429180,5589069,2H,75,14,01:15:14.750,4663.750976,72,56,1625,447205,0,0,0,0,39.66106403010388,21.708655067706026,0.02292
2455429204,5589069,2H,75,41,01:15:41.853,4690.853039,94,70,1625,661732,0,0,0,0,37.64306044943742,8.43007751645989,0.07637
2455429214,5589069,2H,76,4,01:16:04.144,4713.144066,85,61,1625,265673,0,0,0,0,33.60059523282288,18.9581834051062,0.137
2455429273,5589069,2H,79,49,01:19:49.995,4938.995173,76,43,1625,69404,0,0,0,0,30.364452901377952,31.827446576673108,0.04913
2455429385,5589069,2H,84,13,01:24:13.901,5202.901436,88,36,675,547260,0,0,0,0,17.11724276862369,55.28537797494747,0.1177
2455429378,5589069,2H,86,51,01:26:51.625,5360.625541,81,57,1625,528194,0,0,0,0,33.24154027718932,22.873665190626713,0.05957
2455429380,5589069,2H,86,56,01:26:56.110,5365.110996,96,70,1625,653730,0,0,0,0,37.107950630558946,7.1250163489017995,0.0976
2455429394,5589069,2H,91,10,01:31:10.264,5619.264066,94,46,1625,584520,0,0,1,0,16.278820596099706,47.09890593320355,0.7554
2321092589,5588945,1H,9,41,00:09:41.896,582.896191,92,50,9417,252589,0,0,0,0,20.615528128088304,34.22481260771649,0.2917
2321093402,5588945,1H,12,20,00:12:20.734,741.734701,90,46,19830,137669,0,0,0,0,19.209372712298546,43.15238973400541,0.4359
2321092844,5588945,1H,43,2,00:43:02.417,2583.417637,78,67,9417,217772,0,0,0,0,42.638011210655684,15.631234391322206,0.001407
2321093710,5588945,1H,45,30,00:45:30.337,2731.337554,89,26,19830,137669,0,0,0,0,17.88854381999832,50.312038963925744,0.009198
2321093716,5588945,1H,46,26,00:46:26.985,2787.985124,89,34,19830,618580,0,0,0,0,16.0,58.71550708558255,0.0866
2321092868,5588945,1H,47,18,00:47:18.940,2839.940966,92,66,9417,699844,0,0,0,0,34.539832078341085,11.883464441064152,0.2306
2321092908,5588945,2H,48,18,00:48:18.296,3161.296427,89,52,9417,252589,0,0,0,0,24.08318915758459,29.99157850015586,0.1342
2321092951,5588945,2H,51,49,00:51:49.569,3372.569415,94,52,9417,252589,0,0,0,0,21.095023109728988,28.544247315417184,0.3367
2321093816,5588945,2H,54,39,00:54:39.241,3542.24167,85,50,19830,447188,0,0,0,0,25.612496949731394,32.050145526721174,0.06724
2321093037,5588945,2H,59,7,00:59:07.781,3810.7818,84,43,9417,252589,0,0,0,0,22.847319317591726,40.60129464500447,0.02954
2321093084,5588945,2H,65,16,01:05:16.197,4179.197134,80,48,9417,547565,0,0,0,0,28.653097563788805,31.304123495590975,0.1685
2321094018,5588945,2H,73,47,01:13:47.030,4690.030158,94,47,19830,557942,1,0,0,0,17.029386365926403,43.451842301022026,0.2804
2321093218,5588945,2H,84,35,01:24:35.461,5338.461495,86,64,9417,648767,0,0,0,0,35.510561809129406,16.163200811456928,0.03711
2321094120,5588945,2H,86,54,01:26:54.124,5477.124134,97,60,19830,137669,1,0,0,0,27.202941017470888,12.326122085862604,0.1193
2478055518,5590079,1H,3,18,00:03:18.267,199.26777,88,45,7452,593207,1,1,0,1,20.248456731316587,42.92562661914572,0.09144
2478055678,5590079,1H,12,50,00:12:50.789,771.789904,91,60,7452,574320,0,0,0,0,29.5296461204668,17.671050361992013,0.06566
2478055684,5590079,1H,12,56,00:12:56.328,777.328067,91,40,7452,301028,1,0,0,0,15.231546211727817,59.069691087894086,0.1616
2478056159,5590079,1H,41,34,00:41:34.040,2495.040599,93,54,7452,51144,1,0,0,0,23.323807579381203,25.010118524896047,0.1393
2478056396,5590079,2H,46,54,00:46:54.396,2882.39687,95,59,1610,346131,0,0,0,0,26.92582403567252,15.61584287404872,0.2331
2478056469,5590079,2H,48,19,00:48:19.249,2967.24986,86,29,1610,447223,0,0,0,0,19.6468827043885,48.27300985546386,0.06684
2478056361,5590079,2H,52,55,00:52:55.850,3243.850435,79,59,7452,612346,0,0,0,0,36.069377593742864,20.987141122342546,0.005571
2478056615,5590079,2H,54,0,00:54:00.813,3308.813217,92,37,1610,447408,0,0,0,0,13.341664064126334,67.4845305261934,0.1936
2478056456,5590079,2H,60,29,01:00:29.541,3697.541046,80,68,7452,612346,0,0,0,0,42.20189569201838,14.826479970355672,0.02049
2478056770,5590079,2H,61,33,01:01:33.899,3761.899665,77,43,1610,496823,0,0,0,0,29.410882339705484,32.7352262721076,0.05359
2478056873,5590079,2H,64,2,01:04:02.769,3910.769582,82,49,1610,551497,0,0,0,0,27.459060435491963,31.598001246499646,0.1496
2478056950,5590079,2H,72,22,01:12:22.909,4410.909323,81,56,1610,776857,0,0,0,0,32.55764119219941,23.810265988361987,0.07673
2478056669,5590079,2H,82,3,01:22:03.796,4991.796635,78,56,7452,837029,0,0,0,0,34.828149534535996,23.235232448226295,0.01887
2478057060,5590079,2H,85,9,01:25:09.098,5177.098709,85,29,1610,776857,0,0,0,0,20.615528128088304,46.30195267257888,0.007347
2478057081,5590079,2H,87,52,01:27:52.514,5340.514684,86,47,1610,551497,0,0,0,0,23.021728866442675,37.29625808549044,0.2021
2478056816,5590079,2H,90,38,01:30:38.002,5506.002252,88,31,7452,301028,0,0,0,0,17.26267650163207,54.65762779636891,0.03852
2478056834,5590079,2H,91,14,01:31:14.775,5542.775451,92,68,7452,574320,0,0,0,0,36.40054944640259,10.65302173623631,0.1189
2478057114,5590079,2H,93,9,01:33:09.987,5657.98762,83,50,1610,551497,0,0,0,0,27.202941017470888,31.00209856037621,0.2875
2388270181,5589003,1H,5,21,00:05:21.950,322.950365,86,54,11,595191,0,0,0,0,27.586228448267445,26.699706110158193,0.1991
2388269821,5589003,1H,7,2,00:07:02.811,423.811458,91,55,14504,542941,0,0,0,0,25.238858928247925,24.38181187689552,0.2851
2388270290,5589003,1H,10,17,00:10:17.421,618.421592,86,49,11,363990,0,0,0,0,24.20743687382041,34.10694624141559,0.01723
2388269873,5589003,1H,15,21,00:15:21.839,922.839589,81,54,14504,532723,0,0,0,0,31.240998703626616,25.765746973809794,0.1078
2388269899,5589003,1H,18,9,00:18:09.577,1090.577965,91,67,14504,283284,0,0,0,0,35.84689665786984,11.821488340607251,0.02286
2388270466,5589003,1H,19,33,00:19:33.001,1174.00166,88,47,11,267,1,0,0,0,21.400934559032695,39.06523961812362,0.09182
2388270486,5589003,1H,20,16,00:20:16.545,1217.545151,81,71,11,363990,0,0,0,0,44.10215414239989,13.048483068286671,0.0158
2388269940,5589003,1H,22,54,00:22:54.171,1375.171383,81,41,14504,532794,0,0,0,0,25.0,38.45370921670597,0.0412
2388270594,5589003,1H,25,32,00:25:32.831,1533.831104,92,58,11,267,0,1,0,1,27.294688127912362,19.412948895977213,0.091
2388270016,5589003,1H,26,56,00:26:56.056,1617.056604,86,47,14504,542941,1,0,0,0,23.021728866442675,37.29625808549044,0.07614
2388270625,5589003,1H,27,42,00:27:42.318,1663.318609,78,58,11,631024,0,0,0,0,36.124783736376884,21.6559890384225,0.03712
2388270631,5589003,1H,27,48,00:27:48.826,1669.826544,87,31,11,475601,0,0,0,0,18.24828759089466,52.1250163489018,0.1022
2388270638,5589003,1H,28,33,00:28:33.464,1714.464068,75,53,11,631024,0,0,0,0,35.510561809129406,24.590117166196016,0.04788
2388270661,5589003,1H,30,9,00:30:09.955,1810.955213,87,51,11,595191,0,0,0,0,24.758836806279895,31.342357494187848,0.205
2388270111,5589003,1H,36,14,00:36:14.861,2175.861827,87,62,14504,283284,0,0,0,0,33.28663395418648,17.509546811150354,0.04248
2388270834,5589003,1H,40,4,00:40:04.537,2405.537043,81,46,11,296888,0,0,0,0,26.832815729997478,34.060908816807846,0.04641
2388270148,5589003,1H,42,3,00:42:03.381,2524.381909,94,63,14504,283279,1,0,0,0,31.016124838541646,12.666454962689578,0.0518
2388270159,5589003,1H,42,22,00:42:22.646,2543.646787,94,50,14504,283279,1,0,0,0,19.4164878389476,33.77931321628475,0.2431
2388270899,5589003,1H,43,1,00:43:01.202,2582.202077,91,52,11,267,1,0,0,0,22.80350850198276,29.857198290073992,0.1729
2388271012,5589003,2H,47,13,00:47:13.915,2907.915526,80,46,11,522407,0,0,0,0,27.730849247724095,33.18748585925876,0.02221
2388271103,5589003,2H,54,52,00:54:52.850,3366.850054,78,57,11,296888,0,0,0,0,35.4682957019364,22.436424937262277,0.001978
2388270382,5589003,2H,57,9,00:57:09.558,3503.558309,78,46,14504,628643,0,0,0,0,29.546573405388315,31.534791905188296,0.0167
2388270409,5589003,2H,58,4,00:58:04.930,3558.930386,86,64,14504,532716,0,0,0,0,35.510561809129406,16.163200811456928,0.08748
2388271164,5589003,2H,60,52,01:00:52.483,3726.48327,86,68,11,550283,0,0,0,0,38.948684188300895,13.396093798402946,0.06495
2388271266,5589003,2H,71,36,01:11:36.336,4370.336842,79,70,11,595191,0,0,0,0,44.40720662234904,13.900708385730224,0.03388
2388271310,5589003,2H,74,44,01:14:44.350,4558.350271,89,48,11,550283,1,0,0,0,21.2602916254693,37.821486206781884,0.06712
2388271350,5589003,2H,79,25,01:19:25.935,4839.935121,89,51,11,446065,1,0,0,0,23.345235059857504,31.827446576673108,0.04067
2388271368,5589003,2H,80,43,01:20:43.006,4917.006593,88,53,11,363990,0,0,0,0,25.495097567963924,28.270723386162697,0.2428
2388271370,5589003,2H,80,45,01:20:45.474,4919.474707,75,50,11,631024,0,0,0,0,34.0,26.671548785868872,0.01173
2388271378,5589003,2H,81,28,01:21:28.860,4962.860175,90,53,11,550283,1,0,0,0,24.20743687382041,28.131342364061048,0.05879
2388271387,5589003,2H,82,32,01:22:32.492,5026.492664,92,47,11,446065,1,0,0,0,18.384776310850235,42.31804415845862,0.2419
2388270867,5589003,2H,83,46,01:23:46.969,5100.969063,91,72,14504,544823,0,0,0,0,40.496913462633174,9.181989067411301,0.07064
2388270873,5589003,2H,84,32,01:24:32.642,5146.642084,77,49,14504,532716,0,0,0,0,31.76476034853718,28.506537567992368,0.009545
2388271416,5589003,2H,85,37,01:25:37.774,5211.774911,91,66,11,595191,0,0,0,0,34.92849839314596,12.47553410338505,0.1701
2388271428,5589003,2H,88,8,01:28:08.805,5362.805446,80,65,11,446065,0,0,0,0,39.824615503479755,16.646839572222838,0.06591
2388271430,5589003,2H,88,39,01:28:39.845,5393.845712,80,54,11,289122,0,0,0,0,32.01562118716424,25.486900306192084,0.03448
2388271440,5589003,2H,89,51,01:29:51.577,5465.577474,78,30,11,295156,0,0,0,0,27.294688127912362,36.20143079314286,0.001837
2388271511,5589003,2H,89,54,01:29:54.333,5468.333387,74,44,11,522407,0,0,0,0,32.57299494980466,29.6566564532096,0.08613
2388271458,5589003,2H,91,33,01:31:33.452,5567.452582,91,60,11,295156,0,0,0,0,29.5296461204668,17.671050361992013,0.1453
2388271510,5589003,2H,91,48,01:31:48.301,5582.301484,81,53,11,363990,0,0,0,0,30.610455730027933,26.778840406955112,0.03787
2388271468,5589003,2H,92,25,01:32:25.155,5619.155025,79,57,11,295156,0,0,0,0,34.713109915419565,22.60538534776412,0.002592
2388271488,5589003,2H,94,0,01:34:00.238,5714.238922,85,64,11,595191,0,0,0,0,36.05551275463989,16.453137274920454,0.008041
2388271494,5589003,2H,94,15,01:34:15.415,5729.415264,87,27,11,295156,0,0,0,0,19.313207915827967,47.97373108248011,0.05463
2388271501,5589003,2H,94,36,01:34:36.766,5750.766881,96,45,11,550283,0,0,0,0,14.212670403551895,53.24344697289432,0.4901
2471627662,5590067,1H,3,25,00:03:25.725,206.725552,76,69,12508,408136,0,0,0,0,45.45327270945405,14.733616886004201,0.002371
2471627686,5590067,1H,4,23,00:04:23.953,264.95367,87,43,12508,336262,0,0,0,0,20.12461179749811,45.0,0.1321
2471628610,5590067,1H,13,14,00:13:14.860,795.860504,78,31,3176,410031,0,0,0,0,27.16615541441225,36.49129668372969,0.02838
2471627780,5590067,1H,18,3,00:18:03.748,1084.748706,86,31,12508,174,0,0,0,0,19.235384061671343,49.8012126883005,0.1241
2471628690,5590067,1H,21,34,00:21:34.741,1295.741726,89,41,3176,532465,0,0,0,0,17.46424919657298,52.1250163489018,0.08897
2471628704,5590067,1H,22,49,00:22:49.886,1370.886963,85,43,3176,532465,0,0,0,0,21.93171219946131,41.98721249581666,0.1038
2471628792,5590067,1H,36,53,00:36:53.624,2214.624711,87,45,3176,302799,0,0,0,0,21.095023109728988,41.67259575827343,0.08337
2471628807,5590067,1H,39,24,00:39:24.610,2365.610651,75,42,3176,302799,0,0,0,0,31.04834939252005,31.447934692554472,0.008415
2471628850,5590067,1H,43,20,00:43:20.859,2601.859994,86,50,3176,632932,1,0,0,0,24.839484696748443,32.54030658725726,0.09006
2471628130,5590067,2H,54,1,00:54:01.852,3525.852976,83,51,12508,408136,0,0,0,0,27.80287754891569,29.780535168826198,0.1071
2471628204,5590067,2H,64,6,01:04:06.700,4130.70078,88,51,12508,336262,1,0,0,0,24.041630560342615,31.620364695132185,0.09564
2471629010,5590067,2H,67,21,01:07:21.724,4325.724769,87,53,3176,410031,0,0,0,0,26.1725046566048,28.21016962881526,0.02009
2471628338,5590067,2H,82,8,01:22:08.561,5212.561356,86,26,12508,174,0,0,0,0,20.615528128088304,44.83295738431911,0.04574
2319456716,5588932,1H,9,10,00:09:10.460,551.460358,95,33,8743,544936,0,0,0,0,10.04987562112089,83.6598082540901,0.03055
2319456758,5588932,1H,15,59,00:15:59.073,960.07329,80,50,8743,581004,0,0,0,0,29.68164415931166,29.357753542791276,0.1346
2319456796,5588932,1H,18,58,00:18:58.678,1139.678154,96,34,8743,762032,0,0,0,0,9.0,90.0,0.07661
2319456811,5588932,1H,21,21,00:21:21.612,1282.612856,92,59,8743,762032,0,0,0,0,28.178005607210743,18.169357141308335,0.1074
2319456834,5588932,1H,22,47,00:22:47.792,1368.792742,93,33,8743,762032,0,0,0,0,12.041594578792296,73.49563861824498,0.04007
2319458348,5588932,1H,23,5,00:23:05.319,1386.319314,88,49,3803,673805,0,1,0,0,22.67156809750927,35.24875173219061,0.3489
2319456934,5588932,1H,32,49,00:32:49.966,1970.966555,78,30,8743,581004,0,0,0,0,27.294688127912362,36.20143079314286,0.02403
2319456979,5588932,1H,36,57,00:36:57.872,2218.872362,84,43,8743,836824,0,0,0,0,22.847319317591726,40.60129464500447,0.1344
2319457844,5588932,1H,37,31,00:37:31.138,2252.138325,89,52,3803,673805,0,0,0,0,24.08318915758459,29.99157850015586,0.3232
2319457012,5588932,1H,40,30,00:40:30.423,2431.423392,87,48,8743,544936,0,0,0,0,22.80350850198276,36.428846471419654,0.1294
2319457963,5588932,2H,45,56,00:45:56.473,3070.473209,87,37,3803,426712,1,0,0,0,18.24828759089466,52.1250163489018,0.03866
2319457987,5588932,2H,48,14,00:48:14.224,3208.224932,75,41,3803,426712,0,0,0,0,30.805843601498726,31.886561770143313,0.02063
2319457227,5588932,2H,54,44,00:54:44.003,3598.003956,84,39,8743,836824,0,0,0,0,21.587033144922902,44.474365393542385,0.1204
2319457242,5588932,2H,56,48,00:56:48.896,3722.896957,89,35,8743,836824,0,0,0,0,16.0312195418814,58.57043438516149,0.1726
2319457256,5588932,2H,57,20,00:57:20.647,3754.647058,98,60,8743,627454,0,0,0,0,26.92582403567252,11.070202577939362,0.05531
2319457300,5588932,2H,63,38,01:03:38.283,4132.283712,94,34,8743,581004,0,0,0,0,11.0,78.57881372500071,0.1209
2319458110,5588932,2H,65,39,01:05:39.482,4253.482648,87,58,3803,426712,0,1,0,0,30.0,21.583969241769598,0.1726
2319458132,5588932,2H,69,53,01:09:53.204,4507.204231,78,62,3803,426794,0,0,0,0,38.897300677553446,18.746466093604607,0.01122
2319458133,5588932,2H,69,54,01:09:54.767,4508.767648,89,43,3803,673805,0,0,0,0,18.35755975068582,48.366460663429805,0.5124
2319458171,5588932,2H,74,55,01:14:55.386,4809.386918,82,52,3803,366745,0,0,0,0,29.206163733020468,28.203298990557677,0.1147
2319458193,5588932,2H,78,45,01:18:45.674,5039.67424,86,39,3803,328556,0,0,0,0,19.6468827043885,48.27300985546386,0.151
2319458270,5588932,2H,85,1,01:25:01.591,5415.591629,92,54,3803,381235,1,0,0,0,23.853720883753127,25.618099730304525,0.1246
2319458345,5588932,2H,92,28,01:32:28.187,5862.187969,73,51,3803,26065,0,0,0,0,36.235341863986875,25.057615418303023,0.03404
2480234628,5589087,1H,4,48,00:04:48.307,289.307449,96,47,2444,8717,0,0,0,0,15.811388300841896,43.78848736820945,0.6688
2480234905,5589087,1H,11,38,00:11:38.619,699.619239,89,60,2446,364082,0,0,0,0,30.528675044947494,18.6971240904703,0.05391
2480234700,5589087,1H,14,25,00:14:25.496,866.496867,78,58,2444,8717,0,0,0,0,36.124783736376884,21.6559890384225,0.1185
2480234724,5589087,1H,15,44,00:15:44.331,945.331443,82,67,2444,557016,0,0,0,0,40.22437072223753,15.075172221467618,0.05212
2480235142,5589087,1H,23,50,00:23:50.686,1431.686598,91,63,2446,661981,0,0,0,0,32.202484376209235,14.767160767390578,0.01747
2480234868,5589087,1H,28,9,00:28:09.446,1690.446585,90,67,2444,231139,0,0,0,0,36.24913792078372,12.35155915003019,0.1005
2480235336,5589087,1H,36,59,00:36:59.292,2220.29279,92,43,2446,234359,1,0,0,0,15.811388300841896,54.16234704572171,0.05699
2480235446,5589087,1H,43,52,00:43:52.408,2633.408439,93,46,2446,234359,1,0,0,0,16.97056274847714,46.21887523513131,0.2186
2480235211,5589087,2H,48,15,00:48:15.868,3023.868528,88,30,2444,557016,0,1,0,0,17.46424919657298,53.794896965443336,0.07679
2480235252,5589087,2H,51,35,00:51:35.769,3223.769536,96,50,2444,8717,0,0,0,0,18.35755975068582,32.32613999437687,0.5297
2480235302,5589087,2H,56,6,00:56:06.758,3494.758589,91,68,2444,231139,0,0,0,0,36.76955262170047,11.21454076941712,0.0764
2480235834,5589087,2H,63,32,01:03:32.863,3940.863201,81,59,2446,282448,0,0,0,0,34.655446902326915,21.0923395058275,0.07817
2480235847,5589087,2H,64,38,01:04:38.103,4006.103551,83,72,2446,447207,0,0,0,0,43.9089968002003,12.101112447042208,0.03355
2480235855,5589087,2H,65,37,01:05:37.701,4065.701585,78,43,2446,447207,0,0,0,0,28.460498941515414,33.690067525979785,0.04193
2480235864,5589087,2H,65,58,01:05:58.333,4086.333621,86,49,2446,4787,0,0,0,0,24.20743687382041,34.10694624141559,0.04916
2480235867,5589087,2H,66,9,01:06:09.500,4097.500384,94,49,2446,234359,1,0,0,0,18.601075237738275,36.76597554787117,0.3488
2480235893,5589087,2H,68,33,01:08:33.423,4241.423778,89,65,2446,601133,0,0,0,0,34.88552708502482,14.225963898751795,0.03051
2480235487,5589087,2H,70,14,01:10:14.597,4342.597612,87,47,2444,425788,0,0,0,0,22.20360331117452,38.181785428348135,0.1993
2480235921,5589087,2H,72,29,01:12:29.427,4477.427511,87,67,2446,601133,0,0,0,0,37.589892258425,13.671307132195835,0.06275
2480235947,5589087,2H,74,20,01:14:20.443,4588.443683,86,44,2446,601133,0,0,0,0,21.470910553583888,41.98721249581666,0.07335
2480235563,5589087,2H,76,12,01:16:12.281,4700.281235,85,40,2444,8717,0,0,0,0,20.8806130178211,45.40066325579215,0.2034
2480235610,5589087,2H,80,26,01:20:26.954,4954.95478,88,67,2444,569593,0,0,0,1,37.12142238654117,13.274986499487751,0.05858
2480235690,5589087,2H,85,33,01:25:33.297,5261.297366,85,49,2444,569593,0,0,0,0,25.0,33.495184673741186,0.151
2480235724,5589087,2H,86,59,01:26:59.063,5347.063173,86,50,2444,569593,0,0,0,0,24.839484696748443,32.54030658725726,0.1108
2480236116,5589087,2H,91,45,01:31:45.372,5633.372564,79,43,2446,364082,0,0,0,0,27.51363298439521,34.69515353123397,0.02207
2432717241,5589279,1H,2,45,00:02:45.304,166.304,81,47,11255,628124,0,0,0,0,27.294688127912362,33.04812486997523,0.1035
2432717388,5589279,1H,14,15,00:14:15.023,856.023972,78,53,11255,285405,0,0,0,0,33.015148038438355,25.71848984634703,0.01035
2432717630,5589279,1H,23,19,00:23:19.727,1400.727995,84,48,5068,652236,0,0,0,0,25.238858928247925,34.21006444874871,0.1157
2432717792,5589279,1H,33,6,00:33:06.204,1987.20476,70,59,5068,652236,0,0,0,0,43.01162633521314,19.602513193140677,0.01761
2432717814,5589279,1H,39,27,00:39:27.902,2368.902677,88,51,11255,693873,0,0,0,0,24.041630560342615,31.620364695132185,0.2826
2432717901,5589279,1H,44,23,00:44:23.069,2664.069529,89,45,11255,693873,0,0,0,0,19.4164878389476,44.21517539700811,0.2809
2432717918,5589279,2H,45,20,00:45:20.232,2786.232164,85,39,11255,693873,0,1,0,0,20.615528128088304,46.30195267257888,0.1889
2432718083,5589279,2H,56,23,00:56:23.810,3449.810139,87,55,11255,771978,0,0,0,0,27.65863337187866,25.346175941946697,0.16
2432718194,5589279,2H,63,41,01:03:41.685,3887.685347,80,15,11255,356092,0,0,0,0,31.400636936215164,26.43829080975032,0.03049
2432718198,5589279,2H,63,44,01:03:44.241,3890.241854,90,55,11255,37840,0,0,0,0,25.80697580112788,24.77514056883192,0.4072
2432718228,5589279,2H,65,39,01:05:39.757,4005.757637,73,43,11255,356092,0,0,0,0,33.24154027718932,29.357753542791276,0.001053
2432718544,5589279,2H,73,39,01:13:39.170,4485.170792,86,47,5068,58,0,0,0,0,23.021728866442675,37.29625808549044,0.1022
2432718547,5589279,2H,73,42,01:13:42.172,4488.172736,79,54,5068,481468,0,0,0,0,32.802438933713454,25.190030024525928,0.01792
2432718388,5589279,2H,75,55,01:15:55.344,4621.344426,85,35,11255,693873,0,0,0,0,20.024984394500787,48.366460663429805,0.1203
2432718500,5589279,2H,81,16,01:21:16.721,4942.72144,92,52,11255,574762,1,0,0,0,22.20360331117452,29.59489268795477,0.1529
2432718759,5589279,2H,87,30,01:27:30.479,5316.479601,71,61,5068,25622,0,0,0,0,43.41658669218482,18.73930601066909,0.01277
2534831995,5590088,1H,5,54,00:05:54.249,355.249082,97,49,684,643199,0,0,0,0,17.0,34.69515353123397,0.7221
2534832060,5590088,1H,12,27,00:12:27.294,748.294656,75,26,684,301016,0,0,0,0,31.04834939252005,31.447934692554472,0.00518
2534832063,5590088,1H,13,13,00:13:13.063,794.063831,81,30,684,3563,0,0,0,0,24.331050121192877,40.21121755638399,0.05322
2534832217,5590088,1H,18,16,00:18:16.446,1097.446443,83,31,3176,532465,0,0,0,0,22.20360331117452,43.86557836902299,0.04257
2534832276,5590088,1H,20,25,00:20:25.904,1226.904233,91,56,3176,302799,1,0,0,0,26.076809620810597,22.81654713072474,0.1074
2534832419,5590088,1H,26,21,00:26:21.836,1582.836949,79,37,3176,256478,0,0,0,0,26.1725046566048,37.76975736074843,0.002236
2534832472,5590088,1H,29,22,00:29:22.295,1763.295394,90,37,3176,295176,1,0,0,0,15.297058540778355,60.4612177404419,0.1116
2534832284,5590088,1H,32,44,00:32:44.544,1965.544524,74,45,684,3563,0,0,0,0,32.89376840679705,29.137155804961257,0.002304
2534832441,5590088,1H,44,59,00:44:59.758,2700.758159,89,45,684,3335,0,0,0,0,19.4164878389476,44.21517539700811,0.1204
2534832895,5590088,2H,45,41,00:45:41.067,3031.067494,85,61,3176,216568,0,0,0,1,33.60059523282288,18.9581834051062,0.1632
2534832543,5590088,2H,45,56,00:45:56.089,3046.089798,87,58,684,529349,0,0,0,0,30.0,21.583969241769598,0.1401
2534832548,5590088,2H,46,6,00:46:06.310,3056.310606,82,26,684,643199,0,0,0,0,24.351591323771842,38.95878731205102,0.01988
2534832577,5590088,2H,48,1,00:48:01.502,3171.502342,93,51,684,3335,1,0,0,0,20.808652046684813,31.534791905188296,0.2431
2534832785,5590088,2H,63,25,01:03:25.592,4095.592244,80,60,684,529349,0,0,0,0,36.069377593742864,20.246620075588222,0.03586
2534832786,5590088,2H,63,27,01:03:27.389,4097.38958,83,50,684,529349,0,0,0,0,27.202941017470888,31.00209856037621,0.1679
2534832822,5590088,2H,66,26,01:06:26.335,4276.335362,86,53,684,399676,0,0,0,0,26.870057685088806,28.081764853270542,0.1702
2534833270,5590088,2H,72,0,01:12:00.691,4610.691838,88,35,3176,523086,0,0,0,0,17.029386365926403,55.66666856493495,0.09293
2534832882,5590088,2H,74,1,01:14:01.591,4731.59185,86,56,684,25472,0,0,0,0,29.068883707497267,24.115388556950947,0.4885
2534833303,5590088,2H,75,50,01:15:50.289,4840.289034,96,52,3176,295176,1,0,0,0,20.12461179749811,26.565051177077994,0.4104
2534833016,5590088,2H,85,55,01:25:55.734,5445.73475,93,43,684,3335,1,1,0,0,15.0,56.309932474020215,0.1258
2456371591,5589318,1H,1,16,00:01:16.346,77.346653,85,64,9,561035,0,0,0,0,36.05551275463989,16.453137274920454,0.01076
2456371630,5589318,1H,4,44,00:04:44.147,285.14791,96,52,9,775203,1,0,0,0,20.12461179749811,26.565051177077994,0.3165
2456372134,5589318,1H,15,44,00:15:44.949,945.949668,92,48,5120,419737,1,0,0,0,19.1049731745428,39.48659997133244,0.1755
2456372164,5589318,1H,18,15,00:18:15.960,1096.960102,74,51,5120,780691,0,0,0,0,35.35533905932738,25.516592144898304,0.0365
2456373752,5589318,1H,20,7,00:20:07.299,1208.299803,87,60,9,704,0,0,0,0,31.622776601683793,19.420465484309247,0.1718
2456372260,5589318,1H,22,26,00:22:26.545,1347.54534,93,29,5120,506569,0,0,0,0,13.0,67.83365417791754,0.04332
2456371807,5589318,1H,23,56,00:23:56.446,1437.446334,73,57,9,704,0,0,0,0,39.408120990476064,21.37062226934318,0.01622
2456373756,5589318,1H,24,39,00:24:39.138,1480.138939,92,35,5120,805050,0,0,0,0,13.038404810405298,69.1760942750764,0.1694
2456373757,5589318,1H,24,41,00:24:41.238,1482.238254,90,45,5120,506569,0,0,0,0,18.601075237738275,45.53545898556453,0.5203
2456372417,5589318,1H,33,19,00:33:19.073,2000.073396,81,47,5120,215983,0,0,0,0,27.294688127912362,33.04812486997523,0.117
2456372438,5589318,1H,34,27,00:34:27.082,2068.082621,86,57,5120,620734,0,0,0,0,29.832867780352597,22.915925633349705,0.05258
2456372510,5589318,1H,36,16,00:36:16.955,2177.955891,91,45,5120,620734,1,0,0,0,17.804493814764857,46.877877447285364,0.1156
2456372582,5589318,1H,40,49,00:40:49.152,2450.152592,96,60,5120,780691,1,0,0,0,27.51363298439521,13.476497903436652,0.102
2456372693,5589318,1H,47,59,00:47:59.347,2880.347434,78,37,5120,506569,0,0,0,0,27.16615541441225,36.49129668372969,0.05717
2456372735,5589318,1H,50,2,00:50:02.031,3003.031863,74,46,5120,620734,0,0,0,0,33.24154027718932,28.58693279368509,0.01201
2456373760,5589318,2H,48,36,00:48:36.211,3227.211922,95,60,5120,365822,1,0,0,0,27.85677655436824,14.520149018537028,0.1454
2456372886,5589318,2H,49,52,00:49:52.898,3303.898139,92,38,5120,620734,0,0,0,0,13.601470508735444,66.03751102542181,0.2074
2456373181,5589318,2H,72,7,01:12:07.655,4638.655565,94,50,5120,805050,1,0,0,0,19.4164878389476,33.77931321628475,0.2768
2456373222,5589318,2H,75,45,01:15:45.535,4856.535813,87,46,5120,620734,0,0,0,0,21.633307652783937,39.93638314696992,0.2133
2456372561,5589318,2H,81,26,01:21:26.626,5197.626966,90,30,9,142755,0,1,0,0,15.524174696260024,59.34933204294713,0.07356
2456373768,5589318,2H,84,40,01:24:40.275,5391.275224,29,80,9,759593,0,0,0,0,88.83692925805124,9.933896426184951,0.008253
2456373394,5589318,2H,90,32,01:30:32.874,5743.874122,80,72,5120,780691,0,0,0,0,45.48626166217664,12.754428492927318,0.0004978
2362843863,5589219,1H,2,53,00:02:53.023,174.023029,95,48,9610,744811,0,0,0,0,17.204650534085253,39.936383146969916,0.5552
2362843960,5589219,1H,3,6,00:03:06.782,187.78266,73,40,6721,509754,0,0,0,0,32.55764119219941,30.470659928999755,0.08524
2362843936,5589219,1H,8,45,00:08:45.793,526.793689,96,53,9610,569589,0,0,0,0,21.02379604162864,24.16832358129388,0.4198
2362844123,5589219,1H,21,22,00:21:22.022,1283.022389,89,17,9610,654361,0,0,0,0,23.345235059857504,31.827446576673108,0.04456
2362844243,5589219,1H,30,43,00:30:43.201,1844.201869,80,50,9610,486018,0,0,0,0,29.68164415931166,29.357753542791276,0.1048
2362844748,5589219,1H,36,18,00:36:18.184,2179.184016,73,24,6721,134995,0,0,0,0,33.52610922848042,28.909811942568346,0.001718
2362844709,5589219,2H,53,8,00:53:08.552,3300.552742,88,62,9610,754903,0,0,0,0,32.7566787083184,17.14330670979871,0.08923
2362845215,5589219,2H,62,5,01:02:05.485,3837.48537,73,60,6721,791393,0,0,0,0,41.23105625617661,19.58429582298486,0.02431
2362844875,5589219,2H,66,2,01:06:02.168,4074.168305,83,48,9610,255433,0,0,0,0,26.076809620810597,33.468763954769955,0.09795
2362844998,5589219,2H,76,2,01:16:02.269,4674.269134,77,56,9610,351855,0,0,0,0,35.608987629529715,23.006069018072566,0.002107
2362845055,5589219,2H,80,22,01:20:22.267,4934.267104,86,33,9610,70975,0,0,0,0,19.026297590440446,50.592194778977564,0.003285
2362845364,5589219,2H,83,28,01:23:28.971,5120.971649,91,53,6721,335696,0,0,0,0,23.600847442411894,27.897271030947625,0.1556
2306376463,5588923,1H,3,40,00:03:40.042,221.042206,97,40,2447,365446,0,0,0,0,10.0,82.4835582837305,0.2533
2306376495,5588923,1H,6,39,00:06:39.399,400.399385,74,56,2447,496766,0,0,0,0,38.01315561749642,22.249023657212366,0.05202
2306376539,5588923,1H,9,26,00:09:26.621,567.621797,92,45,2447,65596,0,0,0,0,17.029386365926403,48.22997018164815,0.5454
2306377065,5588923,1H,11,16,00:11:16.481,677.481215,88,39,5072,38709,0,0,0,0,17.72004514666935,52.71297976353103,0.07826
2306377069,5588923,1H,11,22,00:11:22.865,683.865544,88,43,5072,621859,0,0,0,0,19.235384061671343,46.63657704161672,0.1015
2306377070,5588923,1H,11,24,00:11:24.287,685.287504,95,55,5072,499720,0,0,0,0,23.259406699226016,21.370622269343183,0.7555
2306377145,5588923,1H,17,34,00:17:34.620,1055.620026,79,64,5072,332860,0,1,0,1,39.698866482558415,17.38238888122791,0.02061
2306377154,5588923,1H,18,31,00:18:31.045,1112.045894,75,38,5072,38709,0,0,0,0,30.265491900843113,32.89101501677102,0.03212
2306377156,5588923,1H,19,7,00:19:07.370,1148.370833,86,46,5072,261984,1,0,0,0,22.47220505424423,38.88977861121536,0.06427
2306376653,5588923,1H,19,55,00:19:55.700,1196.700273,78,35,2447,146583,0,0,0,0,27.018512172212592,36.82749821141796,0.001746
2306377179,5588923,1H,23,23,00:23:23.276,1404.27636,76,62,5072,512740,0,0,0,0,40.311288741492746,18.67951605104533,0.01711
2306376760,5588923,1H,28,32,00:28:32.670,1713.670706,97,34,2447,496766,0,0,0,0,8.0,96.73292132685961,0.08562
2306376823,5588923,1H,32,54,00:32:54.530,1975.530078,74,72,2447,65596,0,0,0,0,49.040799340956916,13.501327843287452,0.004088
2306376828,5588923,1H,33,53,00:33:53.822,2034.822537,81,78,2447,448070,0,0,0,0,50.11985634456667,10.07653629349143,0.0174
2306376857,5588923,1H,35,43,00:35:43.288,2144.288821,86,36,2447,146583,0,0,0,0,19.1049731745428,50.29344225303053,0.0007661
2306377278,5588923,1H,36,57,00:36:57.184,2218.184705,96,66,5072,512740,0,0,0,0,33.24154027718932,8.989865340536012,0.1379
2306377844,5588923,2H,47,56,00:47:56.564,2912.564294,94,44,5072,590629,1,0,0,0,14.866068747318506,54.73698827040275,0.2227
2306377712,5588923,2H,49,37,00:49:37.998,3013.998031,91,29,2447,334720,0,0,0,0,14.866068747318506,60.94539590092286,0.01343
2306377561,5588923,2H,51,16,00:51:16.368,3112.368675,70,49,2447,65596,0,1,0,0,38.07886552931954,24.71141075740201,0.01033
2306377890,5588923,2H,54,15,00:54:15.193,3291.193621,87,39,5072,38709,0,0,0,0,18.681541692269406,50.40379136024971,0.1124
2306377922,5588923,2H,58,1,00:58:01.349,3517.349813,88,27,5072,590629,0,0,0,0,18.384776310850235,49.974132218828544,0.04841
2306377953,5588923,2H,62,21,01:02:21.681,3777.681463,87,47,5072,499720,0,0,0,0,22.20360331117452,38.181785428348135,0.08603
2306377993,5588923,2H,66,47,01:06:47.682,4043.682872,80,54,5072,499720,0,0,0,0,32.01562118716424,25.486900306192084,0.02144
2306378014,5588923,2H,72,0,01:12:00.444,4356.444097,79,46,5072,563527,0,0,0,0,28.635642126552707,32.34559893761429,0.005284
2306378015,5588923,2H,72,2,01:12:02.570,4358.5706,83,52,5072,512740,0,0,0,0,28.42534080710379,28.57731837234341,0.1418
2306378168,5588923,2H,75,45,01:15:45.388,4581.388817,90,36,2447,622782,0,0,0,0,15.132745950421556,61.270731215544814,0.1675
2306377339,5588923,2H,79,59,01:19:59.040,4835.040586,86,55,2447,146583,0,0,0,0,28.319604517012593,25.376912185980334,0.1176
2306377365,5588923,2H,81,5,01:21:05.951,4901.951511,74,49,2447,447214,0,0,0,0,34.438350715445125,26.79274274387633,0.008174
2306377379,5588923,2H,81,39,01:21:39.111,4935.111688,85,30,2447,622782,0,1,0,0,20.396078054371138,47.060111023723124,0.04719
2306377431,5588923,2H,85,32,01:25:32.249,5168.249219,88,35,2447,622782,0,0,0,0,17.029386365926403,55.66666856493495,0.148
2306378124,5588923,2H,88,39,01:28:39.458,5355.458988,72,66,5072,569212,0,0,0,0,45.967379738244816,16.294846750427425,0.003488
2454466167,5589067,1H,1,52,00:01:52.726,113.726341,89,48,9607,480216,1,0,0,0,21.2602916254693,37.821486206781884,0.1314
2454465883,5589067,1H,3,7,00:03:07.548,188.548746,90,31,19830,784842,0,0,0,0,15.297058540778355,60.4612177404419,0.1045
2454465916,5589067,1H,6,7,00:06:07.537,368.537715,95,60,19830,495865,0,0,0,0,27.85677655436824,14.520149018537028,0.2632
2454465914,5589067,1H,6,13,00:06:13.506,374.506165,72,47,19830,837096,0,0,0,0,35.4682957019364,26.778840406955105,0.0424
2454465953,5589067,1H,9,45,00:09:45.474,586.474841,79,62,19830,784842,0,0,0,0,38.2099463490856,18.74599777316555,0.01016
2454466548,5589067,1H,21,49,00:21:49.614,1310.614081,96,56,9607,474772,0,0,0,0,23.769728648009426,18.505947274207028,0.6592
2454466588,5589067,1H,27,6,00:27:06.222,1627.222023,93,55,9607,631944,1,0,0,0,24.186773244895647,23.198590513648185,0.1983
2454466631,5589067,1H,29,47,00:29:47.195,1788.195954,77,45,9607,145727,0,0,0,0,30.083217912982647,31.452061011999504,0.02372
2454466141,5589067,1H,31,14,00:31:14.481,1875.48165,91,45,19830,282772,1,0,0,0,17.804493814764857,46.877877447285364,0.1361
2454466145,5589067,1H,31,50,00:31:50.994,1911.994338,93,65,19830,137669,0,0,0,0,33.24154027718932,11.911215431971593,0.1252
2454466835,5589067,1H,38,40,00:38:40.256,2321.25688,81,47,9607,682098,0,0,0,0,27.294688127912362,33.04812486997523,0.135
2454466542,5589067,1H,48,25,00:48:25.224,2906.224498,90,35,19830,282772,0,0,0,0,15.033296378372908,61.76255446183274,0.1615
2454466611,5589067,2H,46,3,00:46:03.683,3010.683173,89,30,19830,784842,0,0,0,0,16.492422502470642,56.44788352249083,0.07788
2454466733,5589067,2H,50,59,00:50:59.356,3306.356998,89,52,19830,784842,0,0,0,0,24.08318915758459,29.99157850015586,0.1505
2454466786,5589067,2H,56,2,00:56:02.467,3609.467889,83,29,19830,282772,0,0,0,0,22.561028345356956,42.77603875961453,0.006587
2454467135,5589067,2H,56,33,00:56:33.296,3640.2961,82,26,9607,682098,0,0,0,0,24.351591323771842,38.95878731205102,0.04
2454466842,5589067,2H,59,48,00:59:48.995,3835.995556,82,51,19830,618580,0,0,0,0,28.600699292150182,29.324523618973735,0.164
2454467210,5589067,2H,60,47,01:00:47.870,3894.870891,76,25,9607,614755,0,0,0,0,30.364452901377952,31.827446576673108,0.02089
2454467347,5589067,2H,68,26,01:08:26.159,4353.159047,76,32,9607,532757,0,0,0,0,29.068883707497267,34.34268906720732,0.03636
2454467146,5589067,2H,80,33,01:20:33.001,5080.001602,89,39,19830,784880,0,0,0,0,16.76305461424021,55.22216863363612,0.2203
2454467464,5589067,2H,83,36,01:23:36.318,5263.318644,90,45,9607,532757,0,0,0,0,18.601075237738275,45.53545898556453,0.1033
2454467263,5589067,2H,88,55,01:28:55.581,5582.581699,82,65,19830,495865,0,0,0,0,38.600518131237564,16.374128181442146,0.03814
2454467378,5589067,2H,99,5,01:39:05.335,6192.335711,90,32,19830,784842,0,0,0,0,15.132745950421556,61.270731215544814,0.08453
2362694365,5588977,1H,10,47,00:10:47.495,648.495296,78,38,1614,263802,0,0,0,0,27.294688127912362,36.20143079314286,0.01156
2362694395,5588977,1H,13,2,00:13:02.422,783.422758,81,41,1614,491344,0,0,0,0,25.0,38.45370921670597,0.02513
2362694829,5588977,1H,15,49,00:15:49.591,950.591789,69,51,5072,563527,0,0,0,0,39.81205847478876,23.308845245126783,0.01346
2362694465,5588977,1H,20,59,00:20:59.444,1260.444966,81,50,1614,301047,0,0,0,0,28.844410203711913,29.908934619595467,0.1459
2362694917,5588977,1H,22,15,00:22:15.727,1336.727127,73,63,5072,621523,0,0,0,0,43.18564576337837,17.893709245704272,0.01607
2362694534,5588977,1H,23,43,00:23:43.826,1424.826234,93,44,1614,223794,1,1,0,0,15.620499351813308,52.96071399469619,0.1969
2362695010,5588977,1H,29,7,00:29:07.378,1748.378254,73,24,5072,590629,0,0,0,0,33.52610922848042,28.909811942568346,0.009294
2362695019,5588977,1H,29,19,00:29:19.775,1760.775709,90,33,5072,569212,0,0,0,0,15.033296378372908,61.76255446183274,0.09762
2362695025,5588977,1H,29,31,00:29:31.339,1772.339356,80,40,5072,590629,0,0,0,0,25.709920264364882,37.806529944704465,0.07222
2362694635,5588977,1H,31,39,00:31:39.723,1900.723603,80,54,1614,491344,0,0,0,0,32.01562118716424,25.486900306192084,0.1149
2362695058,5588977,1H,35,7,00:35:07.049,2108.049298,92,44,5072,224153,1,0,0,0,16.401219466856727,51.22094992115961,0.145
2362695061,5588977,1H,35,9,00:35:09.971,2110.971233,75,45,5072,676907,0,0,0,0,31.953090617340916,29.87599269168943,0.08764
2362695871,5588977,1H,37,21,00:37:21.954,2242.954136,78,61,1614,223794,0,0,0,0,38.18376618407357,19.44003482817619,0.01957
2362695111,5588977,1H,38,17,00:38:17.685,2298.685939,86,60,5072,590629,0,0,0,0,32.202484376209235,19.684191501619246,0.00723
2362695378,5588977,2H,56,6,00:56:06.128,3519.128433,88,57,5072,224153,1,0,0,0,28.600699292150182,22.548065763176027,0.04874
2362695575,5588977,2H,63,9,01:03:09.910,3942.910088,88,73,5072,512740,0,0,0,0,42.5440947723653,10.036333752895882,0.0007129
2362695693,5588977,2H,70,30,01:10:30.121,4383.121245,82,47,5072,512740,0,0,0,0,26.419689627245813,33.86116303685892,0.02809
2362695308,5588977,2H,72,18,01:12:18.985,4491.985814,84,28,1614,551573,0,0,0,0,21.840329667841555,43.66778014613036,0.03861
2362695870,5588977,2H,85,46,01:25:46.684,5299.684459,79,39,1614,404216,0,0,0,0,26.476404589747453,37.04691802856159,0.0558
2495277635,5589332,1H,2,49,00:02:49.291,170.291226,91,48,2462,623404,1,0,0,0,19.79898987322333,39.01748307414253,0.145
2495277664,5589332,1H,4,5,00:04:05.878,246.878076,83,69,2462,400352,0,0,0,0,41.340053217188775,13.671307132195828,0.001686
2495277708,5589332,1H,6,14,00:06:14.675,375.67567,91,45,2462,782039,0,0,0,0,17.804493814764857,46.877877447285364,0.3412
2495277912,5589332,1H,14,38,00:14:38.036,879.036783,90,45,2462,623404,0,0,0,0,18.601075237738275,45.53545898556453,0.234
2495277942,5589332,1H,16,8,00:16:08.761,969.761753,86,51,2462,623404,0,0,0,0,25.495097567963924,31.00816038227413,0.011
2495277835,5589332,1H,20,16,00:20:16.108,1217.108904,79,29,9,704,0,0,0,0,26.476404589747453,37.04691802856159,0.01772
2495278090,5589332,1H,24,20,00:24:20.824,1461.824993,93,52,2462,14806,0,1,0,1,21.633307652783937,29.1676133795778,0.5158
2495277964,5589332,1H,27,52,00:27:52.232,1673.232545,73,39,9,134108,0,0,0,0,32.38826948140329,30.754394079558615,0.001501
2495278214,5589332,1H,29,16,00:29:16.544,1757.544782,90,74,2462,400352,0,0,0,0,42.720018726587654,8.800466362669424,0.05565
2495278050,5589332,1H,31,53,00:31:53.406,1914.406812,77,50,9,761607,0,1,0,0,32.2490309931942,27.724056235971396,0.06309
2495278213,5589332,1H,40,22,00:40:22.332,2423.332231,82,54,9,56,0,0,0,0,30.479501308256342,26.0219794833542,0.05681
2495278279,5589332,1H,43,27,00:43:27.246,2608.246535,86,64,9,704,0,0,0,0,35.510561809129406,16.163200811456928,0.127
2495278288,5589332,1H,43,52,00:43:52.629,2633.629561,89,91,9,704,0,0,0,0,59.20304046246274,4.807953963030474,0.01727
2495278299,5589332,1H,44,34,00:44:34.104,2675.104736,74,58,9,485271,0,0,0,0,39.20459156782532,20.968918634056788,0.02469
2495278646,5589332,2H,47,47,00:47:47.568,2934.568503,81,35,2462,623404,0,0,0,0,24.020824298928627,41.05481377096244,0.05943
2495278729,5589332,2H,51,25,00:51:25.078,3152.078996,76,32,2462,623404,0,0,0,0,29.068883707497267,34.34268906720732,0.05371
2495278847,5589332,2H,57,2,00:57:02.484,3489.48406,86,67,2462,577456,0,0,0,0,38.07886552931954,14.026395448169028,0.04956
2495278630,5589332,2H,59,2,00:59:02.416,3609.416749,79,49,9,704,0,0,0,0,30.01666203960727,29.71477316544497,0.01981
2495279016,5589332,2H,66,40,01:06:40.512,4067.512636,85,43,2462,623404,0,0,0,0,21.93171219946131,41.98721249581666,0.172
2495278944,5589332,2H,77,21,01:17:21.146,4708.146739,80,39,9,535816,0,0,0,0,25.495097567963924,38.339103257369295,0.03303
2495278977,5589332,2H,79,47,01:19:47.415,4854.41592,87,33,9,759593,0,0,0,0,18.027756377319946,53.017093073655325,0.1152
2495279376,5589332,2H,80,55,01:20:55.973,4922.973138,95,62,9,594262,1,0,0,0,29.732137494637012,12.634533292749461,0.1398
2495279264,5589332,2H,81,37,01:21:37.226,4964.226757,63,36,2462,14806,0,0,0,0,42.04759208325728,24.138715345475628,0.02144
2495279053,5589332,2H,83,50,01:23:50.062,5097.062882,89,59,9,594262,0,0,0,0,29.68164415931166,19.79887635452493,0.3273
2495279300,5589332,2H,87,16,01:27:16.962,5303.96278,85,66,2462,577456,0,0,0,0,37.73592452822641,15.005741057058774,0.08731
2495279336,5589332,2H,90,30,01:30:30.614,5497.614941,80,26,2462,620569,0,0,0,0,26.248809496813376,36.50631217507593,0.02747
2495279374,5589332,2H,92,57,01:32:57.682,5644.68259,90,67,2462,689344,0,0,0,0,36.24913792078372,12.35155915003019,0.1152
2431188014,5589027,1H,1,45,00:01:45.175,106.175156,80,61,5072,569212,0,0,0,0,36.796738985948195,19.468281379199375,0.08274
2431188548,5589027,1H,35,30,00:35:30.617,2131.617576,86,38,3159,443324,0,0,0,0,19.4164878389476,49.1239075603156,0.1035
2431188880,5589027,2H,48,35,00:48:35.649,2940.649447,86,55,5072,569212,0,0,0,0,28.319604517012593,25.376912185980334,0.1488
2431188888,5589027,2H,51,32,00:51:32.869,3117.869055,89,52,3159,443324,0,0,0,0,24.08318915758459,29.99157850015586,0.288
2431189019,5589027,2H,57,11,00:57:11.826,3456.826241,71,47,3159,365444,0,0,0,0,36.40054944640259,26.19540611523097,0.007145
2431189033,5589027,2H,58,14,00:58:14.107,3519.107468,80,36,5072,590629,0,0,0,0,25.079872407968907,39.39174095007549,0.002245
2431189042,5589027,2H,58,53,00:58:53.307,3558.307744,97,43,5072,621859,1,0,0,0,12.041594578792296,66.03751102542182,0.08476
2431189159,5589027,2H,64,10,01:04:10.031,3875.031555,82,27,5072,676907,0,0,0,0,24.041630560342615,39.794229885067104,0.009528
2431189353,5589027,2H,70,16,01:10:16.042,4241.042352,94,42,3159,365444,1,0,0,0,13.601470508735444,62.28918598474691,0.1468
2431189235,5589027,2H,73,16,01:13:16.050,4421.050262,94,52,5072,332860,0,0,0,0,21.095023109728988,28.544247315417184,0.3593
2431189525,5589027,2H,84,28,01:24:28.962,5093.962641,75,56,3159,286226,0,0,0,0,37.20215047547655,22.51049813699018,0.0367
2366982563,5588969,1H,0,47,00:00:47.927,48.927866,77,56,14376,678611,0,1,0,0,35.608987629529715,23.006069018072566,0.001727
2366982497,5588969,1H,4,27,00:04:27.995,268.995582,87,70,9417,217772,0,0,0,0,40.24922359499622,11.888658039627972,0.006661
2366982600,5588969,1H,4,41,00:04:41.514,282.514905,89,57,14376,678611,0,0,0,0,28.0178514522438,22.24902365721236,0.3434
2366982608,5588969,1H,4,43,00:04:43.450,284.450491,96,52,14376,541249,0,0,0,0,20.12461179749811,26.565051177077994,0.7113
2366982564,5588969,1H,9,4,00:09:04.268,545.268911,89,65,9417,406029,0,0,0,0,34.88552708502482,14.225963898751795,0.1719
2366982632,5588969,1H,12,48,00:12:48.796,769.79645,91,65,9417,699844,0,0,0,0,34.0147027033899,13.181146071659764,0.2195
2366982816,5588969,1H,14,9,00:14:09.131,850.131095,90,75,14376,541249,0,0,0,0,43.657759905886145,8.415590652150946,0.01748
2366982840,5588969,1H,15,32,00:15:32.599,933.599758,86,73,14376,109203,0,0,0,0,43.382023926967726,10.75213305047435,0.0167
2366982882,5588969,1H,19,53,00:19:53.859,1194.859267,76,56,14376,109203,0,0,0,0,36.40054944640259,22.763610472574722,0.02004
2366982893,5588969,1H,21,28,00:21:28.905,1289.905326,87,37,14376,541249,0,0,0,0,18.24828759089466,52.1250163489018,0.04933
2366983002,5588969,1H,29,23,00:29:23.129,1764.129394,93,46,9417,699844,1,0,0,0,16.97056274847714,46.21887523513131,0.2346
2366984027,5588969,1H,32,13,00:32:13.778,1934.778064,76,64,14376,274675,0,0,0,0,41.72529209005013,17.45616304485491,0.03478
2366983157,5588969,1H,41,14,00:41:14.504,2475.504146,72,35,9417,135810,0,0,0,0,33.015148038438355,30.485393627629822,0.003744
2366983185,5588969,1H,42,13,00:42:13.011,2534.011987,76,66,14376,109203,0,0,0,0,43.18564576337837,16.309523206579616,0.002414
2366983245,5588969,1H,46,49,00:46:49.728,2810.728092,73,62,9417,217772,0,0,0,0,42.5205832509386,18.444901190289883,0.03484
2366983361,5588969,2H,48,37,00:48:37.076,3111.07629,90,54,14376,373428,1,0,0,0,25.0,26.396286482485337,0.07234
2366984030,5588969,2H,52,36,00:52:36.419,3350.419401,67,54,14376,109203,0,0,0,0,42.941821107167776,21.205010264357114,0.0156
2366983383,5588969,2H,53,20,00:53:20.761,3394.761244,96,54,9417,406028,0,0,0,0,21.93171219946131,22.047947463560376,0.6841
2366983599,5588969,2H,59,25,00:59:25.625,3759.625331,89,54,14376,541249,1,0,0,0,25.612496949731394,26.604895245420895,0.03086
2366983577,5588969,2H,70,20,01:10:20.770,4414.770337,92,66,9417,406029,0,0,0,0,34.539832078341085,11.883464441064152,0.2925
2366983831,5588969,2H,70,35,01:10:35.805,4429.805958,68,64,14376,408227,0,0,0,0,47.634021455258214,16.929597077513634,0.06198
2366983598,5588969,2H,71,59,01:11:59.766,4513.766204,81,39,9417,406028,0,0,0,0,24.515301344262525,39.71875937155488,0.09652
2366984031,5588969,2H,80,28,01:20:28.560,5022.560937,68,27,14376,408227,0,0,0,0,37.656340767525464,26.47927911613087,0.04258
2366983681,5588969,2H,82,27,01:22:27.973,5141.973585,90,72,9417,699844,0,1,0,0,40.85339643163099,9.64944799140267,0.0465
2366983683,5588969,2H,82,39,01:22:39.671,5153.6712,91,33,9417,396616,0,0,0,1,14.035668847618199,65.2825590889166,0.08326
2366984029,5588969,2H,92,22,01:32:22.432,5736.43229,86,66,14376,631460,0,0,0,0,37.21558813185679,14.695971397242621,0.04307
2366983815,5588969,2H,93,7,01:33:07.804,5781.804691,95,34,9417,69398,0,0,0,0,10.0,83.97442499163331,0.06822
2334202023,5588943,1H,3,24,00:03:24.231,205.231433,78,48,2444,224593,0,0,0,0,30.4138126514911,29.93460172776754,0.06274
2334201868,5588943,1H,14,25,00:14:25.184,866.184595,95,54,1614,301047,1,0,0,0,22.360679774997898,23.248082968525054,0.3327
2334202400,5588943,1H,17,56,00:17:56.647,1077.647856,80,63,2444,231139,0,0,0,0,38.28837943815329,17.999484399432912,0.008599
2334201943,5588943,1H,24,47,00:24:47.747,1488.747438,87,51,1614,540754,0,0,0,0,24.758836806279895,31.342357494187848,0.2598
2334202519,5588943,1H,28,37,00:28:37.748,1718.748873,94,64,2444,134397,0,0,0,0,31.953090617340916,11.89480170028565,0.2705
2334202638,5588943,1H,38,0,00:38:00.476,2281.476165,82,45,2444,557016,0,0,0,0,25.495097567963924,36.03934617345991,0.06038
2334202658,5588943,1H,38,35,00:38:35.882,2316.882157,79,60,2444,557016,0,0,0,0,36.76955262170047,20.21441352799975,0.05792
2334203020,5588943,2H,56,10,00:56:10.985,3512.985732,88,59,2444,557016,0,0,0,0,30.23243291566195,20.17065341185039,0.1411
2334203021,5588943,2H,56,12,00:56:12.351,3514.351669,88,57,2444,557016,0,0,0,0,28.600699292150182,22.548065763176027,0.1837
2334203058,5588943,2H,60,47,01:00:47.751,3789.751453,89,34,2444,134397,0,1,0,0,16.0,58.71550708558255,0.1345
2334202512,5588943,2H,62,41,01:02:41.314,3903.31418,78,24,1614,551573,0,0,0,0,28.792360097775937,33.013096660254185,0.00374
2334203086,5588943,2H,63,41,01:03:41.870,3963.87062,91,43,2444,569593,0,0,0,0,16.64331697709324,52.1250163489018,0.3797
2334202713,5588943,2H,78,33,01:18:33.526,4855.526261,71,31,1614,600432,0,1,0,0,34.132096331752024,29.448014629617532,0.1647
2334203338,5588943,2H,88,50,01:28:50.703,5472.703115,77,35,2444,681063,0,0,0,0,28.0178514522438,35.599219958976164,0.05341
2334203350,5588943,2H,90,3,01:30:03.979,5545.979998,77,38,2444,681063,0,0,0,0,28.284271247461902,35.029440463493,0.03101
2334203355,5588943,2H,90,17,01:30:17.768,5559.768713,90,50,2444,134397,0,0,0,1,21.93171219946131,34.01934998982646,0.3514
2334203374,5588943,2H,94,45,01:34:45.404,5827.404596,82,38,2444,8717,0,0,0,0,23.345235059857504,41.740662731138144,0.006929
2334203378,5588943,2H,95,12,01:35:12.116,5854.116972,90,49,2444,8717,1,0,0,0,21.213203435596427,36.19320730556469,0.1211
2334203380,5588943,2H,95,15,01:35:15.105,5857.105748,89,41,2444,352988,0,0,0,0,17.46424919657298,52.1250163489018,0.1592
2394205710,5589021,1H,3,56,00:03:56.016,237.016982,90,41,1609,340386,0,0,0,0,16.55294535724685,54.442253634586045,0.2526
2394205571,5589021,1H,8,53,00:08:53.626,534.626832,78,58,19830,257800,0,0,0,0,36.124783736376884,21.6559890384225,0.06151
2394206009,5589021,1H,19,16,00:19:16.265,1157.26554,86,56,1609,302292,0,0,0,0,29.068883707497267,24.115388556950947,0.1432
2394206111,5589021,1H,23,42,00:23:42.266,1423.266875,89,65,1609,302292,0,0,0,0,34.88552708502482,14.225963898751795,0.1175
2394206136,5589021,1H,25,4,00:25:04.342,1505.342178,88,55,1609,340386,0,1,0,1,27.018512172212592,25.24362477224919,0.3304
2394206178,5589021,1H,27,18,00:27:18.044,1639.044792,90,59,1609,340386,0,0,0,0,29.154759474226502,19.34644621554769,0.4008
2394206345,5589021,1H,33,20,00:33:20.468,2001.468985,96,56,1609,520291,0,0,0,0,23.769728648009426,18.505947274207028,0.5945
2394206407,5589021,1H,37,55,00:37:55.569,2276.569649,90,49,1609,555939,0,0,0,0,21.213203435596427,36.19320730556469,0.163
2394206418,5589021,1H,38,50,00:38:50.450,2331.45039,88,45,1609,302292,0,0,0,0,20.248456731316587,42.92562661914572,0.243
2394206122,5589021,1H,45,51,00:45:51.411,2752.411961,77,80,19830,618580,0,1,0,0,53.85164807134504,10.136629965047415,0.02156
2394206179,5589021,2H,46,26,00:46:26.356,2865.356377,87,41,19830,235606,1,0,0,0,19.313207915827967,47.97373108248011,0.07937
2394206260,5589021,2H,50,19,00:50:19.954,3098.954996,76,46,19830,137669,0,0,0,0,31.38470965295043,30.003581965407182,0.002266
2394206489,5589021,2H,62,23,01:02:23.986,3822.986231,90,32,19830,137669,0,0,0,0,15.132745950421556,61.270731215544814,0.06941
2394206507,5589021,2H,64,26,01:04:26.118,3945.118031,89,56,19830,282772,0,0,0,0,27.202941017470888,23.606568902437697,0.3447
2394206580,5589021,2H,68,27,01:08:27.383,4186.38385,68,42,19830,614416,0,0,0,0,37.8549864614954,26.225020869315024,0.0007478
2394206957,5589021,2H,73,48,01:13:48.089,4507.089311,77,39,1609,134717,0,0,0,0,28.442925306655784,34.69515353123397,0.0738
2394207006,5589021,2H,77,13,01:17:13.841,4712.841275,92,64,1609,520291,0,0,0,0,32.69556544854363,13.32453126189078,0.3768
2394207050,5589021,2H,83,51,01:23:51.478,5110.478625,86,45,1609,134717,0,0,0,0,21.95449840010015,40.459794756891306,0.05506
2394207069,5589021,2H,86,10,01:26:10.927,5249.927112,72,63,1609,745929,0,0,0,0,43.93176527297759,17.80986090213877,0.01559
2394207081,5589021,2H,87,11,01:27:11.101,5310.10188,85,64,1609,339789,0,0,0,0,36.05551275463989,16.453137274920454,0.01848
2394207083,5589021,2H,87,13,01:27:13.730,5312.730239,97,54,1609,425925,0,0,0,0,21.540659228538015,20.605212066364942,0.7062
2394207124,5589021,2H,90,19,01:30:19.204,5498.204275,90,57,1609,745929,0,0,0,0,27.459060435491963,21.86009912473741,0.1512
2477112644,5589084,1H,0,29,00:00:29.502,30.502763,96,51,679,447358,0,0,0,0,19.235384061671343,29.272968662944194,0.6543
2477112868,5589084,1H,7,30,00:07:30.033,451.033708,89,26,675,493295,0,1,0,0,17.88854381999832,50.312038963925744,0.06315
2477112793,5589084,1H,16,27,00:16:27.659,988.659431,78,66,679,213948,0,0,0,0,41.86884283091664,16.2075552588413,0.001758
2477112917,5589084,1H,20,35,00:20:35.988,1236.988891,79,77,679,550459,0,0,0,0,50.24937810560445,10.840305454330561,0.01404
2477113004,5589084,1H,24,53,00:24:53.513,1494.513887,86,31,679,550459,0,0,0,0,19.235384061671343,49.8012126883005,0.0838
2477113009,5589084,1H,24,57,00:24:57.366,1498.366584,86,72,679,213948,0,0,0,0,42.485291572496,11.220427870059998,0.1039
2477113423,5589084,1H,28,15,00:28:15.792,1696.792554,82,63,675,547260,0,0,0,0,37.013511046643494,17.805938439691392,0.03792
2477113233,5589084,1H,36,2,00:36:02.242,2163.242896,94,47,679,134503,1,0,0,0,17.029386365926403,43.451842301022026,0.1611
2477113282,5589084,1H,38,40,00:38:40.516,2321.516906,93,67,679,550459,0,0,0,0,35.11409973215888,10.619655276155145,0.06448
2477113294,5589084,1H,39,20,00:39:20.320,2361.32011,92,42,679,227894,1,0,0,0,15.264337522473747,56.993348723586976,0.1165
2477113665,5589084,1H,41,49,00:41:49.278,2510.278808,96,35,675,617894,1,1,0,0,9.055385138137417,89.64632684075355,0.03444
2477113422,5589084,2H,46,9,00:46:09.365,2808.365978,81,72,679,550459,0,0,0,0,44.94441010848846,12.560091232940477,0.02253
2477113820,5589084,2H,51,10,00:51:10.614,3109.614124,71,56,675,480145,0,0,0,0,40.496913462633174,21.43295296101411,0.04006
2477113664,5589084,2H,59,43,00:59:43.751,3622.751445,91,47,679,134503,1,0,0,0,19.1049731745428,41.583411808228654,0.1461
2477113814,5589084,2H,70,57,01:10:57.092,4296.092801,87,74,679,722567,0,0,0,0,43.86342439892262,9.970732140224941,0.01568
2477114256,5589084,2H,72,25,01:12:25.638,4384.638205,91,56,675,4498,1,0,0,0,26.076809620810597,22.81654713072474,0.2469
2477113905,5589084,2H,74,3,01:14:03.508,4482.508111,75,59,679,3682,0,0,0,0,39.05124837953327,20.503847439144398,0.0158
2477114080,5589084,2H,85,52,01:25:52.370,5191.370815,76,33,679,495674,0,0,0,0,29.017236257093817,34.44776735630735,0.04004
2477114152,5589084,2H,89,32,01:29:32.459,5411.459707,94,66,679,254408,0,1,0,1,33.83784863137726,10.541604540673138,0.1091
2344949442,5588958,1H,5,11,00:05:11.477,312.477741,92,53,2447,263490,0,0,0,0,23.021728866442675,27.526639163077324,0.3613
2344949395,5588958,1H,6,58,00:06:58.962,419.962865,89,53,675,353833,0,0,0,0,24.839484696748443,28.24973549497429,0.07778
2344949406,5588958,1H,7,57,00:07:57.301,478.301858,87,34,675,353833,0,0,0,0,18.0,53.13010235415598,0.1007
2344949417,5588958,1H,8,40,00:08:40.054,521.054606,74,36,675,364005,0,0,0,0,31.064449134018133,32.26101062355075,0.001197
2344949424,5588958,1H,9,7,00:09:07.675,548.675191,75,50,675,547260,0,0,0,0,34.0,26.671548785868872,0.001371
2344949607,5588958,1H,13,22,00:13:22.619,803.6197,86,37,2447,622782,0,0,0,0,19.235384061671343,49.8012126883005,0.04352
2344949974,5588958,1H,29,24,00:29:24.386,1765.386472,93,56,2447,365446,0,0,0,0,25.059928172283335,21.548130140533196,0.5038
2344950027,5588958,1H,33,36,00:33:36.944,2017.944591,96,42,2447,622782,0,0,0,0,12.041594578792296,68.44292071496228,0.3014
2344949931,5588958,1H,35,7,00:35:07.313,2108.313825,91,50,675,617894,1,1,0,1,21.2602916254693,34.186122486375034,0.1263
2344949967,5588958,1H,36,11,00:36:11.310,2172.310722,90,44,675,547260,0,1,0,1,18.027756377319946,47.89576197346658,0.07435
2344949970,5588958,1H,36,14,00:36:14.136,2175.136427,96,59,675,617894,0,1,0,1,26.570660511172846,14.531273572435616,0.4512
2344950088,5588958,1H,38,8,00:38:08.540,2289.540964,75,63,2447,146583,0,0,0,0,41.72529209005013,18.019769281777148,0.02865
2344950026,5588958,1H,39,57,00:39:57.790,2398.790892,79,74,675,547260,0,0,0,0,47.70744176750625,12.035917217074017,0.02074
2344950123,5588958,1H,40,50,00:40:50.503,2451.503941,75,47,2447,622782,0,0,0,0,32.69556544854363,28.659194368853345,0.0589
2344950181,5588958,2H,46,4,00:46:04.489,2848.489612,81,66,675,364005,0,0,0,0,40.0,15.875626350891723,0.01891
2344950185,5588958,2H,46,10,00:46:10.185,2854.185196,71,53,675,403448,0,0,0,0,38.948684188300895,23.082919514309044,0.03696
2344950313,5588958,2H,52,5,00:52:05.350,3209.350709,93,66,675,4498,0,1,0,0,34.17601498127012,11.238959150457239,0.05428
2344950322,5588958,2H,52,30,00:52:30.243,3234.243629,82,66,675,364005,0,0,0,0,39.408120990476064,15.708637829015744,0.003463
2344950339,5588958,2H,52,49,00:52:49.033,3253.033764,87,38,675,493295,0,0,0,0,18.439088914585774,51.36176395103255,0.1271
2344950369,5588958,2H,55,11,00:55:11.781,3395.781986,81,37,675,493295,0,0,0,0,24.186773244895647,40.60129464500447,0.02112
2344950376,5588958,2H,55,14,00:55:14.218,3398.218403,83,50,675,493295,0,0,0,0,27.202941017470888,31.00209856037621,0.1057
2344950418,5588958,2H,56,55,00:56:55.299,3499.299435,86,70,2447,365446,0,0,0,0,40.70626487409524,12.2436414006673,0.04927
2344950444,5588958,2H,59,0,00:59:00.921,3624.921949,87,37,675,547260,0,0,0,0,18.24828759089466,52.1250163489018,0.03155
2344950453,5588958,2H,59,15,00:59:15.493,3639.493786,88,63,675,617894,0,0,0,0,33.61547262794322,16.262302071936215,0.06098
2344950458,5588958,2H,59,21,00:59:21.354,3645.35453,97,54,675,14748,1,0,0,0,21.540659228538015,20.605212066364942,0.5095
2344950491,5588958,2H,61,8,01:01:08.815,3752.815195,88,37,675,493295,0,0,0,0,17.26267650163207,54.65762779636891,0.06877
2344950583,5588958,2H,69,1,01:09:01.857,4225.857006,78,60,675,353833,0,0,0,0,37.48332962798263,20.15664542517911,0.03869
2344950799,5588958,2H,79,31,01:19:31.163,4855.163668,96,69,675,353833,0,0,0,1,36.138621999185304,7.533361206267848,0.06934
2344950822,5588958,2H,80,28,01:20:28.981,4912.981529,95,48,675,353833,1,0,0,0,17.204650534085253,39.936383146969916,0.3383
2344950831,5588958,2H,81,56,01:21:56.396,5000.396838,92,67,2447,565394,0,0,0,0,35.4682957019364,11.244387404297473,0.2861
2344950886,5588958,2H,82,42,01:22:42.320,5046.320688,96,66,675,4498,0,0,0,0,33.24154027718932,8.989865340536012,0.05637
2344950920,5588958,2H,85,40,01:25:40.275,5224.275717,83,36,675,493295,0,0,0,0,22.090722034374522,44.21517539700811,0.1315
2344951002,5588958,2H,92,41,01:32:41.372,5645.372725,92,36,675,493295,0,0,0,0,13.152946437965905,68.5371140752802,0.2312
2457010962,5589319,1H,3,45,00:03:45.379,226.379264,96,70,11565,537093,0,0,0,0,37.107950630558946,7.1250163489017995,0.03699
2457010977,5589319,1H,6,5,00:06:05.916,366.916222,96,29,11565,433693,0,0,0,0,10.295630140987,81.22726270247058,0.02047
2457011011,5589319,1H,10,20,00:10:20.945,621.945615,74,51,11565,363609,0,0,0,0,35.35533905932738,25.516592144898304,0.05382
2457011022,5589319,1H,11,0,00:11:00.165,661.165732,87,29,11565,20650,0,0,0,1,18.681541692269406,50.40379136024971,0.1532
2457011489,5589319,1H,16,58,00:16:58.802,1019.802905,93,47,12510,132855,1,0,0,0,17.69180601295413,42.95459151111278,0.2196
2457011510,5589319,1H,19,47,00:19:47.571,1188.571502,90,57,12510,101629,0,0,0,0,27.459060435491963,21.86009912473741,0.05777
2457011155,5589319,1H,26,25,00:26:25.069,1586.069191,86,69,11565,537093,0,0,0,0,39.824615503479755,12.802620580522317,0.02154
2457011193,5589319,1H,29,30,00:29:30.411,1771.411703,92,57,11565,20650,0,0,0,0,26.419689627245813,20.769455259586874,0.2816
2457011689,5589319,1H,34,25,00:34:25.670,2066.670854,95,58,12510,138162,1,0,0,0,26.0,16.83166875824151,0.1133
2457011429,5589319,1H,44,41,00:44:41.032,2682.03208,83,86,11565,537093,0,0,0,0,56.462376853972415,7.263422643533422,0.00204
2457011805,5589319,1H,47,25,00:47:25.697,2846.697857,77,53,12510,476000,0,0,0,0,33.83784863137726,25.34617594194669,0.03837
2457011621,5589319,2H,51,19,00:51:19.475,3236.475078,84,71,11565,537093,0,0,0,0,42.5440947723653,12.332169169266237,0.02632
2457011679,5589319,2H,54,27,00:54:27.278,3424.278696,95,36,11565,363609,1,0,0,0,10.198039027185569,82.71833119246493,0.06856
2457012010,5589319,2H,57,30,00:57:30.603,3607.603634,77,43,12510,639161,0,0,0,0,29.410882339705484,32.7352262721076,0.05539
2457011983,5589319,2H,80,45,01:20:45.885,5002.885209,96,43,11565,537093,0,0,0,0,12.727922061357855,63.43494882292201,0.4315
2457012331,5589319,2H,89,44,01:29:44.203,5541.20304,88,55,12510,146497,1,0,0,0,27.018512172212592,25.24362477224919,0.0414
2457012351,5589319,2H,91,50,01:31:50.102,5667.102379,92,60,12510,65590,1,0,0,0,29.068883707497267,17.028921417572175,0.09382
2457012361,5589319,2H,92,33,01:32:33.666,5710.666635,94,35,12510,639161,0,0,0,0,11.045361017187261,78.30106239119735,0.1107
2538092271,5589101,1H,14,36,00:14:36.800,877.800779,81,62,676,770398,0,0,0,0,36.87817782917155,18.66311071167633,0.08221
2538091979,5589101,1H,15,32,00:15:32.187,933.187672,85,44,3161,301017,0,0,0,0,22.360679774997898,40.66879405950243,0.1282
2538092007,5589101,1H,18,34,00:18:34.479,1115.479479,82,23,3161,15524,0,0,0,0,25.495097567963924,36.03934617345991,0.00426
2538092035,5589101,1H,20,29,00:20:29.041,1230.041706,88,76,3161,286223,0,0,0,0,45.31004303683677,8.82037955202106,0.01948
2538092054,5589101,1H,20,56,00:20:56.339,1257.339924,90,43,3161,372255,0,0,0,0,17.4928556845359,50.19442890773481,0.3887
2538092419,5589101,1H,24,33,00:24:33.855,1474.855463,97,55,676,360981,0,0,0,0,22.47220505424423,18.75865034784223,0.7103
2538092460,5589101,1H,27,25,00:27:25.327,1646.327627,88,67,676,360981,0,0,0,0,37.12142238654117,13.274986499487751,0.08865
2538092477,5589101,1H,29,5,00:29:05.861,1746.861756,74,50,676,618294,0,0,0,0,34.88552708502482,26.160140748292225,0.001396
2538092548,5589101,1H,33,19,00:33:19.737,2000.737667,96,43,676,397303,0,0,0,0,12.727922061357855,63.43494882292201,0.4509
2538092592,5589101,1H,35,21,00:35:21.913,2122.913794,90,57,676,770398,0,0,0,0,27.459060435491963,21.86009912473741,0.3161
2538092330,5589101,1H,36,55,00:36:55.499,2216.499502,85,71,3161,286223,0,0,0,0,42.05948168962618,12.039112116022286,0.01042
2538092335,5589101,1H,37,25,00:37:25.906,2246.90658,81,64,3161,105338,0,0,0,0,38.41874542459709,17.20657258804145,0.02407
2538092393,5589101,1H,40,20,00:40:20.201,2421.201674,86,60,3161,15524,0,0,0,0,32.202484376209235,19.684191501619246,0.04737
2538092883,5589101,2H,53,13,00:53:13.369,3387.369713,90,61,676,473367,0,0,0,0,30.886890422961002,17.185706144224763,0.1985
2538092669,5589101,2H,55,16,00:55:16.387,3510.387295,81,28,3161,286223,0,0,0,0,24.73863375370596,39.130399556985296,0.02086
2538092912,5589101,2H,56,4,00:56:04.388,3558.388326,91,57,676,473367,0,0,0,0,26.92582403567252,21.370622269343183,0.4742
2538092979,5589101,2H,59,19,00:59:19.682,3753.682674,95,53,676,360981,1,1,0,1,21.470910553583888,25.34617594194669,0.2444
2538092986,5589101,2H,60,33,01:00:33.179,3827.179222,78,38,676,360981,0,0,0,0,27.294688127912362,36.20143079314286,0.01066
2538093169,5589101,2H,69,29,01:09:29.267,4363.267833,80,55,676,770398,0,0,0,0,32.64965543462902,24.55342308342952,0.007497
2538093331,5589101,2H,76,14,01:16:14.990,4768.990773,78,60,676,770398,0,0,0,0,37.48332962798263,20.15664542517911,0.05619
2538093084,5589101,2H,81,18,01:21:18.474,5072.474495,86,55,3161,423151,0,0,0,0,28.319604517012593,25.376912185980334,0.05218
2538093572,5589101,2H,86,58,01:26:58.688,5412.688047,90,35,676,408307,0,0,0,0,15.033296378372908,61.76255446183274,0.1749
2538093575,5589101,2H,87,0,01:27:00.391,5414.3915,92,38,676,408307,0,0,0,0,13.601470508735444,66.03751102542181,0.3753
2538093625,5589101,2H,92,1,01:32:01.593,5715.593936,82,71,676,770398,0,0,0,0,43.56604182158393,12.835609486401433,0.03147
2538093218,5589101,2H,92,43,01:32:43.578,5757.578252,93,53,3161,20635,0,0,0,0,22.47220505424423,26.995838394086622,0.4011
2538093671,5589101,2H,95,43,01:35:43.954,5937.954098,89,62,676,770398,0,0,0,1,32.2490309931942,16.715686488998475,0.328
2452196530,5589059,1H,4,28,00:04:28.525,269.525128,75,29,9607,743429,0,0,0,0,30.4138126514911,32.611536846691465,0.02732
2452196247,5589059,1H,8,46,00:08:46.175,527.175533,89,32,19830,618580,0,0,0,0,16.1245154965971,58.13790071832522,0.09473
2452196676,5589059,1H,13,47,00:13:47.713,828.713053,93,69,9607,145727,0,0,0,0,37.0,9.520021865774146,0.05253
2452196647,5589059,1H,41,56,00:41:56.145,2517.145337,76,63,19830,257800,0,0,0,0,41.012193308819754,18.058362267849468,0.05247
2452197014,5589059,1H,43,20,00:43:20.083,2601.083553,88,47,9607,743429,0,0,0,0,21.400934559032695,39.06523961812362,0.124
2452197071,5589059,1H,46,41,00:46:41.933,2802.933066,87,55,9607,631944,0,0,0,0,27.65863337187866,25.346175941946697,0.1418
2452197197,5589059,2H,47,12,00:47:12.833,3019.83377,90,31,9607,743429,0,0,0,0,15.297058540778355,60.4612177404419,0.05502
2452197118,5589059,2H,47,47,00:47:47.614,3054.614584,96,65,9607,347282,0,0,0,1,32.28002478313795,9.568640165392539,0.2471
2452196872,5589059,2H,49,59,00:49:59.397,3186.397197,90,42,19830,282772,1,0,0,0,17.0,52.39040920928771,0.1058
2452196991,5589059,2H,58,28,00:58:28.894,3695.894863,86,64,19830,235606,1,0,0,0,35.510561809129406,16.163200811456928,0.04988
2452197343,5589059,2H,59,39,00:59:39.598,3766.59816,90,57,9607,347282,0,0,0,0,27.459060435491963,21.86009912473741,0.2806
2452197352,5589059,2H,60,20,01:00:20.402,3807.402273,88,37,9607,70086,0,0,0,0,17.26267650163207,54.65762779636891,0.06473
2452197368,5589059,2H,61,4,01:01:04.526,3851.526384,93,47,9607,347282,0,0,0,0,17.69180601295413,42.95459151111278,0.445
2452197371,5589059,2H,61,11,01:01:11.900,3858.90063,82,65,9607,532757,0,0,0,0,38.600518131237564,16.374128181442146,0.04298
2452197373,5589059,2H,61,13,01:01:13.779,3860.77971,89,61,9607,474772,0,0,0,0,31.38470965295043,17.67105036199202,0.3351
2452197427,5589059,2H,63,10,01:03:10.186,3977.186619,89,29,9607,682098,0,0,0,0,16.76305461424021,55.22216863363612,0.04014
2452197446,5589059,2H,64,35,01:04:35.649,4062.649727,87,30,9607,682098,0,0,0,0,18.439088914585774,51.36176395103255,0.08083
2452197451,5589059,2H,65,13,01:05:13.566,4100.566116,82,42,9607,743429,0,0,0,0,24.351591323771842,38.95878731205102,0.03291
2452197551,5589059,2H,74,13,01:14:13.600,4640.600013,89,32,9607,3314,0,0,0,0,16.1245154965971,58.13790071832522,0.004004
2452197566,5589059,2H,74,54,01:14:54.940,4681.940941,80,45,9607,532757,0,0,0,0,27.313000567495326,34.08588699418923,0.09322
2452197627,5589059,2H,79,43,01:19:43.869,4970.869371,77,33,9607,532757,0,0,0,0,28.0178514522438,35.599219958976164,0.008171
2452197261,5589059,2H,81,8,01:21:08.757,5055.757073,80,22,19830,360992,0,0,0,0,27.730849247724095,33.18748585925876,0.02286
2452197653,5589059,2H,82,9,01:22:09.046,5116.046386,80,50,9607,474772,0,0,0,0,29.68164415931166,29.357753542791276,0.0301
2452197666,5589059,2H,82,36,01:22:36.980,5143.980508,89,51,9607,614755,0,0,0,0,23.345235059857504,31.827446576673108,0.1264
2452197684,5589059,2H,85,22,01:25:22.204,5309.204255,86,67,9607,145727,0,0,0,0,38.07886552931954,14.026395448169028,0.1414
2452197688,5589059,2H,86,12,01:26:12.304,5359.30475,90,45,9607,631944,1,0,0,0,18.601075237738275,45.53545898556453,0.1087
2472284503,5589079,1H,8,42,00:08:42.297,523.297021,91,42,2444,8717,1,0,0,0,16.1245154965971,54.61315693163105,0.1342
2472284617,5589079,1H,21,37,00:21:37.039,1298.039089,97,53,2444,569593,1,0,0,0,20.615528128088304,22.71441235316724,0.3037
2472284651,5589079,1H,24,34,00:24:34.062,1475.062992,84,35,2444,231139,0,0,0,0,21.02379604162864,46.31780310144996,0.1322
2472284680,5589079,1H,27,22,00:27:22.666,1643.6665,79,65,2444,134387,0,0,0,0,40.45985664828782,16.739774134929537,0.04331
2472284718,5589079,1H,30,15,00:30:15.694,1816.694968,76,37,2444,224593,0,0,0,0,29.154759474226502,34.16880357254231,0.03668
2472284851,5589079,1H,43,29,00:43:29.105,2610.105541,80,33,2444,425788,0,0,0,0,25.019992006393608,39.546081111408746,0.01409
2472284856,5589079,1H,43,41,00:43:41.810,2622.810576,86,68,2444,569593,0,0,0,0,38.948684188300895,13.396093798402946,0.02051
2472284984,5589079,2H,53,36,00:53:36.077,3415.077199,96,57,2444,569593,0,0,0,0,24.698178070456937,17.02658844309185,0.5801
2472285122,5589079,2H,69,37,01:09:37.528,4376.528628,77,49,2444,557016,0,1,0,0,31.76476034853718,28.506537567992368,0.02457
2472285272,5589079,2H,85,55,01:25:55.336,5354.3364,82,47,2444,425788,0,0,0,0,26.419689627245813,33.86116303685892,0.01612
2472285291,5589079,2H,87,33,01:27:33.227,5452.227168,86,50,2444,245364,0,0,0,0,24.839484696748443,32.54030658725726,0.0801
2472285330,5589079,2H,90,35,01:30:35.446,5634.44614,81,52,2444,224593,0,0,0,0,30.0,27.81041544384634,0.08445
2472286006,5589079,2H,93,45,01:33:45.317,5824.317256,95,47,2444,352988,1,0,0,0,16.401219466856727,43.75463573323165,0.1987
2472285377,5589079,2H,94,39,01:34:39.787,5878.787684,89,56,2444,255430,0,0,0,0,27.202941017470888,23.606568902437697,0.2651
2325738081,5588936,1H,4,27,00:04:27.971,268.971268,85,28,2447,384166,0,1,0,0,20.8806130178211,45.40066325579215,0.01043
2325738034,5588936,1H,8,43,00:08:43.842,524.842092,96,50,8508,419853,0,0,0,0,18.35755975068582,32.32613999437687,0.4253
2325738121,5588936,1H,10,18,00:10:18.188,619.188801,86,36,2447,496766,0,0,0,1,19.1049731745428,50.29344225303053,0.1579
2325738151,5588936,1H,13,15,00:13:15.831,796.831744,89,56,2447,263490,1,0,0,0,27.202941017470888,23.606568902437697,0.05685
2325738227,5588936,1H,17,24,00:17:24.753,1045.753341,91,60,2447,496766,1,0,0,0,29.5296461204668,17.671050361992013,0.1122
2325738348,5588936,1H,22,12,00:22:12.335,1333.335273,93,32,2447,263490,0,0,0,0,12.165525060596439,72.76688424153011,0.1223
2325738355,5588936,1H,23,2,00:23:02.681,1383.681475,93,57,2447,448070,0,0,0,0,25.942243542145693,20.045249425420998,0.3904
2325738415,5588936,1H,24,3,00:24:03.539,1444.539841,78,34,8508,419853,0,0,0,0,27.0,36.86989764584402,0.05738
2325738372,5588936,1H,25,32,00:25:32.066,1533.066959,88,42,2447,448070,1,0,0,0,18.788294228055936,48.3664606634298,0.03345
2325738414,5588936,1H,28,31,00:28:31.619,1712.619211,86,25,2447,496766,0,0,0,0,21.02379604162864,43.45184230102203,0.01906
2325738492,5588936,1H,33,38,00:33:38.890,2019.890416,73,42,2447,496766,0,0,0,0,32.984845004941285,29.769384996726213,0.03847
2325738542,5588936,1H,36,49,00:36:49.562,2210.562539,82,46,2447,15526,0,0,0,0,25.942243542145693,34.96602982632769,0.04371
2325738608,5588936,1H,41,16,00:41:16.354,2477.354249,80,66,2447,496766,0,0,0,0,40.607881008493905,16.012938890280356,0.04053
2325738803,5588936,1H,43,18,00:43:18.868,2599.868285,73,46,8508,432968,0,0,0,0,34.17601498127012,27.919062941979732,0.001275
2325738762,5588936,2H,52,24,00:52:24.217,3216.217048,85,16,2447,272434,0,0,0,0,26.90724809414742,29.243399315060664,0.009813
2325738804,5588936,2H,53,40,00:53:40.555,3292.555687,82,54,2447,384166,0,0,0,0,30.479501308256342,26.0219794833542,0.09387
2325738811,5588936,2H,54,9,00:54:09.913,3321.913167,89,72,2447,652230,0,0,0,0,41.23105625617661,10.086696608258054,0.06712
2325739297,5588936,2H,64,29,01:04:29.176,3941.176041,79,36,8508,555120,0,0,0,0,26.076809620810597,38.00058859708199,0.007348
2325738965,5588936,2H,65,53,01:05:53.297,4025.297409,93,43,2447,263490,0,0,0,0,15.0,56.309932474020215,0.4046
2325739325,5588936,2H,67,53,01:07:53.751,4145.751806,77,53,8508,595198,0,0,0,0,33.83784863137726,25.34617594194669,0.03689
2325739339,5588936,2H,70,46,01:10:46.325,4318.325705,82,49,8508,555120,0,0,0,0,27.459060435491963,31.598001246499646,0.1186
2325739418,5588936,2H,77,9,01:17:09.375,4701.375,96,56,8508,479178,1,0,0,0,23.769728648009426,18.505947274207028,0.4447
2325739112,5588936,2H,78,30,01:18:30.849,4782.849535,87,68,2447,447214,0,0,0,0,38.47076812334269,13.039474901269514,0.06351
2325739163,5588936,2H,82,48,01:22:48.984,5040.984581,88,65,2447,652230,0,0,0,0,35.35533905932738,14.668748458161136,0.2204
2325739562,5588936,2H,92,15,01:32:15.206,5607.206134,85,56,8508,731144,0,0,0,0,29.732137494637012,24.147590652790825,0.03925
2478436047,5590076,1H,0,29,00:00:29.411,30.411779,95,50,8738,590583,0,0,0,0,18.867962264113206,33.20657031508953,0.4943
2478436051,5590076,1H,0,30,00:00:30.702,31.70237,95,52,8738,66175,0,0,0,0,20.591260281974,27.689650674520408,0.742
2478436027,5590076,1H,4,27,00:04:27.730,268.73079,76,47,9925,386399,0,0,0,0,31.78049716414141,29.331393151254904,0.00574
2478436648,5590076,1H,10,11,00:10:11.499,612.499218,90,29,8738,578856,0,0,0,0,15.811388300841896,57.956483167255584,0.007467
2478436652,5590076,1H,10,14,00:10:14.902,615.902029,87,42,8738,172254,0,0,0,0,19.697715603592208,46.543253078247524,0.2987
2478436679,5590076,1H,12,30,00:12:30.565,751.565177,89,75,8738,522490,0,1,0,0,44.01136216933077,8.82037955202106,0.0316
2478436759,5590076,1H,17,52,00:17:52.493,1073.493772,85,49,8738,66175,0,0,0,0,25.0,33.495184673741186,0.1044
2478436273,5590076,1H,19,34,00:19:34.828,1175.828689,97,66,9925,345810,0,0,0,0,32.984845004941285,8.138067845486997,0.1063
2478437009,5590076,1H,35,41,00:35:41.243,2142.243223,71,49,8738,578856,0,0,0,0,37.16180835212409,25.209613166751375,0.006006
2478437014,5590076,1H,36,19,00:36:19.459,2180.459792,89,52,8738,578856,0,0,0,0,24.08318915758459,29.99157850015586,0.1526
2478437021,5590076,1H,36,31,00:36:31.319,2192.319421,90,59,8738,66175,0,0,0,0,29.154759474226502,19.34644621554769,0.2404
2478437023,5590076,1H,36,32,00:36:32.791,2193.791581,92,53,8738,526355,0,0,0,0,23.021728866442675,27.526639163077324,0.4823
2478437226,5590076,2H,47,39,00:47:39.625,2935.625014,89,41,8738,172254,0,0,0,0,17.46424919657298,52.1250163489018,0.1314
2478437236,5590076,2H,48,37,00:48:37.100,2993.100426,91,41,8738,772118,0,0,0,0,15.652475842498529,56.94417718844633,0.1636
2478437246,5590076,2H,48,48,00:48:48.965,3004.965602,86,59,8738,772118,0,0,0,0,31.400636936215164,20.701606407723293,0.1402
2478437247,5590076,2H,48,51,00:48:51.357,3007.357947,81,57,8738,590583,0,0,0,0,33.24154027718932,22.873665190626713,0.0909
2478437310,5590076,2H,52,58,00:52:58.597,3254.597063,94,52,8738,172254,0,0,0,0,21.095023109728988,28.544247315417184,0.1921
2478437422,5590076,2H,60,58,01:00:58.228,3734.228345,88,40,8738,772118,0,0,0,0,18.027756377319946,51.43164542644399,0.2478
2478436691,5590076,2H,65,7,01:05:07.295,3983.295745,86,42,9925,345810,0,0,0,0,20.615528128088304,44.83295738431911,0.1418
2478437519,5590076,2H,66,44,01:06:44.526,4080.526592,85,53,8738,629543,0,0,0,0,27.586228448267445,27.897271030947632,0.05265
2478437554,5590076,2H,69,17,01:09:17.612,4233.612282,81,62,8738,590583,0,0,0,0,36.87817782917155,18.66311071167633,0.08168
2478437560,5590076,2H,70,13,01:10:13.889,4289.889969,88,30,8738,772118,0,0,0,0,17.46424919657298,53.794896965443336,0.05532
2478437708,5590076,2H,77,49,01:17:49.126,4745.126823,92,43,8738,590583,0,0,0,0,15.811388300841896,54.16234704572171,0.3058
2478437877,5590076,2H,86,38,01:26:38.811,5274.811972,79,47,8738,684313,0,0,0,0,29.068883707497267,31.490196046718612,0.004862
2478437892,5590076,2H,87,45,01:27:45.239,5341.239972,88,31,8738,578856,0,0,0,0,17.26267650163207,54.65762779636891,0.04331
2478437905,5590076,2H,88,48,01:28:48.101,5404.101615,87,37,8738,618674,0,0,0,0,18.24828759089466,52.1250163489018,0.06271
2478437936,5590076,2H,91,56,01:31:56.100,5592.100594,93,58,8738,334944,0,0,0,0,26.832815729997478,18.676701732190118,0.4984
2331864355,5588946,1H,5,42,00:05:42.373,343.373683,87,39,675,493295,0,0,0,0,18.681541692269406,50.40379136024971,0.1272
2331864577,5588946,1H,15,22,00:15:22.354,923.354805,81,51,675,617894,0,0,0,0,29.410882339705484,28.855661219716527,0.008372
2331864649,5588946,1H,18,47,00:18:47.618,1128.618225,89,37,675,764899,0,0,0,0,16.278820596099706,57.425942865427494,0.203
2331864809,5588946,1H,24,50,00:24:50.634,1491.634634,93,47,3776,502961,1,0,0,0,17.69180601295413,42.95459151111278,0.1966
2331864812,5588946,1H,24,51,00:24:51.949,1492.949011,48,99,3776,502961,0,0,0,0,86.45229898620394,7.901037703513056,0.0374
2331865382,5588946,1H,48,39,00:48:39.142,2920.142299,77,41,675,764899,0,0,0,0,28.861739379323623,33.8304980769171,0.02886
2331865187,5588946,2H,53,46,00:53:46.393,3502.39334,81,77,3776,514379,0,0,0,0,49.24428900898052,10.442452399360796,0.02073
2331865305,5588946,2H,64,59,01:04:59.371,4175.371648,88,46,3776,502961,0,0,0,0,20.808652046684813,41.001026156053186,0.3357
2331865813,5588946,2H,66,22,01:06:22.754,4258.754334,88,59,675,493295,0,0,0,0,30.23243291566195,20.17065341185039,0.1542
2331865877,5588946,2H,73,32,01:13:32.391,4688.391979,92,48,675,4501,1,0,0,0,19.1049731745428,39.48659997133244,0.09675
2331866122,5588946,2H,85,45,01:25:45.476,5421.476,94,47,675,14748,1,0,0,0,17.029386365926403,43.451842301022026,0.3241
2331866008,5588946,2H,85,46,01:25:46.585,5422.585183,95,49,675,617894,0,0,0,0,18.027756377319946,36.416378519886045,0.7054
2331866016,5588946,2H,86,29,01:26:29.688,5465.688679,91,48,675,493295,0,0,0,0,19.79898987322333,39.01748307414253,0.3183
2331866038,5588946,2H,90,2,01:30:02.732,5678.732107,92,54,675,703740,1,1,0,1,23.853720883753127,25.618099730304525,0.081
2331865703,5588946,2H,91,3,01:31:03.027,5739.027916,75,42,3776,514379,0,0,0,0,31.04834939252005,31.447934692554472,0.04933
2331866072,5588946,2H,92,20,01:32:20.552,5816.552877,89,41,675,493295,1,0,0,0,17.46424919657298,52.1250163489018,0.08561
2331866101,5588946,2H,94,28,01:34:28.841,5944.841596,71,57,675,703740,0,0,0,0,41.048751503547585,20.88416035911204,0.001384
2400274518,5590043,1H,18,8,00:18:08.610,1090.610978,89,39,1968,262912,1,0,0,0,16.76305461424021,55.22216863363612,0.1011
2400274858,5590043,1H,19,44,00:19:44.579,1186.579359,88,46,11958,600742,0,0,0,0,20.808652046684813,41.001026156053186,0.3066
2400274628,5590043,1H,26,43,00:26:43.785,1605.785617,75,31,1968,509553,0,0,0,0,30.14962686336267,33.11134196037203,0.04018
2400274856,5590043,1H,41,19,00:41:19.037,2481.037428,82,34,1968,456015,0,1,0,0,23.0,42.74124453868637,0.1934
2400275228,5590043,1H,42,29,00:42:29.574,2551.574044,86,57,11958,600742,0,1,0,1,29.832867780352597,22.915925633349705,0.3895
2400275400,5590043,2H,47,55,00:47:55.984,3030.98471,85,57,11958,72440,0,0,0,0,30.479501308256342,23.002596593357843,0.07541
2400275477,5590043,2H,51,29,00:51:29.917,3244.917018,93,60,11958,334157,0,1,0,1,28.635642126552707,16.292948552141482,0.2112
2400275496,5590043,2H,53,2,00:53:02.439,3337.439165,82,48,11958,619636,0,0,0,0,26.92582403567252,32.7352262721076,0.02073
2400275499,5590043,2H,53,7,00:53:07.092,3342.092789,91,24,11958,544888,0,0,0,0,17.204650534085253,49.53003140418923,0.0579
2400275551,5590043,2H,55,11,00:55:11.929,3466.929358,85,61,11958,630852,0,0,0,0,33.60059523282288,18.9581834051062,0.004715
2400275552,5590043,2H,55,13,00:55:13.431,3468.43146,85,48,11958,72440,0,0,0,0,24.413111231467404,34.954669630503304,0.1669
2400275567,5590043,2H,55,56,00:55:56.729,3511.729954,81,48,11958,72440,0,0,0,0,27.784887978899608,32.01283583284806,0.02948
2400275614,5590043,2H,61,40,01:01:40.298,3855.298704,88,59,11958,619636,1,0,0,0,30.23243291566195,20.17065341185039,0.05179
2400275624,5590043,2H,62,29,01:02:29.115,3904.115933,93,44,11958,422527,1,0,0,0,15.620499351813308,52.96071399469619,0.1899
2400275167,5590043,2H,65,33,01:05:33.450,4088.450256,68,60,1968,262912,0,0,0,0,45.221676218380054,18.731996558468353,0.005256
2400275666,5590043,2H,67,29,01:07:29.535,4204.535804,80,51,11958,480108,0,0,0,0,30.23243291566195,28.378631089018498,0.009614
2400275695,5590043,2H,69,33,01:09:33.593,4328.593811,87,30,11958,544888,0,0,0,0,18.439088914585774,51.36176395103255,0.07236
2400275205,5590043,2H,69,55,01:09:55.708,4350.708921,87,59,1968,454308,0,0,0,0,30.805843601498726,20.46918963248217,0.2358
2400275752,5590043,2H,75,5,01:15:05.740,4660.740611,85,40,11958,619636,0,0,0,0,20.8806130178211,45.40066325579215,0.003324
2400275753,5590043,2H,75,7,01:15:07.859,4662.859953,94,30,11958,72440,0,0,0,0,11.704699910719626,74.20759647114272,0.1349
2400275758,5590043,2H,76,18,01:16:18.386,4733.386483,75,29,11958,334157,0,0,0,0,30.4138126514911,32.611536846691465,0.0009322
2400275775,5590043,2H,77,43,01:17:43.515,4818.515689,93,67,11958,85475,0,0,0,0,35.11409973215888,10.619655276155145,0.02445
2400275784,5590043,2H,78,24,01:18:24.449,4859.449265,93,60,11958,619636,0,1,0,1,28.635642126552707,16.292948552141482,0.1451
2400275785,5590043,2H,78,25,01:18:25.995,4860.995631,97,44,11958,480103,0,1,0,1,12.806248474865697,60.04132947318065,0.707
2400275815,5590043,2H,82,23,01:22:23.751,5098.751833,85,28,11958,544888,0,0,0,0,20.8806130178211,45.40066325579215,0.04906
2400275846,5590043,2H,84,43,01:24:43.157,5238.157592,75,41,11958,505514,0,0,0,0,30.805843601498726,31.886561770143313,0.00113
2400275868,5590043,2H,86,25,01:26:25.587,5340.587236,89,58,11958,422527,0,0,0,0,28.844410203711913,20.98125347190007,0.1071
2400275874,5590043,2H,87,19,01:27:19.578,5394.578468,95,49,11958,422527,0,0,0,0,18.027756377319946,36.416378519886045,0.3515
2400275492,5590043,2H,90,49,01:30:49.953,5604.953777,91,48,1968,382812,0,0,0,0,19.79898987322333,39.01748307414253,0.1981
2448445785,5589041,1H,6,24,00:06:24.965,385.965722,93,50,3172,551694,1,0,0,0,20.0,34.10255701216545,0.232
2448447331,5589041,1H,8,50,00:08:50.993,531.99354,91,37,3172,22889,1,0,0,0,14.317821063276353,63.799885158652664,0.102
2448446252,5589041,1H,11,1,00:11:01.092,662.092468,78,64,676,770398,0,0,0,0,40.36087214122113,17.42986281766783,0.04569
2448445861,5589041,1H,12,30,00:12:30.381,751.381972,88,81,3172,551694,0,1,0,0,49.9799959983992,7.215443377217098,0.04925
2448446750,5589041,1H,26,27,00:26:27.045,1588.045302,88,64,676,770398,0,0,0,0,34.48187929913333,15.43873036961082,0.1238
2448446949,5589041,1H,46,52,00:46:52.587,2813.58775,80,42,676,408307,0,0,0,0,26.248809496813376,36.50631217507593,0.04067
2448446165,5589041,2H,45,43,00:45:43.798,2873.798514,80,44,3172,625,0,0,0,0,26.92582403567252,34.94422393893614,0.03759
2448446963,5589041,2H,46,18,00:46:18.818,2908.818148,98,51,676,770398,0,0,0,0,18.384776310850235,26.11743700621744,0.6408
2448446975,5589041,2H,48,14,00:48:14.285,3024.285521,81,72,676,770398,0,1,0,0,44.94441010848846,12.560091232940477,0.00325
2448446201,5589041,2H,50,3,00:50:03.013,3133.013114,81,40,3172,135807,0,0,0,0,24.73863375370596,39.130399556985296,0.1948
2448447368,5589041,2H,62,27,01:02:27.667,3877.667239,91,35,676,770398,0,0,0,0,14.035668847618199,65.2825590889166,0.06722
2448447093,5589041,2H,64,6,01:04:06.783,3976.783281,74,48,676,408307,0,0,0,0,34.0147027033899,27.41068393279762,0.01016
2448446413,5589041,2H,66,24,01:06:24.890,4114.890199,80,39,3172,498456,0,0,0,0,25.495097567963924,38.339103257369295,0.07618
2448447145,5589041,2H,71,46,01:11:46.940,4436.940496,97,44,676,470747,1,0,0,0,12.806248474865697,60.04132947318065,0.1544
2448446617,5589041,2H,78,48,01:18:48.447,4858.447284,89,49,3172,135807,0,1,0,1,21.93171219946131,35.75388725443675,0.2138
2448447329,5589041,2H,80,47,01:20:47.436,4977.436541,95,60,3172,487020,0,0,0,0,27.85677655436824,14.520149018537028,0.2121
2448447248,5589041,2H,83,5,01:23:05.066,5115.066135,94,52,676,397303,1,0,0,0,21.095023109728988,28.544247315417184,0.2627
2448447355,5589041,2H,86,46,01:26:46.591,5336.59104,72,37,676,631908,0,0,0,0,33.13608305156178,30.28795299066601,0.004067
2448447357,5589041,2H,93,10,01:33:10.808,5720.808709,87,51,676,631908,0,0,0,0,24.758836806279895,31.342357494187848,0.04047
2448447294,5589041,2H,93,12,01:33:12.764,5722.764704,86,38,676,397303,0,0,0,0,19.4164878389476,49.1239075603156,0.2586
2449226675,5589311,1H,5,34,00:05:34.725,335.725503,86,67,11565,83616,0,0,0,0,38.07886552931954,14.026395448169028,0.00272
2449226784,5589311,1H,20,53,00:20:53.161,1254.161731,90,52,12510,132855,0,0,0,0,23.430749027719962,29.981639368849336,0.2856
2449226931,5589311,1H,25,51,00:25:51.942,1552.942225,92,31,11565,511261,0,0,0,0,13.341664064126334,67.4845305261934,0.07175
2449227076,5589311,1H,41,9,00:41:09.807,2470.807822,83,45,11565,511261,0,0,0,0,24.596747752497688,37.07926009835893,0.01029
2449227148,5589311,1H,45,16,00:45:16.492,2717.492493,88,47,11565,511261,1,0,0,0,21.400934559032695,39.06523961812362,0.09206
2449227290,5589311,2H,46,45,00:46:45.190,3133.190811,91,60,11565,511261,0,0,0,0,29.5296461204668,17.671050361992013,0.022
2449227329,5589311,2H,49,17,00:49:17.141,3285.141162,89,47,11565,262984,0,0,0,0,20.615528128088304,39.936383146969916,0.2938
2449227331,5589311,2H,49,19,00:49:19.103,3287.103489,89,58,11565,778883,0,0,0,0,28.844410203711913,20.98125347190007,0.2598
2449227447,5589311,2H,52,29,00:52:29.098,3477.098694,80,37,12510,25504,0,0,0,0,25.179356624028344,39.1367391051011,0.02025
2449227522,5589311,2H,59,40,00:59:40.154,3908.154822,92,52,11565,509301,1,0,0,0,22.20360331117452,29.59489268795477,0.2103
2449228124,5589311,2H,61,48,01:01:48.018,4036.018742,64,45,11565,277597,0,0,0,0,42.44997055358225,23.21064347879816,0.005792
2449227803,5589311,2H,69,53,01:09:53.899,4521.899669,78,61,12510,4424,0,0,0,0,38.18376618407357,19.44003482817619,0.03998
2449227837,5589311,2H,72,33,01:12:33.329,4681.329009,94,56,12510,215503,1,0,0,0,24.596747752497688,20.699703371145432,0.2447
2449227924,5589311,2H,78,30,01:18:30.052,5038.052447,89,48,12510,247162,1,0,0,0,21.2602916254693,37.821486206781884,0.09432
2449227806,5589311,2H,81,5,01:21:05.551,5193.551378,74,21,11565,433693,0,0,0,0,33.61547262794322,28.010082527176696,0.004314
2449227896,5589311,2H,86,6,01:26:06.529,5494.529883,85,70,11565,615073,0,0,0,0,41.182520563948,12.56636639240699,0.01439
2449228045,5589311,2H,94,9,01:34:09.296,5977.296796,90,46,11565,363609,1,0,0,0,19.209372712298546,43.15238973400541,0.1428
2385960236,5588991,1H,3,30,00:03:30.958,211.958049,79,48,3161,79320,0,0,0,0,29.5296461204668,30.610941300556803,0.04627
2385960395,5588991,1H,12,46,00:12:46.696,767.696431,89,71,3161,239291,0,0,0,0,40.311288741492746,10.565873271131494,0.05111
2385960597,5588991,1H,17,35,00:17:35.891,1056.891136,85,42,3161,372255,0,0,0,0,21.540659228538015,43.22694179920911,0.07101
2385959890,5588991,1H,28,5,00:28:05.888,1686.888557,78,49,2975,590238,0,0,0,0,30.886890422961002,29.10473162741869,0.01238
2385960846,5588991,1H,37,8,00:37:08.119,2229.119529,70,30,3161,99902,0,0,0,0,35.22782990761707,28.50653756799237,0.005469
2385960050,5588991,1H,45,26,00:45:26.387,2727.387299,81,46,2975,258253,0,0,0,0,26.832815729997478,34.060908816807846,0.01339
2385960910,5588991,2H,45,35,00:45:35.283,2945.28323,92,61,3161,330003,0,0,0,0,29.966648127543394,15.982438584957237,0.3895
2385960999,5588991,2H,52,41,00:52:41.119,3371.119802,76,46,3161,15524,0,0,0,0,31.38470965295043,30.003581965407182,0.02363
2385960136,5588991,2H,53,20,00:53:20.181,3410.181773,76,27,2975,743950,0,0,0,0,29.832867780352597,32.83176799594827,0.01868
2385961037,5588991,2H,55,53,00:55:53.978,3563.978323,93,44,3161,79320,1,0,0,0,15.620499351813308,52.96071399469619,0.1981
2385960184,5588991,2H,57,10,00:57:10.907,3640.907662,77,54,2975,406035,0,0,0,0,34.40930106817051,24.55734967814883,0.05385
2385961114,5588991,2H,63,4,01:03:04.243,3994.243164,82,51,3161,99902,0,0,0,0,28.600699292150182,29.324523618973735,0.06624
2385960342,5588991,2H,67,43,01:07:43.238,4273.2385,73,26,2975,16110,0,1,0,0,32.984845004941285,29.769384996726213,0.01564
2385960353,5588991,2H,68,36,01:08:36.898,4326.898978,85,30,2975,743950,0,0,0,0,20.396078054371138,47.060111023723124,0.07904
2385961153,5588991,2H,70,39,01:10:39.716,4449.716061,99,59,3161,301017,1,1,0,0,25.709920264364882,10.54806541814213,0.2856
2522251294,5589345,1H,9,55,00:09:55.753,596.753016,93,49,1611,446705,0,0,0,0,19.209372712298546,36.86989764584401,0.548
2522251349,5589345,1H,15,23,00:15:23.171,924.171811,87,68,1611,40756,0,0,0,0,38.47076812334269,13.039474901269514,0.05494
2522251400,5589345,1H,18,10,00:18:10.550,1091.550972,82,64,1611,369589,0,0,0,0,37.8021163428716,17.072856302565697,0.00664
2522251616,5589345,1H,21,7,00:21:07.869,1268.869945,86,60,3766,578270,0,0,0,0,32.202484376209235,19.684191501619246,0.05435
2522251628,5589345,1H,21,42,00:21:42.945,1303.945359,93,49,3766,428131,1,0,0,0,19.209372712298546,36.86989764584401,0.2209
2522251646,5589345,1H,22,7,00:22:07.314,1328.314524,80,61,3766,38426,0,0,0,0,36.796738985948195,19.468281379199375,0.01099
2522251515,5589345,1H,24,40,00:24:40.117,1481.117597,83,65,1611,692543,0,0,0,0,38.01315561749642,16.189206257026946,0.05797
2522251796,5589345,1H,29,27,00:29:27.136,1768.136788,93,55,3766,279717,0,0,0,0,24.186773244895647,23.198590513648185,0.3603
2522253274,5589345,1H,31,6,00:31:06.636,1867.636073,87,45,3766,582972,0,0,0,0,21.095023109728988,41.67259575827343,0.09972
2522251866,5589345,1H,32,25,00:32:25.569,1946.569467,80,55,3766,428131,0,0,0,0,32.64965543462902,24.55342308342952,0.04757
2522251647,5589345,1H,35,4,00:35:04.123,2105.123001,89,64,1611,243588,0,1,0,1,34.0,14.997743223075787,0.2664
2522251680,5589345,1H,36,25,00:36:25.370,2186.370346,79,30,1611,692543,0,0,0,0,26.30589287593181,37.45057823173673,0.0107
2522251704,5589345,1H,38,3,00:38:03.747,2284.747824,77,49,1611,243588,0,0,0,0,31.76476034853718,28.506537567992368,0.05403
2522251860,5589345,1H,45,44,00:45:44.142,2745.142502,91,70,1611,369589,0,1,0,1,38.62641583165593,10.126077066001766,0.08949
2522253154,5589345,2H,49,44,00:49:44.144,3161.144548,92,40,1611,692543,0,0,0,0,14.317821063276353,62.08023357189139,0.3093
2522251940,5589345,2H,51,29,00:51:29.398,3266.398089,87,23,1611,619987,0,0,0,0,21.095023109728988,41.67259575827343,0.03959
2522252240,5589345,2H,53,49,00:53:49.026,3406.026428,89,52,3766,209091,0,0,0,0,24.08318915758459,29.99157850015586,0.3077
2522252255,5589345,2H,54,42,00:54:42.913,3459.913443,86,43,3766,582972,0,0,0,0,21.02379604162864,43.45184230102203,0.009399
2522252293,5589345,2H,56,12,00:56:12.306,3549.306325,83,42,3766,563391,0,0,0,0,23.40939982143925,40.29680266918898,0.08711
2522252036,5589345,2H,57,33,00:57:33.517,3630.517661,91,30,1611,692543,0,0,0,0,14.560219778561036,62.53272766139187,0.04594
2522252065,5589345,2H,58,39,00:58:39.807,3696.807649,88,40,1611,619987,0,0,0,0,18.027756377319946,51.43164542644399,0.09425
2522253157,5589345,2H,68,17,01:08:17.208,4274.208402,88,72,1611,369589,0,0,0,0,41.6293165929973,10.493960897512908,0.06052
2522252584,5589345,2H,70,33,01:10:33.591,4410.591521,97,52,3766,209091,1,0,0,0,19.697715603592208,25.12917795481518,0.5099
2522252628,5589345,2H,72,16,01:12:16.312,4513.312452,86,59,3766,578270,0,0,0,0,31.400636936215164,20.701606407723293,0.05362
2522252688,5589345,2H,74,7,01:14:07.282,4624.282693,90,29,3766,652211,0,0,0,0,15.811388300841896,57.956483167255584,0.0578
2522252690,5589345,2H,74,11,01:14:11.177,4628.177253,84,69,3766,279717,0,0,0,0,40.8166632639171,13.413673165258052,0.04613
2522252719,5589345,2H,77,2,01:17:02.755,4799.755032,97,39,3766,86722,0,0,0,0,9.433981132056603,86.82016988013578,0.2331
2522252448,5589345,2H,83,20,01:23:20.155,5177.155803,80,73,1611,243588,0,0,0,0,46.32493928760188,12.293568468413746,0.00734
2522252548,5589345,2H,93,46,01:33:46.155,5803.15569,95,42,1611,8653,1,0,0,0,12.806248474865697,65.24504821803977,0.2466
2410989101,5589009,1H,2,20,00:02:20.905,141.905178,92,37,9608,562484,0,0,0,0,13.341664064126334,67.4845305261934,0.07398
2410989102,5589009,1H,2,23,00:02:23.037,144.037463,96,55,9608,608713,0,0,0,0,22.847319317591726,20.170653411850406,0.8297
2410989352,5589009,1H,16,39,00:16:39.076,1000.076231,87,30,9608,878211,0,0,0,0,18.439088914585774,51.36176395103255,0.002499
2410989206,5589009,1H,17,45,00:17:45.043,1066.043089,75,64,5072,676907,0,0,0,0,42.42640687119285,17.439387772613852,0.02697
2410989283,5589009,1H,21,17,00:21:17.981,1278.981808,94,34,5072,563527,0,0,0,0,11.0,78.57881372500071,0.1762
2410989311,5589009,1H,24,0,00:24:00.450,1441.450283,91,59,5072,590629,0,0,0,0,28.653097563788805,18.80579011375007,0.1821
2410989502,5589009,1H,38,14,00:38:14.935,2295.935662,83,53,5072,512740,0,0,0,0,29.068883707497267,27.398818632214404,0.1184
2410989722,5589009,1H,49,3,00:49:03.119,2944.119661,73,37,9608,824963,0,0,0,0,32.14031735997639,31.1757004957386,0.0007923
2410989760,5589009,1H,49,57,00:49:57.451,2998.451745,77,58,9608,608713,0,0,0,0,36.87817782917155,21.50730972954353,0.002071
2410989756,5589009,1H,55,0,00:55:00.729,3301.729162,94,39,5072,590629,0,0,0,0,12.083045973594572,71.82587993453092,0.2769
2410990006,5589009,2H,57,52,00:57:52.867,4094.867596,81,33,5072,590629,0,0,0,0,24.020824298928627,41.05481377096244,0.06507
2410990374,5589009,2H,79,42,01:19:42.340,5404.340772,74,37,5072,676907,0,0,0,0,31.144823004794873,32.115322460226615,0.03542
2410990450,5589009,2H,83,6,01:23:06.551,5608.551532,91,64,5072,224153,0,0,0,1,33.1058907144937,13.943230920553669,0.2306
2410990633,5589009,2H,86,5,01:26:05.676,5787.67622,89,50,9608,431540,0,0,0,0,22.627416997969522,33.75137919815036,0.1008
2431142035,5589039,1H,9,50,00:09:50.421,591.421283,86,37,8743,836824,0,0,0,0,19.235384061671343,49.8012126883005,0.2161
2431142141,5589039,1H,17,30,00:17:30.603,1051.603722,89,25,8743,624765,0,0,0,0,18.35755975068582,48.366460663429805,0.01219
2431142199,5589039,1H,22,26,00:22:26.847,1347.8471,92,66,675,547260,0,0,0,0,34.539832078341085,11.883464441064152,0.2718
2431142249,5589039,1H,26,11,00:26:11.339,1572.339522,86,71,675,547260,0,0,0,0,41.593268686170845,11.716941180375082,0.05311
2431142252,5589039,1H,26,14,00:26:14.834,1575.834944,85,58,675,493295,0,0,0,0,31.240998703626616,21.91169958980961,0.1221
2431142332,5589039,1H,28,17,00:28:17.406,1698.40666,86,55,8743,624765,0,0,0,0,28.319604517012593,25.376912185980334,0.02554
2431142346,5589039,1H,29,26,00:29:26.777,1767.777896,88,52,8743,621000,1,0,0,0,24.758836806279895,29.906995034339122,0.1023
2431142423,5589039,1H,34,3,00:34:03.424,2044.424055,86,28,675,547260,0,0,0,0,19.924858845171276,47.26278980713946,0.07378
2431142442,5589039,1H,35,25,00:35:25.372,2126.372162,89,32,8743,852210,0,0,0,0,16.1245154965971,58.13790071832522,0.07502
2431142619,5589039,1H,44,30,00:44:30.321,2671.321475,79,31,675,617894,0,0,0,0,26.1725046566048,37.76975736074843,0.04941
2431142680,5589039,2H,47,13,00:47:13.448,2848.448018,95,50,675,353833,0,0,0,0,18.867962264113206,33.20657031508953,0.7805
2431142840,5589039,2H,50,37,00:50:37.549,3052.549053,86,36,8743,852210,0,0,0,0,19.1049731745428,50.29344225303053,0.005367
2431142829,5589039,2H,54,40,00:54:40.111,3295.111599,89,33,675,493295,0,0,0,0,16.0312195418814,58.57043438516149,0.1169
2431142952,5589039,2H,57,29,00:57:29.506,3464.50664,81,43,8743,585346,0,0,0,0,25.632011235952593,36.86989764584402,0.1354
2431143000,5589039,2H,65,56,01:05:56.813,3971.813514,81,49,675,703740,0,0,0,0,28.30194339616981,30.96375653207352,0.0897
2431143041,5589039,2H,68,6,01:08:06.331,4101.331643,95,52,675,787348,1,0,0,0,20.591260281974,27.689650674520408,0.2818
2431143160,5589039,2H,73,51,01:13:51.612,4446.612872,93,71,675,404397,0,0,0,0,38.897300677553446,8.57771652501653,0.08466
2431143171,5589039,2H,74,13,01:14:13.613,4468.613663,78,42,675,764899,0,0,0,0,28.160255680657446,34.31683033137471,0.007847
2431143212,5589039,2H,76,9,01:16:09.583,4584.583263,90,43,675,493295,0,0,0,0,17.4928556845359,50.19442890773481,0.3445
2431143412,5589039,2H,84,46,01:24:46.927,5101.927243,88,57,8743,544936,0,0,0,0,28.600699292150182,22.548065763176027,0.126
2431143371,5589039,2H,87,8,01:27:08.552,5243.552741,89,36,675,493295,0,0,0,0,16.1245154965971,58.13790071832522,0.1582
2303705022,5588921,1H,1,47,00:01:47.330,108.330749,89,32,11241,262365,0,0,0,0,16.1245154965971,58.13790071832522,0.1034
2303705023,5588921,1H,1,49,00:01:49.104,110.104894,92,50,11241,302861,0,0,0,0,20.615528128088304,34.22481260771649,0.664
2303705026,5588921,1H,3,8,00:03:08.929,189.92973,73,33,11241,262365,0,0,0,0,32.01562118716424,31.3902681041878,0.2831
2303705118,5588921,1H,13,59,00:13:59.809,840.809294,93,50,11241,569109,1,0,0,0,20.0,34.10255701216545,0.2349
2303705665,5588921,1H,20,27,00:20:27.372,1228.372228,81,64,8743,585346,0,0,0,0,38.41874542459709,17.20657258804145,0.006151
2303705674,5588921,1H,20,34,00:20:34.680,1235.680383,78,33,8743,836824,0,0,0,0,27.018512172212592,36.82749821141796,0.01087
2303705168,5588921,1H,20,50,00:20:50.787,1251.787833,80,31,11241,262365,0,1,0,0,25.179356624028344,39.1367391051011,0.07972
2303705178,5588921,1H,23,0,00:23:00.098,1381.098107,78,56,11241,262365,0,0,0,0,34.828149534535996,23.235232448226295,0.02988
2303705795,5588921,1H,28,16,00:28:16.240,1697.240144,90,24,8743,852210,0,0,0,0,18.027756377319946,47.89576197346658,0.02724
2303705941,5588921,1H,35,28,00:35:28.791,2129.791763,84,68,8743,581004,0,0,0,0,39.96248240537617,14.000667080376248,0.05453
2303705393,5588921,1H,41,27,00:41:27.849,2488.849765,95,65,11241,569109,0,1,0,1,32.57299494980466,10.407711312490067,0.1426
2303706077,5588921,1H,44,48,00:44:48.737,2689.737377,73,54,8743,740187,0,0,0,0,37.73592452822641,23.214035507302224,0.002228
2303705429,5588921,1H,47,11,00:47:11.990,2832.990169,82,30,11241,262365,0,0,0,0,23.345235059857504,41.740662731138144,0.02851
2303706229,5588921,2H,50,14,00:50:14.308,3167.308422,75,33,8743,581004,0,0,0,0,30.01666203960727,33.36636600105956,0.04564
2303705734,5588921,2H,57,38,00:57:38.731,3611.731682,91,48,11241,239189,0,0,0,0,19.79898987322333,39.01748307414253,0.4254
2303706487,5588921,2H,70,32,01:10:32.543,4385.543716,88,71,8743,762032,0,0,0,1,40.718546143004666,10.981172605460817,0.04155
2303706036,5588921,2H,75,21,01:15:21.153,4674.153585,89,29,11241,418949,0,0,0,0,16.76305461424021,55.22216863363612,0.2944
2303706083,5588921,2H,77,32,01:17:32.056,4805.056808,93,60,11241,600886,0,0,0,0,28.635642126552707,16.292948552141482,0.2499
2303706692,5588921,2H,91,53,01:31:53.859,5666.85929,86,35,8743,836824,0,0,0,0,19.026297590440446,50.592194778977564,0.1654
2303706693,5588921,2H,91,55,01:31:55.445,5668.445132,91,60,8743,624765,0,0,0,0,29.5296461204668,17.671050361992013,0.4159
2383052716,5590005,1H,3,1,00:03:01.042,182.042218,80,30,6713,54783,0,0,0,0,25.317977802344327,38.784364100297346,0.02811
2383052851,5590005,1H,13,24,00:13:24.369,805.369128,80,39,6713,54783,0,0,0,0,25.495097567963924,38.339103257369295,0.07416
2383052881,5590005,1H,15,25,00:15:25.011,926.011795,87,44,6713,54783,0,0,0,0,20.591260281974,43.36832757911374,0.08603
2383052886,5590005,1H,15,28,00:15:28.434,929.434655,86,35,6713,54783,0,0,0,0,19.026297590440446,50.592194778977564,0.1375
2383053130,5590005,1H,22,44,00:22:44.006,1365.006326,77,57,1968,518804,0,0,0,0,36.235341863986875,22.24902365721237,0.0568
2383053065,5590005,1H,25,5,00:25:05.569,1506.56981,79,33,6713,627932,0,0,0,0,26.019223662515376,38.14023999447419,0.04613
2383053218,5590005,1H,27,43,00:27:43.561,1664.561848,91,50,1968,518804,1,0,0,0,21.2602916254693,34.186122486375034,0.09907
2383053303,5590005,1H,33,22,00:33:22.178,2003.1784,78,28,1968,62945,0,0,0,0,27.65863337187866,35.39479584498706,0.03127
2383053269,5590005,1H,35,27,00:35:27.990,2128.990257,93,69,6713,54783,0,0,0,0,37.0,9.520021865774146,0.02015
2383053284,5590005,1H,36,2,00:36:02.821,2163.82168,92,60,6713,54783,0,1,0,1,29.068883707497267,17.028921417572175,0.1916
2383053360,5590005,1H,39,58,00:39:58.772,2399.772393,92,55,6713,51116,1,0,0,0,24.698178070456937,23.861917233893127,0.1412
2383053386,5590005,1H,40,49,00:40:49.490,2450.490236,90,55,6713,627932,0,0,0,0,25.80697580112788,24.77514056883192,0.3098
2383053620,5590005,2H,56,8,00:56:08.066,3447.066107,90,26,6713,54783,0,1,0,0,17.0,52.39040920928771,0.03599
2383053757,5590005,2H,62,23,01:02:23.117,3822.117414,86,66,1968,365611,0,0,0,0,37.21558813185679,14.695971397242621,0.05046
2383053923,5590005,2H,70,46,01:10:46.487,4325.487962,90,68,1968,206529,0,0,0,0,37.16180835212409,11.733084156412238,0.04987
2383054065,5590005,2H,83,28,01:23:28.551,5087.551377,74,50,6713,627932,0,0,0,0,34.88552708502482,26.160140748292225,0.06565
2383054202,5590005,2H,85,38,01:25:38.118,5217.118409,90,57,1968,379199,1,0,0,0,27.459060435491963,21.86009912473741,0.1224
2383054133,5590005,2H,87,0,01:27:00.516,5299.51628,88,40,6713,344454,0,1,0,1,18.027756377319946,51.43164542644399,0.1457
2383054140,5590005,2H,87,47,01:27:47.505,5346.50587,89,55,6713,344454,1,0,0,0,26.40075756488817,25.057615418303023,0.1047
2383054164,5590005,2H,89,27,01:29:27.189,5446.189353,89,57,6713,344454,0,0,0,1,28.0178514522438,22.24902365721236,0.3541
2383054268,5590005,2H,93,16,01:33:16.219,5675.219009,75,56,1968,456015,0,0,0,0,37.20215047547655,22.51049813699018,0.04368
2519011144,5590086,1H,10,20,00:10:20.417,621.417158,93,47,3176,391885,1,0,0,0,17.69180601295413,42.95459151111278,0.1491
2519011165,5590086,1H,14,40,00:14:40.578,881.578772,94,67,3176,410031,0,0,0,0,34.785054261852174,9.947171648713592,0.107
2519011813,5590086,1H,17,11,00:17:11.836,1032.836737,89,49,11958,619636,0,0,0,0,21.93171219946131,35.75388725443675,0.1236
2519011196,5590086,1H,18,16,00:18:16.385,1097.385851,90,34,3176,544075,0,1,0,0,15.0,61.92751306414704,0.1562
2519011859,5590086,1H,22,14,00:22:14.766,1335.766594,94,34,11958,72440,0,0,0,0,11.0,78.57881372500071,0.1386
2519011873,5590086,1H,23,36,00:23:36.609,1417.609807,90,50,11958,480108,0,0,0,0,21.93171219946131,34.01934998982646,0.403
2519011271,5590086,1H,27,1,00:27:01.069,1622.069734,96,47,3176,302799,1,0,0,0,15.811388300841896,43.78848736820945,0.4339
2519011282,5590086,1H,27,42,00:27:42.482,1663.482813,81,46,3176,410031,0,0,0,0,26.832815729997478,34.060908816807846,0.02636
2519011346,5590086,1H,32,53,00:32:53.119,1974.11919,93,41,3176,523086,1,0,0,0,13.892443989449804,62.59242456218159,0.114
2519011929,5590086,1H,34,53,00:34:53.268,2094.268579,77,34,11958,480108,0,0,0,0,28.0,35.63777782904556,0.006374
2519011381,5590086,1H,36,29,00:36:29.799,2190.799862,87,63,3176,302799,0,0,0,1,34.132096331752024,16.641036553869966,0.07832
2519011959,5590086,1H,40,4,00:40:04.958,2405.958377,77,55,11958,657334,0,0,0,0,35.0,23.77634349723379,0.05733
2519011960,5590086,1H,40,7,00:40:07.041,2408.041343,92,69,11958,422527,0,0,0,0,37.33630940518894,10.105036365037957,0.2748
2519011963,5590086,1H,40,45,00:40:45.914,2446.914373,90,51,11958,173284,1,0,0,0,22.67156809750927,31.945873695297713,0.08322
2519011997,5590086,1H,42,58,00:42:58.013,2579.013751,79,40,11958,234131,0,0,0,0,26.68332812825267,36.56358402402735,0.03905
2519011440,5590086,2H,46,24,00:46:24.052,2795.052216,85,49,3176,410031,0,0,0,0,25.0,33.495184673741186,0.02715
2519012106,5590086,2H,53,9,00:53:09.700,3200.700515,89,61,11958,422527,0,0,0,0,31.38470965295043,17.67105036199202,0.2178
2519012183,5590086,2H,64,55,01:04:55.356,3906.35679,93,55,11958,234131,1,0,0,0,24.186773244895647,23.198590513648185,0.2175
2519011592,5590086,2H,66,45,01:06:45.924,4016.92499,85,37,3176,410031,0,1,0,0,20.223748416156685,47.66300076606714,0.1769
2384190454,5588989,1H,1,32,00:01:32.546,93.546626,90,39,2446,577394,0,0,0,0,15.811388300841896,57.956483167255584,0.1509
2384190513,5588989,1H,4,37,00:04:37.218,278.218392,88,40,2446,228768,0,0,0,0,18.027756377319946,51.43164542644399,0.03526
2384190525,5588989,1H,5,1,00:05:01.171,302.17183,84,53,2446,234359,0,0,0,0,28.319604517012593,27.666757292284363,0.09702
2384190711,5588989,1H,20,28,00:20:28.637,1229.637593,80,62,8743,581004,0,0,0,0,37.53664875824692,18.719228661823667,0.02808
2384190945,5588989,1H,25,53,00:25:53.094,1554.094863,90,27,2446,4787,0,0,0,0,16.55294535724685,54.442253634586045,0.04666
2384192322,5588989,1H,26,19,00:26:19.821,1580.82188,77,54,2446,49876,0,0,0,0,34.40930106817051,24.55734967814883,0.05883
2384191005,5588989,1H,27,7,00:27:07.589,1628.589674,85,55,2446,364082,0,0,0,0,29.0,25.34617594194669,0.1231
2384191053,5588989,1H,28,10,00:28:10.778,1691.778098,85,50,2446,577394,0,0,0,0,25.612496949731394,32.050145526721174,0.03986
2384192323,5588989,1H,29,54,00:29:54.178,1795.178328,92,35,2446,577394,0,0,0,0,13.038404810405298,69.1760942750764,0.1571
2384191082,5588989,1H,31,0,00:31:00.276,1861.276173,85,72,2446,447207,0,0,0,0,42.941821107167776,11.54098777103692,0.05556
2384191220,5588989,1H,36,1,00:36:01.371,2162.371911,86,67,2446,447207,0,0,0,0,38.07886552931954,14.026395448169028,0.07361
2384190973,5588989,1H,42,48,00:42:48.897,2569.897627,91,68,8743,585346,0,0,0,0,36.76955262170047,11.21454076941712,0.09391
2384191494,5588989,1H,44,22,00:44:22.302,2663.30224,90,59,2446,364082,0,0,0,0,29.154759474226502,19.34644621554769,0.3609
2384191469,5588989,1H,44,25,00:44:25.488,2666.488354,87,29,2446,4787,0,0,0,0,18.681541692269406,50.40379136024971,0.08582
2384191487,5588989,1H,44,37,00:44:37.867,2678.867467,93,62,2446,364082,1,1,0,0,30.463092423455635,14.306504574420611,0.1471
2384191030,5588989,1H,46,3,00:46:03.916,2764.916755,82,74,8743,581004,0,0,0,0,46.14108798023731,11.42824534784038,0.008476
2384191573,5588989,1H,47,57,00:47:57.020,2878.020312,79,64,2446,447207,0,0,0,0,39.698866482558415,17.38238888122791,0.006161
2384191821,5588989,2H,51,8,00:51:08.566,3324.566946,91,65,2446,234359,1,0,0,0,34.0147027033899,13.181146071659764,0.05534
2384191295,5588989,2H,56,27,00:56:27.741,3643.741583,86,67,8743,581004,0,0,0,0,38.07886552931954,14.026395448169028,0.009224
2384191324,5588989,2H,57,29,00:57:29.836,3705.836222,86,34,8743,852210,0,1,0,0,19.0,50.69235188389338,0.05587
2384192009,5588989,2H,60,16,01:00:16.851,3872.851848,93,45,2446,234359,0,0,0,0,16.278820596099706,49.57392125990087,0.3166
2384192040,5588989,2H,63,54,01:03:54.950,4090.950826,91,63,2446,577394,0,0,0,0,32.202484376209235,14.767160767390578,0.0877
2384192069,5588989,2H,65,37,01:05:37.364,4193.364155,83,63,2446,4787,0,0,0,0,36.40054944640259,17.657728172043818,0.08608
2384192079,5588989,2H,68,6,01:08:06.276,4342.276395,91,69,2446,282448,0,0,0,0,37.69615364994153,10.650631546076253,0.04397
2384192121,5588989,2H,71,15,01:11:15.954,4531.954783,86,48,2446,282448,0,0,0,0,23.600847442411894,35.696769194534774,0.1966
2384192153,5588989,2H,77,24,01:17:24.231,4900.231637,88,39,2446,346157,0,0,0,1,17.72004514666935,52.71297976353103,0.2527
2384192155,5588989,2H,77,29,01:17:29.253,4905.253916,86,30,2446,346157,0,0,0,0,19.4164878389476,49.1239075603156,0.05362
2384191778,5588989,2H,81,11,01:21:11.263,5127.263885,76,62,8743,581004,0,0,0,0,40.311288741492746,18.67951605104533,0.03766
2384192231,5588989,2H,83,38,01:23:38.617,5274.617287,91,44,2446,346157,1,0,0,0,17.204650534085253,49.53003140418923,0.05626
2384192245,5588989,2H,85,48,01:25:48.953,5404.953966,96,69,2446,508140,1,0,0,0,36.138621999185304,7.533361206267848,0.04697
2384192303,5588989,2H,89,55,01:29:55.880,5651.8808,80,28,2446,4787,0,0,0,0,25.709920264364882,37.806529944704465,0.03986
2447651307,5589061,1H,10,45,00:10:45.089,646.089264,91,71,675,353833,0,0,0,0,39.56008088970496,9.637538112930946,0.07542
2447651318,5589061,1H,11,17,00:11:17.694,678.694377,90,45,675,276979,0,0,0,0,18.601075237738275,45.53545898556453,0.2953
2447651321,5589061,1H,11,49,00:11:49.622,710.62285,85,45,675,326523,0,0,0,0,22.825424421026653,39.28940686250036,0.04683
2447651699,5589061,1H,14,35,00:14:35.516,876.516818,88,58,1625,661732,0,0,0,0,29.410882339705484,21.32100600005428,0.1011
2447651737,5589061,1H,18,7,00:18:07.529,1088.52903,93,36,1625,427097,0,0,0,0,12.165525060596439,72.76688424153011,0.1771
2447651400,5589061,1H,24,39,00:24:39.163,1480.163759,88,37,675,493295,0,0,0,0,17.26267650163207,54.65762779636891,0.06402
2447651406,5589061,1H,25,9,00:25:09.579,1510.57988,89,71,675,547260,0,0,0,0,40.311288741492746,10.565873271131494,0.03233
2447651428,5589061,1H,28,7,00:28:07.645,1688.645396,77,32,675,326523,0,0,0,0,28.071337695236398,35.48397979503183,0.03903
2447651926,5589061,1H,34,56,00:34:56.238,2097.238547,83,69,1625,447205,0,1,0,0,41.340053217188775,13.671307132195828,0.02245
2447651954,5589061,1H,35,54,00:35:54.924,2155.924106,90,28,1625,427097,0,0,0,0,16.15549442140351,56.309932474020215,0.06154
2447651962,5589061,1H,36,32,00:36:32.152,2193.152813,96,46,1625,297957,1,0,0,0,15.0,48.366460663429805,0.3701
2447651537,5589061,1H,42,28,00:42:28.628,2549.628604,78,53,675,364005,0,0,0,0,33.015148038438355,25.71848984634703,0.078
2447651622,5589061,1H,46,52,00:46:52.637,2813.637348,76,33,675,353833,0,0,0,0,29.017236257093817,34.44776735630735,0.009667
2447651638,5589061,1H,48,12,00:48:12.029,2893.029795,88,40,675,353833,0,0,0,0,18.027756377319946,51.43164542644399,0.08903
2447652239,5589061,2H,45,33,00:45:33.890,2987.890702,86,51,1625,427097,0,0,0,0,25.495097567963924,31.00816038227413,0.143
2447652304,5589061,2H,49,34,00:49:34.588,3228.588515,77,37,1625,568412,0,0,0,0,28.160255680657446,35.29334759066029,0.01018
2447651948,5589061,2H,52,30,00:52:30.827,3404.827146,90,46,675,617894,1,0,0,0,19.209372712298546,43.15238973400541,0.1129
2447651974,5589061,2H,54,14,00:54:14.084,3508.084726,91,62,675,353833,0,0,0,0,31.304951684997057,15.658792950275346,0.1504
2447652112,5589061,2H,59,42,00:59:42.670,3836.670689,91,45,675,353833,0,1,1,1,17.804493814764857,46.877877447285364,0.2689
2447652170,5589061,2H,62,56,01:02:56.243,4030.243537,90,67,675,364005,0,0,0,0,36.24913792078372,12.35155915003019,0.2081
2447652207,5589061,2H,65,58,01:05:58.704,4212.704824,89,41,675,617894,0,1,0,1,17.46424919657298,52.1250163489018,0.2479
2447652252,5589061,2H,71,26,01:11:26.322,4540.32291,90,69,675,599551,0,0,0,0,38.07886552931954,11.156929350609259,0.03834
2447652440,5589061,2H,85,49,01:25:49.475,5403.475617,92,70,675,493295,0,0,0,0,38.27531841800928,9.596535547721976,0.04973
2447652442,5589061,2H,85,51,01:25:51.007,5405.007658,90,61,675,404397,0,0,0,0,30.886890422961002,17.185706144224763,0.3254
2447652486,5589061,2H,91,33,01:31:33.419,5747.419148,98,54,675,617894,0,0,0,0,21.18962010041709,18.900757905687016,0.3808
2344928404,5588957,1H,5,26,00:05:26.303,327.303957,91,46,1609,542200,0,0,0,0,18.439088914585774,44.21517539700811,0.3144
2344928700,5588957,1H,15,46,00:15:46.867,947.867659,82,52,14504,832205,0,0,0,0,29.206163733020468,28.203298990557677,0.1664
2344928643,5588957,1H,19,21,00:19:21.022,1162.022742,87,37,1609,134717,0,0,0,0,18.24828759089466,52.1250163489018,0.1239
2344928682,5588957,1H,20,53,00:20:53.129,1254.129975,74,40,1609,379209,0,0,0,0,31.575306807693888,31.348532125845452,0.05105
2344928708,5588957,1H,21,47,00:21:47.979,1308.97983,95,42,1609,134717,0,0,0,0,12.806248474865697,65.24504821803977,0.451
2344928767,5588957,1H,23,41,00:23:41.239,1422.239627,79,36,1609,542200,0,0,0,0,26.076809620810597,38.00058859708199,0.03713
2344928867,5588957,1H,28,29,00:28:29.293,1710.29369,88,35,1609,555939,0,0,0,0,17.029386365926403,55.66666856493495,0.148
2344929116,5588957,1H,43,20,00:43:20.469,2601.46952,92,59,1609,340386,0,0,0,0,28.178005607210743,18.169357141308335,0.388
2344929272,5588957,1H,43,33,00:43:33.742,2614.742745,79,39,14504,832205,0,0,0,0,26.476404589747453,37.04691802856159,0.006278
2344929152,5588957,1H,45,12,00:45:12.049,2713.04999,91,64,1609,340386,0,0,0,0,33.1058907144937,13.943230920553669,0.1374
2344929223,5588957,2H,46,22,00:46:22.707,2847.707952,92,45,1609,134717,1,0,0,0,17.029386365926403,48.22997018164815,0.1659
2344929350,5588957,2H,52,56,00:52:56.639,3241.639025,90,31,1609,555939,0,0,0,0,15.297058540778355,60.4612177404419,0.04473
2344929370,5588957,2H,54,33,00:54:33.177,3338.177701,80,32,1609,134717,0,0,0,0,25.079872407968907,39.39174095007549,0.05279
2344929581,5588957,2H,56,22,00:56:22.692,3447.692592,85,52,14504,832205,0,0,0,0,26.90724809414742,29.243399315060664,0.1564
2344929953,5588957,2H,78,36,01:18:36.262,4781.262159,85,60,14504,495561,0,0,0,0,32.802438933713454,19.890582129960425,0.08405
2344929954,5588957,2H,78,37,01:18:37.505,4782.505854,79,51,14504,532794,0,0,0,0,31.064449134018133,27.897271030947625,0.06514
2344929990,5588957,2H,81,7,01:21:07.565,4932.56597,76,40,14504,544823,0,0,0,0,29.614185789921695,33.25601689384038,0.03294
2344929865,5588957,2H,89,20,01:29:20.943,5425.943141,91,56,1609,379209,0,0,0,0,26.076809620810597,22.81654713072474,0.2685
2344930077,5588957,2H,91,52,01:31:52.041,5577.04167,72,58,14504,495561,0,0,0,0,40.80441152620633,20.556045219583464,0.03564
2344930079,5588957,2H,92,23,01:32:23.375,5608.375902,79,43,14504,649607,0,0,0,0,27.51363298439521,34.69515353123397,0.007619
2471510573,5589327,1H,22,32,00:22:32.598,1353.598688,85,46,4487,8327,0,0,0,0,23.323807579381203,37.86641541734824,0.1646
2471511748,5589327,1H,45,34,00:45:34.093,2735.093268,90,30,8509,513804,0,0,0,0,15.524174696260024,59.34933204294713,0.06631
2471510802,5589327,1H,48,39,00:48:39.091,2920.091169,86,44,4487,8327,0,0,0,0,21.470910553583888,41.98721249581666,0.1247
2471510829,5589327,1H,50,34,00:50:34.164,3035.164353,86,58,4487,425915,0,0,0,0,30.610455730027933,21.778324967249148,0.1378
2471511848,5589327,2H,50,12,00:50:12.032,3401.032398,88,26,8509,513804,0,0,0,0,18.788294228055936,48.3664606634298,0.03343
2471512035,5589327,2H,80,8,01:20:08.380,5197.380036,87,54,8509,234357,0,0,0,1,26.90724809414742,26.742987808488376,0.3816
2471511292,5589327,2H,88,37,01:28:37.397,5706.397825,91,69,4487,250445,0,0,0,0,37.69615364994153,10.650631546076253,0.1041
2471511322,5589327,2H,90,49,01:30:49.303,5838.303666,86,49,4487,250445,0,0,0,0,24.20743687382041,34.10694624141559,0.1231
2471511327,5589327,2H,91,19,01:31:19.387,5868.387601,80,41,4487,276211,0,0,0,0,25.96150997149434,37.19316433109369,0.02844
2471511354,5589327,2H,92,50,01:32:50.020,5959.020288,77,79,4487,250445,0,0,0,0,53.0,10.467408213279795,0.0009655
2396150876,5589014,1H,4,14,00:04:14.005,255.005667,94,32,3776,70703,0,0,0,0,11.180339887498949,77.47119229084849,0.1207
2396150887,5589014,1H,4,51,00:04:51.622,292.622467,87,64,3776,25999,0,0,0,0,34.9857113690718,15.826154076172545,0.1335
2396151110,5589014,1H,9,54,00:09:54.211,595.21145,86,65,8742,326772,0,0,0,0,36.359317925395686,15.407365765933115,0.0709
2396151137,5589014,1H,11,38,00:11:38.164,699.164648,89,50,8742,523123,1,0,0,0,22.627416997969522,33.75137919815036,0.1954
2396151115,5589014,1H,14,46,00:14:46.280,887.280473,85,39,3776,594255,0,0,0,0,20.615528128088304,46.30195267257888,0.1097
2396151312,5589014,1H,20,9,00:20:09.053,1210.053812,87,44,3776,70703,0,0,0,0,20.591260281974,43.36832757911374,0.04675
2396151431,5589014,1H,25,27,00:25:27.959,1528.959966,73,23,3776,502961,0,0,0,0,33.83784863137726,28.429048833086146,0.01009
2396151554,5589014,1H,29,14,00:29:14.959,1755.959947,91,53,3776,502961,0,0,0,0,23.600847442411894,27.897271030947625,0.4102
2396151667,5589014,1H,37,3,00:37:03.642,2224.642293,92,31,3776,594255,0,0,0,0,13.341664064126334,67.4845305261934,0.1094
2396151514,5589014,1H,41,18,00:41:18.417,2479.417777,87,75,8742,898049,0,0,0,0,44.77722635447622,9.558877188266347,0.01403
2396151764,5589014,1H,42,20,00:42:20.062,2541.062202,91,30,3776,70703,0,0,0,1,14.560219778561036,62.53272766139187,0.1155
2396151858,5589014,1H,45,36,00:45:36.780,2737.780578,87,65,3776,37824,0,0,0,0,35.84689665786984,15.061661544546185,0.1483
2396151888,5589014,1H,46,32,00:46:32.984,2793.984915,90,56,3776,475591,0,0,0,0,26.627053911388696,23.264624805785594,0.2803
2396151625,5589014,1H,48,58,00:48:58.860,2939.860451,93,33,8742,326772,0,0,0,0,12.041594578792296,73.49563861824498,0.0493
2396151678,5589014,2H,46,48,00:46:48.149,3094.149389,95,51,8742,559344,0,0,0,0,19.72308292331602,30.302680720488098,0.6409
2396152081,5589014,2H,54,53,00:54:53.697,3579.697194,72,53,3776,475591,0,0,0,0,38.07886552931954,23.455701392759018,0.03378
2396152110,5589014,2H,57,23,00:57:23.464,3729.46493,88,60,3776,25999,1,0,0,0,31.064449134018133,19.093492000485618,0.06701
2396152175,5589014,2H,60,58,01:00:58.895,3944.895722,88,64,3776,502961,0,1,0,0,34.48187929913333,15.43873036961082,0.1563
2396151942,5589014,2H,62,41,01:02:41.859,4047.859382,79,26,8742,326772,0,0,0,0,27.202941017470888,35.38110982115855,0.0281
2396151959,5589014,2H,63,58,01:03:58.755,4124.755781,76,30,8742,326772,0,0,0,0,29.274562336608895,33.92794899222894,0.005836
2396152349,5589014,2H,70,31,01:10:31.796,4517.796281,96,31,3776,475591,0,0,0,0,9.486832980505138,86.82016988013577,0.04723
2396152066,5589014,2H,71,50,01:11:50.048,4596.048156,80,38,8742,523123,0,0,0,0,25.317977802344327,38.784364100297346,0.003014
2396152067,5589014,2H,71,52,01:11:52.430,4598.430384,75,26,8742,479326,0,0,0,0,31.04834939252005,31.447934692554472,0.02795
2396152402,5589014,2H,72,33,01:12:33.813,4639.813183,81,70,3776,37824,0,0,0,0,43.266615305567875,13.56105240071724,0.04745
2396152463,5589014,2H,80,51,01:20:51.050,5137.050922,88,66,3776,599991,0,0,0,0,36.235341863986875,13.948668787154986,0.1078
2396152507,5589014,2H,87,57,01:27:57.153,5563.153569,90,55,3776,507103,0,0,0,0,25.80697580112788,24.77514056883192,0.1681
2396152537,5589014,2H,90,34,01:30:34.594,5720.594333,91,72,3776,502961,0,0,0,0,40.496913462633174,9.181989067411301,0.06342
2357279957,5588966,1H,2,10,00:02:10.980,131.980944,86,56,2975,626551,0,0,0,0,29.068883707497267,24.115388556950947,0.1323
2357280061,5588966,1H,6,44,00:06:44.955,405.955212,93,45,2975,590472,1,0,0,0,16.278820596099706,49.57392125990087,0.2121
2357280168,5588966,1H,13,39,00:13:39.818,820.818565,79,56,2975,403696,0,0,0,0,34.058772731852805,23.448062577957817,0.03805
2357280269,5588966,1H,17,42,00:17:42.607,1063.607158,93,81,2975,743950,0,0,0,0,48.507731342539614,5.430811296710772,0.022
2357280292,5588966,1H,18,31,00:18:31.982,1112.982418,90,6,2975,590472,0,1,0,0,31.76476034853718,16.22226362983286,0.4431
2357280211,5588966,1H,19,19,00:19:19.472,1160.47297,88,67,1612,120353,0,0,0,0,37.12142238654117,13.274986499487751,0.08728
2357280336,5588966,1H,27,9,00:27:09.833,1630.833973,97,45,1612,543978,0,0,0,0,13.601470508735444,54.16234704572171,0.4968
2357280392,5588966,1H,31,54,00:31:54.555,1915.55505,90,48,1612,543978,1,0,0,0,20.518284528683193,38.453709216705974,0.1316
2357280445,5588966,1H,35,50,00:35:50.562,2151.562565,80,46,1612,346101,0,0,0,0,27.730849247724095,33.18748585925876,0.01136
2357280450,5588966,1H,36,34,00:36:34.277,2195.277761,91,60,1612,370,1,0,0,0,29.5296461204668,17.671050361992013,0.06194
2357280767,5588966,1H,42,26,00:42:26.800,2547.800703,77,49,2975,403696,0,0,0,0,31.76476034853718,28.506537567992368,0.0619
2357280610,5588966,1H,43,21,00:43:21.462,2602.462904,88,50,1612,419213,0,0,0,0,23.345235059857504,33.40416281560302,0.2469
2357280696,5588966,2H,48,51,00:48:51.459,3059.459848,96,50,1612,419213,0,0,0,0,18.35755975068582,32.32613999437687,0.73
2357280730,5588966,2H,50,6,00:50:06.055,3134.055649,77,31,1612,344181,0,0,0,0,28.160255680657446,35.29334759066029,0.01074
2357281066,5588966,2H,54,34,00:54:34.101,3402.10133,70,31,2975,258253,0,0,0,0,35.12833614050059,28.652222967452836,0.004127
2357280875,5588966,2H,58,20,00:58:20.034,3628.034754,79,63,1612,120353,0,1,0,0,38.948684188300895,18.051063247327644,0.004152
2357280960,5588966,2H,65,54,01:05:54.252,4082.25254,78,40,1612,543978,0,0,0,0,27.65863337187866,35.39479584498706,0.01979
2357281012,5588966,2H,69,26,01:09:26.723,4294.723044,80,49,1612,481911,0,0,0,0,29.154759474226502,30.335127391296773,0.1014
2357281580,5588966,2H,71,17,01:11:17.002,4405.002689,89,39,2975,590472,0,0,0,0,16.76305461424021,55.22216863363612,0.2396
2357281581,5588966,2H,71,19,01:11:19.759,4407.759228,86,28,2975,743950,0,0,0,0,19.924858845171276,47.26278980713946,0.1483
2357281588,5588966,2H,72,11,01:12:11.073,4459.073204,87,37,2975,626551,0,0,0,0,18.24828759089466,52.1250163489018,0.1271
2357281591,5588966,2H,73,12,01:13:12.705,4520.705198,77,57,2975,403696,0,0,0,0,36.235341863986875,22.24902365721237,0.01397
2357281070,5588966,2H,76,12,01:16:12.976,4700.976895,78,42,1612,419213,0,0,0,0,28.160255680657446,34.31683033137471,0.04413
2357281202,5588966,2H,81,7,01:21:07.816,4995.816286,90,74,1612,476382,0,0,0,0,42.720018726587654,8.800466362669424,0.05864
2357281427,5588966,2H,82,16,01:22:16.090,5064.090586,90,69,2975,258253,0,0,0,0,38.07886552931954,11.156929350609259,0.08025
2357281435,5588966,2H,83,25,01:23:25.403,5133.403474,79,29,2975,422515,0,0,0,0,26.476404589747453,37.04691802856159,0.01878
2357281298,5588966,2H,88,34,01:28:34.390,5442.3906,79,40,1612,419213,0,0,0,0,26.68332812825267,36.56358402402735,0.09371
2357281598,5588966,2H,93,46,01:33:46.076,5754.076402,87,39,1612,431967,0,0,0,0,18.681541692269406,50.40379136024971,0.1544
2357281392,5588966,2H,94,50,01:34:50.580,5818.580105,78,30,1612,222220,0,0,0,0,27.294688127912362,36.20143079314286,0.00177
2430326316,5589028,1H,4,29,00:04:29.028,270.028435,70,41,11,470779,0,0,0,0,35.6931365951495,27.837659243784884,0.01008
2430326322,5589028,1H,4,48,00:04:48.945,289.945006,76,56,11,296888,0,0,0,0,36.40054944640259,22.763610472574722,0.05074
2430327407,5589028,1H,6,6,00:06:06.688,367.68836,86,46,17090,254493,0,0,0,0,22.47220505424423,38.88977861121536,0.1132
2430326051,5589028,1H,10,35,00:10:35.134,636.134177,88,55,17090,489447,0,0,0,0,27.018512172212592,25.24362477224919,0.07701
2430326071,5589028,1H,13,1,00:13:01.941,782.941909,91,71,17090,489447,0,0,0,0,39.56008088970496,9.637538112930946,0.07465
2430326542,5589028,1H,14,1,00:14:01.097,842.097699,86,64,11,446065,0,0,0,0,35.510561809129406,16.163200811456928,0.1227
2430326581,5589028,1H,16,46,00:16:46.801,1007.801316,89,42,11,267,1,0,0,0,17.88854381999832,50.312038963925744,0.05437
2430326691,5589028,1H,22,59,00:22:59.272,1380.272405,93,54,11,267,1,0,0,0,23.323807579381203,25.010118524896047,0.1463
2430326819,5589028,1H,29,18,00:29:18.524,1759.524343,77,64,11,595191,0,0,0,0,41.036569057366385,17.453694132293993,0.003192
2430326897,5589028,1H,34,34,00:34:34.244,2075.244385,72,30,11,296888,0,0,0,0,33.24154027718932,30.117082508212015,0.03114
2430327090,5589028,1H,42,17,00:42:17.636,2538.636332,84,54,11,728551,0,0,0,0,29.0,26.444301557083644,0.07895
2430327227,5589028,2H,49,35,00:49:35.503,3052.503474,88,42,11,446065,0,0,0,0,18.788294228055936,48.3664606634298,0.1716
2430327311,5589028,2H,55,11,00:55:11.053,3388.053384,78,76,11,446065,0,0,0,0,49.92995093127971,11.392135831552725,0.009535
2430326745,5589028,2H,55,50,00:55:50.250,3427.250109,87,37,17090,237274,0,0,0,0,18.24828759089466,52.1250163489018,0.1135
2430326772,5589028,2H,57,47,00:57:47.663,3544.663313,88,30,17090,237274,0,0,0,0,17.46424919657298,53.794896965443336,0.0346
2430326825,5589028,2H,60,13,01:00:13.684,3690.684984,86,37,17090,345819,0,0,0,0,19.235384061671343,49.8012126883005,0.1154
2430327542,5589028,2H,60,39,01:00:39.703,3716.703245,75,41,17090,228932,0,0,0,0,30.805843601498726,31.886561770143313,0.001351
2430326851,5589028,2H,61,16,01:01:16.812,3753.812188,94,52,17090,582188,1,0,0,0,21.095023109728988,28.544247315417184,0.175
2430326989,5589028,2H,69,3,01:09:03.609,4220.609617,92,46,17090,582188,1,0,0,0,17.69180601295413,45.24590312327071,0.08251
2430327001,5589028,2H,70,11,01:10:11.193,4288.193773,95,46,17090,489447,1,0,0,0,15.620499351813308,47.83741070413477,0.3204
2430327057,5589028,2H,73,6,01:13:06.091,4463.091534,91,52,17090,730424,1,0,0,0,22.80350850198276,29.857198290073992,0.09574
2430327086,5589028,2H,76,10,01:16:10.015,4647.015566,87,43,17090,823527,0,0,0,0,20.12461179749811,45.0,0.05368
2430327089,5589028,2H,76,40,01:16:40.694,4677.694993,94,51,17090,730424,1,0,0,0,20.248456731316587,31.040526177306614,0.1715
2430327133,5589028,2H,79,49,01:19:49.242,4866.242502,86,30,17090,345819,0,0,0,0,19.4164878389476,49.1239075603156,0.08216
2430327557,5589028,2H,88,3,01:28:03.490,5360.490272,87,62,11,470779,0,0,0,0,33.28663395418648,17.509546811150354,0.1285
2430327329,5589028,2H,91,34,01:31:34.837,5571.83799,90,38,17090,437326,1,0,0,0,15.524174696260024,59.34933204294713,0.03166
2430327346,5589028,2H,92,33,01:32:33.822,5630.822575,70,51,17090,128523,0,0,0,0,38.91015291668744,23.732073252995026,0.01936
2469016420,5589077,1H,15,29,00:15:29.638,930.638105,92,61,11,631024,0,0,0,0,29.966648127543394,15.982438584957237,0.1284
2469016421,5589077,1H,15,31,00:15:31.369,932.369997,82,57,11,728551,0,0,0,0,32.526911934581186,22.964615731592943,0.1428
2469016673,5589077,1H,17,20,00:17:20.147,1041.147009,96,58,1609,491458,1,0,0,0,25.632011235952593,15.708637829015744,0.2795
2469016776,5589077,1H,20,47,00:20:47.009,1248.009105,91,45,1609,745929,0,0,0,0,17.804493814764857,46.877877447285364,0.2653
2469016504,5589077,1H,26,24,00:26:24.366,1585.366444,75,60,11,539734,0,0,0,0,39.698866482558415,19.85992309543744,0.001271
2469016888,5589077,1H,30,20,00:30:20.423,1821.423902,91,64,1609,339789,0,0,0,0,33.1058907144937,13.943230920553669,0.1351
2469017151,5589077,1H,43,16,00:43:16.400,2597.400336,87,29,1609,379209,0,0,0,0,18.681541692269406,50.40379136024971,0.06554
2469016732,5589077,1H,45,33,00:45:33.310,2734.310978,90,52,11,267,1,0,0,0,23.430749027719962,29.981639368849336,0.05837
2469017241,5589077,2H,46,5,00:46:05.301,3014.301792,92,55,1609,302292,0,0,0,0,24.698178070456937,23.861917233893127,0.2621
2469017251,5589077,2H,47,43,00:47:43.907,3112.907573,98,42,1609,134717,0,0,0,1,10.63014581273465,75.74996730219641,0.419
2469016859,5589077,2H,50,45,00:50:45.296,3294.296012,82,29,11,475601,0,0,0,0,23.53720459187964,41.19449981088854,0.04885
2469016879,5589077,2H,51,55,00:51:55.301,3364.301773,90,67,11,14812,0,0,0,0,36.24913792078372,12.35155915003019,0.06907
2469016892,5589077,2H,52,31,00:52:31.252,3400.252059,93,61,11,267,1,0,0,0,29.546573405388315,15.255118703057777,0.1287
2469017351,5589077,2H,54,8,00:54:08.695,3497.695628,90,31,1609,745929,0,0,0,0,15.297058540778355,60.4612177404419,0.1195
2469017363,5589077,2H,54,58,00:54:58.136,3547.136974,77,47,1609,134717,0,0,0,0,30.870698080866262,30.027124233213083,0.01828
2469017368,5589077,2H,55,10,00:55:10.460,3559.460426,85,58,1609,745929,0,0,0,0,31.240998703626616,21.91169958980961,0.1241
2469017407,5589077,2H,59,21,00:59:21.398,3810.398372,82,60,1609,745929,0,0,0,0,34.713109915419565,20.22013478538733,0.003627
2469017409,5589077,2H,60,10,01:00:10.117,3859.117365,96,56,1609,415917,1,0,0,0,23.769728648009426,18.505947274207028,0.2571
2469017530,5589077,2H,72,41,01:12:41.216,4610.216408,83,48,1609,302292,0,0,0,0,26.076809620810597,33.468763954769955,0.1142
2469017136,5589077,2H,74,44,01:14:44.325,4733.325631,75,32,11,404748,0,0,0,0,30.066592756745816,33.27032573464446,0.008029
2469017579,5589077,2H,80,28,01:20:28.726,5077.726082,94,32,1609,241564,0,0,0,1,11.180339887498949,77.47119229084849,0.1065
2469017217,5589077,2H,81,0,01:21:00.850,5109.850451,87,27,11,14812,0,0,0,0,19.313207915827967,47.97373108248011,0.0553
2469017608,5589077,2H,84,49,01:24:49.859,5338.859366,92,65,1609,542200,0,0,0,1,33.61547262794322,12.57506526657563,0.1512
2471740376,5590068,1H,8,35,00:08:35.383,516.383592,79,70,9925,69432,0,0,0,0,44.40720662234904,13.900708385730224,0.001714
2471740509,5590068,1H,24,59,00:24:59.007,1500.007212,79,57,9925,345810,0,0,0,0,34.713109915419565,22.60538534776412,0.028
2471740654,5590068,1H,39,27,00:39:27.042,2368.042131,73,57,9925,136151,0,0,0,0,39.408120990476064,21.37062226934318,0.004532
2457643737,5589073,1H,1,16,00:01:16.456,77.456884,95,58,3172,14869,1,0,0,0,26.0,16.83166875824151,0.1256
2457643817,5589073,1H,2,2,00:02:02.873,123.873237,89,66,5072,660295,0,0,0,0,35.77708763999664,13.506576881495237,0.1909
2457643800,5589073,1H,4,59,00:04:59.847,300.847546,93,41,3172,50007,1,0,0,0,13.892443989449804,62.59242456218159,0.1134
2457643955,5589073,1H,14,7,00:14:07.018,848.018272,84,46,3172,551694,0,0,0,0,24.186773244895647,36.86989764584402,0.0585
2457644278,5589073,1H,26,10,00:26:10.821,1571.821728,91,48,5072,590629,0,0,0,0,19.79898987322333,39.01748307414253,0.4179
2457644280,5589073,1H,26,12,00:26:12.528,1573.528427,92,63,5072,660295,0,0,0,0,31.78049716414141,14.137780186087358,0.4438
2457644339,5589073,1H,36,30,00:36:30.857,2191.857179,91,49,3172,135807,1,0,0,0,20.518284528683193,36.54497232282255,0.07899
2457644623,5589073,1H,42,16,00:42:16.660,2537.660163,77,51,5072,621859,0,0,0,0,32.7566787083184,26.933507702415696,0.004632
2457644657,5589073,1H,43,16,00:43:16.226,2597.226043,88,63,5072,569212,0,1,0,0,33.61547262794322,16.262302071936215,0.1542
2457644497,5589073,1H,45,23,00:45:23.179,2724.179339,79,35,3172,625,0,0,0,0,26.019223662515376,38.14023999447419,0.001839
2457644519,5589073,1H,46,0,00:46:00.999,2761.999104,91,42,3172,22889,1,0,0,0,16.1245154965971,54.61315693163105,0.08299
2457644546,5589073,1H,47,0,00:47:00.244,2821.24451,90,31,3172,22889,0,0,0,0,15.297058540778355,60.4612177404419,0.09794
2457644550,5589073,1H,47,10,00:47:10.314,2831.314505,96,51,3172,135807,1,0,0,0,19.235384061671343,29.272968662944194,0.4726
2457644554,5589073,1H,47,13,00:47:13.008,2834.008556,92,65,3172,20751,0,0,0,0,33.61547262794322,12.57506526657563,0.299
2457644736,5589073,1H,47,40,00:47:40.706,2861.706317,78,54,5072,569212,0,0,0,0,33.60059523282288,24.87906266680477,0.0552
2457644599,5589073,2H,45,29,00:45:29.219,2973.219437,84,46,3172,406682,0,0,0,0,24.186773244895647,36.86989764584402,0.037
2457644607,5589073,2H,45,36,00:45:36.270,2980.270745,91,48,3172,406682,0,0,0,0,19.79898987322333,39.01748307414253,0.3383
2457644800,5589073,2H,47,32,00:47:32.021,3096.021422,72,30,5072,590629,0,0,0,0,33.24154027718932,30.117082508212015,0.0191
2457644692,5589073,2H,50,3,00:50:03.989,3247.989146,81,67,3172,498456,0,0,0,0,40.80441152620633,15.255118703057784,0.02206
2457644821,5589073,2H,61,48,01:01:48.426,3952.426181,77,57,3172,41034,0,0,0,0,36.235341863986875,22.24902365721237,0.01409
2457645525,5589073,2H,63,31,01:03:31.893,4055.893969,88,40,3172,406682,0,0,0,0,18.027756377319946,51.43164542644399,0.0608
2457645576,5589073,2H,63,33,01:03:33.318,4057.31821,96,38,3172,551694,0,0,0,0,9.848857801796104,84.35945056784318,0.2784
2457644878,5589073,2H,64,51,01:04:51.456,4135.456658,88,34,3172,406682,0,0,0,0,17.0,55.79454206189526,0.09257
2457644958,5589073,2H,69,51,01:09:51.886,4435.886964,80,37,3172,406682,0,0,0,0,25.179356624028344,39.1367391051011,0.04056
2457644998,5589073,2H,71,31,01:11:31.604,4535.604819,85,35,3172,22889,0,0,0,0,20.024984394500787,48.366460663429805,0.08931
2457645015,5589073,2H,72,12,01:12:12.359,4576.35984,91,53,3172,14869,0,0,0,0,23.600847442411894,27.897271030947625,0.2778
2457645252,5589073,2H,82,42,01:22:42.435,5206.435852,78,69,3172,405598,0,0,0,0,44.204072210600685,14.546132281472394,0.001433
2457645391,5589073,2H,90,4,01:30:04.731,5648.731516,86,34,3172,522257,0,0,0,0,19.0,50.69235188389338,0.009807
2457645420,5589073,2H,91,8,01:31:08.881,5712.881629,90,40,3172,22889,1,0,0,0,16.15549442140351,56.309932474020215,0.08264
2457645507,5589073,2H,96,24,01:36:24.004,6028.004784,90,37,3172,522257,0,0,0,0,15.297058540778355,60.4612177404419,0.02268
2429310066,5589272,1H,24,22,00:24:22.407,1463.407096,93,61,10,580418,0,0,0,0,29.546573405388315,15.255118703057777,0.223
2429310865,5589272,1H,28,43,00:28:43.394,1724.394074,76,42,3158,336517,0,0,0,0,30.083217912982647,32.35406002225032,0.04408
2429310117,5589272,1H,29,40,00:29:40.094,1781.094771,82,71,10,678015,0,0,0,0,43.56604182158393,12.835609486401433,0.03147
2429310175,5589272,1H,38,2,00:38:02.591,2283.591035,77,35,10,563560,0,0,0,0,28.0178514522438,35.599219958976164,0.03146
2429310208,5589272,1H,40,20,00:40:20.777,2421.777371,89,44,10,659933,0,0,0,0,18.867962264113206,46.322758078790415,0.2323
2429310360,5589272,2H,46,11,00:46:11.375,2941.375623,81,36,10,605827,0,0,0,0,24.08318915758459,40.88376949447557,0.01532
2429311119,5589272,2H,47,18,00:47:18.919,3008.919453,87,61,3158,590733,0,0,0,0,32.449961479175904,18.434948822922006,0.02356
2429311152,5589272,2H,48,43,00:48:43.660,3093.660949,89,57,3158,89186,0,0,0,0,28.0178514522438,22.24902365721236,0.2881
2429311232,5589272,2H,56,40,00:56:40.863,3570.863575,88,32,3158,89186,0,0,0,0,17.11724276862369,55.28537797494747,0.02287
2429311332,5589272,2H,66,14,01:06:14.392,4144.392552,94,61,3158,89186,0,0,0,0,29.154759474226502,14.438742322852347,0.1446
2429310739,5589272,2H,75,41,01:15:41.121,4711.12135,94,46,10,658710,1,0,0,0,16.278820596099706,47.09890593320355,0.3104
2429311478,5589272,2H,78,42,01:18:42.010,4892.010942,77,47,3158,89186,0,0,0,0,30.870698080866262,30.027124233213083,0.02165
2429310800,5589272,2H,79,35,01:19:35.410,4945.410421,93,51,10,543203,0,0,0,0,20.808652046684813,31.534791905188296,0.2534
2429311533,5589272,2H,85,36,01:25:36.435,5306.435626,93,32,3158,590733,0,0,0,0,12.165525060596439,72.76688424153011,0.02938
2429311568,5589272,2H,88,10,01:28:10.937,5460.937265,69,40,3158,449967,0,0,0,0,36.49657518178932,27.383506638766605,0.004131
2429311626,5589272,2H,93,37,01:33:37.305,5787.305741,79,56,3158,89186,0,0,0,0,34.058772731852805,23.448062577957817,0.04068
2306368230,5588924,1H,5,26,00:05:26.690,327.69046,92,74,3161,301017,0,0,0,0,42.05948168962618,7.892361894862968,0.06307
2306368453,5588924,1H,15,34,00:15:34.863,935.863529,86,62,3161,301017,0,0,0,0,33.83784863137726,17.818888914522777,0.1522
2306368465,5588924,1H,17,21,00:17:21.596,1042.596058,82,48,3161,15524,0,0,0,0,26.92582403567252,32.7352262721076,0.02094
2306368337,5588924,1H,18,41,00:18:41.998,1122.998735,91,48,1625,427097,1,0,0,0,19.79898987322333,39.01748307414253,0.1746
2306368499,5588924,1H,19,53,00:19:53.252,1194.252121,76,41,3161,15524,0,0,0,0,29.832867780352597,32.83176799594827,0.002291
2306368514,5588924,1H,20,41,00:20:41.091,1242.091638,93,57,3161,20635,1,0,0,0,25.942243542145693,20.045249425420998,0.1197
2306368443,5588924,1H,23,36,00:23:36.154,1417.154309,88,65,1625,661732,0,0,0,0,35.35533905932738,14.668748458161136,0.03746
2306368488,5588924,1H,24,51,00:24:51.957,1492.957064,84,62,1625,661732,0,0,0,0,35.0,18.284566544850414,0.005555
2306368520,5588924,1H,26,22,00:26:22.732,1583.73239,96,30,1625,38021,0,0,0,0,9.848857801796104,84.35945056784318,0.02248
2306368592,5588924,1H,28,37,00:28:37.936,1718.936045,83,88,3161,21095,0,0,0,0,58.309518948453004,6.80396943780922,0.03988
2306368601,5588924,1H,29,23,00:29:23.346,1764.346922,83,76,3161,286223,0,0,0,0,47.41307836451879,10.356026249270016,0.01423
2306368684,5588924,1H,34,59,00:34:59.594,2100.594292,81,41,1625,427097,0,0,0,0,25.0,38.45370921670597,0.08605
2306368771,5588924,1H,38,46,00:38:46.450,2327.450993,79,40,1625,38021,0,0,0,0,26.68332812825267,36.56358402402735,0.01146
2306368811,5588924,1H,40,56,00:40:56.219,2457.219421,84,47,3161,301017,0,0,0,0,24.698178070456937,35.54792198630704,0.1086
2306369757,5588924,1H,42,32,00:42:32.957,2553.957528,93,35,1625,38021,0,0,0,0,12.041594578792296,73.49563861824498,0.1819
2306368858,5588924,1H,45,22,00:45:22.418,2723.418178,96,33,3161,435501,0,0,0,0,9.055385138137417,89.64632684075355,0.1194
2306368864,5588924,1H,46,3,00:46:03.310,2764.310869,84,72,3161,286223,0,0,0,0,43.41658669218482,11.834224824098841,0.01451
2306368959,5588924,2H,47,31,00:47:31.271,2927.2716,78,60,1625,447205,0,0,0,0,37.48332962798263,20.15664542517911,0.05398
2306369049,5588924,2H,53,58,00:53:58.790,3314.790352,86,65,1625,447205,0,0,0,0,36.359317925395686,15.407365765933115,0.2395
2306369052,5588924,2H,54,0,00:54:00.742,3316.74218,87,33,1625,11051,0,0,0,0,18.027756377319946,53.017093073655325,0.1468
2306369034,5588924,2H,54,51,00:54:51.717,3367.71778,76,25,3161,99902,0,0,0,0,30.364452901377952,31.827446576673108,0.001089
2306369734,5588924,2H,68,56,01:08:56.763,4212.76302,90,47,1625,447205,0,0,0,0,19.849433241279208,40.78170584465348,0.3209
2306369303,5588924,2H,69,24,01:09:24.700,4240.7003,88,42,1625,11051,0,0,0,0,18.788294228055936,48.3664606634298,0.2679
2306369311,5588924,2H,69,33,01:09:33.910,4249.910283,93,33,1625,14808,0,0,0,0,12.041594578792296,73.49563861824498,0.1056
2306369341,5588924,2H,71,46,01:11:46.539,4382.53995,88,31,1625,11051,0,0,0,0,17.26267650163207,54.65762779636891,0.1043
2306369359,5588924,2H,74,44,01:14:44.142,4560.142854,89,58,1625,297957,1,0,0,0,28.844410203711913,20.98125347190007,0.1152
2306369457,5588924,2H,75,20,01:15:20.052,4596.05232,88,44,3161,105338,0,0,0,0,19.72308292331602,44.81336945643444,0.1675
2306369438,5588924,2H,78,53,01:18:53.546,4809.54616,82,41,1625,568412,0,0,0,0,24.041630560342615,39.794229885067104,0.09971
2306369633,5588924,2H,83,54,01:23:54.768,5110.768881,85,28,3161,372255,0,0,0,0,20.8806130178211,45.40066325579215,0.05458
2306369556,5588924,2H,85,56,01:25:56.461,5232.46179,76,57,1625,364860,0,0,0,0,37.013511046643494,22.046229059872513,0.01068
2306369568,5588924,2H,86,24,01:26:24.031,5260.031792,81,40,1625,447205,0,0,0,0,24.73863375370596,39.130399556985296,0.07712
2306369602,5588924,2H,88,20,01:28:20.125,5376.125418,95,54,1625,14808,1,0,0,0,22.360679774997898,23.248082968525054,0.4172
2306369692,5588924,2H,93,44,01:33:44.102,5700.102907,93,51,1625,14808,1,0,0,0,20.808652046684813,31.534791905188296,0.2438
2451627886,5590049,1H,1,28,00:01:28.690,89.690893,98,71,11958,609787,0,0,0,0,37.656340767525464,5.383701676811743,0.03921
2451628219,5590049,1H,18,52,00:18:52.665,1133.665952,90,40,10689,139225,1,0,0,0,16.15549442140351,56.309932474020215,0.1308
2451628301,5590049,1H,25,59,00:25:59.286,1560.286941,90,35,10689,29867,0,0,0,0,15.033296378372908,61.76255446183274,0.1882
2451628440,5590049,1H,31,57,00:31:57.288,1918.288799,94,54,10689,787783,0,0,0,0,22.825424421026653,24.22774531795417,0.2152
2451628456,5590049,1H,37,19,00:37:19.676,2240.676553,83,49,11958,657334,0,0,0,0,26.627053911388696,32.23443421894138,0.05566
2451628734,5590049,2H,51,44,00:51:44.297,3234.297536,80,70,11958,657334,0,0,0,0,43.829214001622255,13.742797739157055,0.0086
2451628833,5590049,2H,58,43,00:58:43.879,3653.879955,98,52,11958,609787,0,0,0,0,19.313207915827967,23.34052857055809,0.8958
2451629035,5590049,2H,63,0,01:03:00.018,3910.018632,80,31,10689,412804,0,0,0,0,25.179356624028344,39.1367391051011,0.02204
2451629069,5590049,2H,64,21,01:04:21.477,3991.477602,77,55,10689,787783,0,0,0,0,35.0,23.77634349723379,0.06422
2451629443,5590049,2H,69,17,01:09:17.624,4287.624974,92,52,10689,78501,1,0,0,0,22.20360331117452,29.59489268795477,0.1277
2451629180,5590049,2H,71,7,01:11:07.765,4397.765971,67,73,10689,69879,0,0,0,0,54.45181356024793,13.342351422895398,0.004938
2451629130,5590049,2H,78,48,01:18:48.374,4858.374427,72,26,11958,630852,0,0,0,0,33.95585369269929,28.99103296387146,0.01941
2451629301,5590049,2H,88,50,01:28:50.725,5460.725946,84,60,11958,600742,0,0,0,0,33.421549934136806,20.045249425421005,0.1339
2449178400,5589312,1H,3,32,00:03:32.053,213.053848,80,53,7099,496678,0,0,0,0,31.400636936215164,26.43829080975032,0.09991
2449178525,5589312,1H,4,30,00:04:30.957,271.957708,85,57,16,675828,0,1,0,1,30.479501308256342,23.002596593357843,0.1738
2449178982,5589312,1H,29,24,00:29:24.050,1765.050726,88,46,16,578367,0,0,0,0,20.808652046684813,41.001026156053186,0.1922
2449178997,5589312,1H,30,21,00:30:21.443,1822.443804,85,62,16,578367,0,0,0,0,34.40930106817051,18.07578129300283,0.06008
2449179023,5589312,1H,31,45,00:31:45.865,1906.865515,80,64,16,680288,0,0,0,0,39.05124837953327,17.308828006436496,0.06943
2449179032,5589312,1H,38,24,00:38:24.546,2305.546585,79,38,7099,399074,0,0,0,0,26.30589287593181,37.45057823173673,0.01139
2449179521,5589312,2H,60,11,01:00:11.569,3686.569642,92,33,16,70159,0,0,0,0,13.038404810405298,69.1760942750764,0.0941
2449179557,5589312,2H,61,21,01:01:21.690,3756.690144,75,35,16,377075,0,0,0,0,30.01666203960727,33.36636600105956,0.03155
2449179573,5589312,2H,62,39,01:02:39.839,3834.839445,91,61,16,579510,0,0,0,0,30.4138126514911,16.624478143964964,0.2843
2449179592,5589312,2H,64,5,01:04:05.782,3920.782341,93,31,16,675828,0,0,0,0,12.36931687685298,71.56505117707799,0.05876
2449179630,5589312,2H,66,20,01:06:20.234,4055.23402,87,44,16,347336,0,0,0,0,20.591260281974,43.36832757911374,0.06842
2449179721,5589312,2H,72,8,01:12:08.088,4403.088413,88,67,16,377075,0,0,0,0,37.12142238654117,13.274986499487751,0.03586
2449179840,5589312,2H,80,56,01:20:56.329,4931.329388,76,41,16,564750,0,0,0,0,29.832867780352597,32.83176799594827,0.04317
2449179907,5589312,2H,84,50,01:24:50.618,5165.618924,85,62,7099,281470,0,0,0,0,34.40930106817051,18.07578129300283,0.08446
2449179944,5589312,2H,87,1,01:27:01.141,5296.141672,90,64,7099,339643,0,0,0,0,33.54101966249684,14.500166766552566,0.1873
2449180010,5589312,2H,91,3,01:31:03.047,5538.047491,90,44,7099,348044,0,0,0,0,18.027756377319946,47.89576197346658,0.2326
2449180026,5589312,2H,92,38,01:32:38.962,5633.962472,79,27,7099,281470,0,0,0,0,26.92582403567252,36.006207601244434,0.02579
2302951775,5588918,1H,11,41,00:11:41.166,702.166399,50,0,9608,559904,0,1,0,0,64.66065264130884,13.57498781275367,0.3065
2302951836,5588918,1H,16,7,00:16:07.124,968.124922,88,44,9608,521814,0,0,0,0,19.72308292331602,44.81336945643444,0.3049
2302952104,5588918,1H,26,48,00:26:48.939,1609.939315,78,49,9608,431540,0,0,0,0,30.886890422961002,29.10473162741869,0.01421
2302952115,5588918,1H,27,42,00:27:42.467,1663.467953,90,40,9608,521814,0,0,0,0,16.15549442140351,56.309932474020215,0.1779
2302952233,5588918,1H,37,53,00:37:53.352,2274.352683,90,40,9608,388986,0,0,0,0,16.15549442140351,56.309932474020215,0.1745
2302952347,5588918,2H,49,6,00:49:06.869,3261.869061,90,48,9608,878211,1,0,0,0,20.518284528683193,38.453709216705974,0.1002
2302952364,5588918,2H,50,51,00:50:51.624,3366.624087,80,59,9608,431540,0,0,0,0,35.35533905932738,21.05393097668694,0.07682
2302952652,5588918,2H,54,38,00:54:38.454,3593.454428,94,59,9608,472347,1,0,0,0,27.313000567495326,16.580603225661168,0.0896
2302952398,5588918,2H,56,29,00:56:29.615,3704.615594,90,38,9608,608713,0,0,0,0,15.524174696260024,59.34933204294713,0.1598
2302952465,5588918,2H,64,33,01:04:33.951,4188.951368,78,64,9608,636182,0,0,0,0,40.36087214122113,17.42986281766783,0.05595
2302952483,5588918,2H,67,22,01:07:22.592,4357.592247,82,54,9608,521814,0,0,0,0,30.479501308256342,26.0219794833542,0.1261
2302952508,5588918,2H,69,45,01:09:45.066,4500.066882,90,28,9608,472347,0,0,0,0,16.15549442140351,56.309932474020215,0.05888
2302952509,5588918,2H,69,47,01:09:47.113,4502.113108,91,60,9608,878211,0,0,0,0,29.5296461204668,17.671050361992013,0.5201
2302951953,5588918,2H,73,59,01:13:59.971,4754.971026,80,63,3776,25999,0,0,0,0,38.28837943815329,17.999484399432912,0.03222
2302952550,5588918,2H,75,23,01:15:23.999,4838.999223,87,39,9608,521814,0,0,0,0,18.681541692269406,50.40379136024971,0.07384
2302952551,5588918,2H,75,27,01:15:27.494,4842.494881,69,52,9608,471967,0,0,0,0,40.24922359499622,22.833654177917545,0.02454
2302952592,5588918,2H,83,49,01:23:49.862,5344.862116,91,38,9608,388986,0,1,0,0,14.560219778561036,62.53272766139187,0.2079
2302952126,5588918,2H,87,45,01:27:45.333,5580.333076,93,66,3776,25999,0,0,0,0,34.17601498127012,11.238959150457239,0.06477
2302952140,5588918,2H,88,9,01:28:09.210,5604.210148,81,38,3776,25826,0,0,0,0,24.331050121192877,40.21121755638399,0.04956
2302952647,5588918,2H,92,53,01:32:53.203,5888.203837,92,55,9608,627713,1,0,0,0,24.698178070456937,23.861917233893127,0.2167
2445287544,5589050,1H,1,27,00:01:27.754,88.754545,91,31,9607,682098,0,0,0,0,14.317821063276353,63.799885158652664,0.08703
2445287575,5589050,1H,1,50,00:01:50.402,111.402106,92,41,3159,636204,1,0,0,0,14.7648230602334,59.65230337632571,0.1179
2445287649,5589050,1H,5,46,00:05:46.078,347.078692,88,30,9607,682098,0,0,0,0,17.46424919657298,53.794896965443336,0.1691
2445287784,5589050,1H,16,0,00:16:00.198,961.198959,89,51,9607,347282,0,0,0,0,23.345235059857504,31.827446576673108,0.1921
2445287966,5589050,1H,26,38,00:26:38.718,1599.718773,80,47,3159,471774,0,0,0,0,28.178005607210743,32.25750029887134,0.05752
2445288032,5589050,1H,27,27,00:27:27.696,1648.696908,81,27,9607,3314,0,0,0,0,25.0,38.45370921670597,0.02092
2445288050,5589050,1H,28,34,00:28:34.189,1715.189318,96,44,9607,347282,1,0,0,0,13.45362404707371,58.3136323121434,0.1622
2445288352,5589050,1H,47,2,00:47:02.916,2823.91607,87,46,9607,347282,0,0,0,0,21.633307652783937,39.93638314696992,0.2198
2445288513,5589050,2H,49,50,00:49:50.532,3169.532063,78,28,3159,636204,0,0,0,0,27.65863337187866,35.39479584498706,0.01542
2445288462,5589050,2H,50,18,00:50:18.619,3197.619702,80,49,9607,532757,0,0,0,0,29.154759474226502,30.335127391296773,0.08879
2445288532,5589050,2H,51,37,00:51:37.281,3276.281244,69,52,3159,443324,0,0,0,0,40.24922359499622,22.833654177917545,0.005206
2445288549,5589050,2H,54,3,00:54:03.045,3422.045713,77,30,9607,145727,0,0,0,0,28.284271247461902,35.029440463493,0.004934
2445288626,5589050,2H,56,58,00:56:58.867,3597.867075,89,67,3159,594931,0,0,0,0,36.6742416417845,12.835609486401438,0.01005
2445288629,5589050,2H,57,10,00:57:10.467,3609.467483,72,66,3159,532750,0,0,0,0,45.967379738244816,16.294846750427425,0.07094
2445288648,5589050,2H,57,47,00:57:47.740,3646.740726,94,32,3159,759543,0,0,0,0,11.180339887498949,77.47119229084849,0.1039
2445288667,5589050,2H,59,14,00:59:14.870,3733.870136,96,36,3159,759543,0,0,0,0,9.219544457292887,88.58557678859785,0.1189
2445288711,5589050,2H,64,42,01:04:42.150,4061.150275,84,32,9607,532757,0,0,0,0,21.095023109728988,46.08092418666069,0.006385
2445288787,5589050,2H,66,30,01:06:30.651,4169.65185,74,67,3159,594931,0,0,0,0,45.27692569068709,15.822336492562977,0.006129
2445288856,5589050,2H,69,44,01:09:44.415,4363.415932,91,38,3159,418950,0,0,0,0,14.560219778561036,62.53272766139187,0.007289
2445288931,5589050,2H,72,57,01:12:57.004,4556.004347,89,53,3159,444669,1,0,0,0,24.839484696748443,28.24973549497429,0.0721
2445288884,5589050,2H,75,29,01:15:29.093,4708.093739,93,41,9607,480216,0,0,0,0,13.892443989449804,62.59242456218159,0.07338
2445288998,5589050,2H,79,58,01:19:58.623,4977.623806,84,35,9607,532757,0,0,0,0,21.02379604162864,46.31780310144996,0.09734
2445289094,5589050,2H,82,42,01:22:42.310,5141.310115,76,44,9607,474772,0,0,0,0,30.675723300355934,31.256777057097374,0.05373
2445289111,5589050,2H,84,37,01:24:37.482,5256.48267,89,46,3159,418950,0,0,0,0,20.0,42.07639644586144,0.2101
2445289183,5589050,2H,87,34,01:27:34.569,5433.569171,76,43,3159,759543,0,0,0,0,30.364452901377952,31.827446576673108,0.01595
2445289186,5589050,2H,87,37,01:27:37.433,5436.433192,87,32,3159,444669,1,0,0,0,18.110770276274835,52.68007112197176,0.2003
2445289270,5589050,2H,91,38,01:31:38.608,5677.608964,87,41,9607,70086,0,0,0,0,19.313207915827967,47.97373108248011,0.02539
2442710458,5589302,1H,1,22,00:01:22.660,83.66004,92,44,5068,658896,0,0,0,0,16.401219466856727,51.22094992115961,0.2415
2442710603,5589302,1H,9,28,00:09:28.935,569.935343,85,34,5068,532566,0,0,0,0,20.0,48.45549063590834,0.01794
2442710747,5589302,1H,17,6,00:17:06.790,1027.790295,94,40,2482,766045,0,0,0,0,12.529964086141668,69.00128096561299,0.198
2442710735,5589302,1H,17,43,00:17:43.096,1064.096387,87,64,5068,658896,0,0,0,1,34.9857113690718,15.826154076172545,0.3613
2442710823,5589302,1H,24,32,00:24:32.817,1473.817228,73,43,5068,532566,0,0,0,0,33.24154027718932,29.357753542791276,0.02695
2442710904,5589302,1H,27,3,00:27:03.342,1624.342464,88,73,2482,536480,0,0,0,0,42.5440947723653,10.036333752895882,0.003871
2442710990,5589302,1H,34,11,00:34:11.776,2052.776816,76,29,5068,419216,0,1,0,0,29.427877939124322,33.62264092631693,0.02212
2442711035,5589302,1H,36,0,00:36:00.130,2161.130803,91,31,5068,658896,0,0,0,0,14.317821063276353,63.799885158652664,0.04833
2442711167,5589302,1H,40,14,00:40:14.252,2415.252949,94,51,2482,584946,1,0,0,0,20.248456731316587,31.040526177306614,0.1778
2442711297,5589302,2H,48,59,00:48:59.360,3067.360828,87,28,5068,51217,0,0,0,0,18.973665961010276,49.26789330029081,0.002196
2442711303,5589302,2H,49,7,00:49:07.793,3075.79331,95,69,5068,546052,0,0,0,0,36.40054944640259,8.233244960135059,0.08489
2442711313,5589302,2H,49,31,00:49:31.525,3099.525542,76,42,5068,25622,0,0,0,0,30.083217912982647,32.35406002225032,0.002375
2442711468,5589302,2H,53,8,00:53:08.984,3316.98426,79,37,2482,689299,0,0,0,0,26.1725046566048,37.76975736074843,0.04349
2442711549,5589302,2H,57,10,00:57:10.904,3558.904539,87,39,2482,536480,0,0,0,0,18.681541692269406,50.40379136024971,0.1693
2442711445,5589302,2H,58,14,00:58:14.347,3622.347744,80,66,5068,658896,0,0,0,0,40.607881008493905,16.012938890280356,0.006106
2442711559,5589302,2H,58,53,00:58:53.701,3661.70182,90,66,2482,766045,0,0,0,0,35.34119409414458,13.016110768467204,0.1729
2442711562,5589302,2H,58,55,00:58:55.723,3663.723566,91,51,2482,653486,0,0,0,0,22.02271554554524,31.954362937051407,0.5623
2442711492,5589302,2H,62,5,01:02:05.381,3853.381411,97,46,5068,658896,1,0,0,0,14.422205101855956,48.58949674083819,0.3287
2442711531,5589302,2H,64,3,01:04:03.278,3971.27889,75,66,5068,609110,0,0,0,0,43.86342439892262,16.33061313307394,0.02457
2442711709,5589302,2H,64,31,01:04:31.778,3999.778317,87,49,2482,536480,0,0,0,0,23.430749027719962,34.69515353123396,0.2381
2442711821,5589302,2H,70,49,01:10:49.530,4377.530907,92,44,2482,336956,0,0,0,0,16.401219466856727,51.22094992115961,0.2175
2442711658,5589302,2H,78,43,01:18:43.010,4851.01075,92,34,5068,609110,0,0,0,0,13.0,69.39030706246794,0.08315
2442711660,5589302,2H,78,45,01:18:45.357,4853.357766,98,43,5068,855437,0,0,0,0,11.40175425099138,68.74949449286676,0.5973
2442711668,5589302,2H,81,9,01:21:09.309,4997.309455,83,50,5068,58,0,0,0,0,27.202941017470888,31.00209856037621,0.02162
2442711696,5589302,2H,83,15,01:23:15.303,5123.303006,94,58,5068,618918,0,0,0,0,26.40075756488817,17.818888914522777,0.3712
2442711797,5589302,2H,87,19,01:27:19.208,5367.208209,76,46,5068,51217,0,1,0,0,31.38470965295043,30.003581965407182,0.02654
2442711838,5589302,2H,89,37,01:29:37.942,5505.942709,88,74,5068,618918,0,0,0,0,43.46262762420146,9.606152085782563,0.005314
2442711906,5589302,2H,92,59,01:32:59.115,5707.11521,85,47,5068,481468,0,0,0,0,23.853720883753127,36.41637851988605,0.05375
2442711909,5589302,2H,93,1,01:33:01.063,5709.063935,79,62,5068,652236,0,0,0,0,38.2099463490856,18.74599777316555,0.0697
2450676963,5590053,1H,2,2,00:02:02.555,123.555019,90,32,12508,93534,0,0,0,0,15.132745950421556,61.270731215544814,0.0476
2450676967,5590053,1H,2,14,00:02:14.596,135.596126,86,57,12508,174,0,0,0,0,29.832867780352597,22.915925633349705,0.1519
2450677058,5590053,1H,11,56,00:11:56.928,717.928361,72,55,7729,450087,0,0,0,0,39.11521443121589,22.290582484193756,0.00183
2450677064,5590053,1H,12,0,00:12:00.956,721.956503,90,63,7729,57682,0,0,0,0,32.64965543462902,15.328921727305584,0.2343
2450677288,5590053,1H,17,57,00:17:57.530,1078.530152,85,55,12508,380915,0,0,0,0,29.0,25.34617594194669,0.08577
2450677301,5590053,1H,20,21,00:20:21.150,1222.150414,86,59,12508,265864,1,0,0,0,31.400636936215164,20.701606407723293,0.0623
2450677143,5590053,1H,21,7,00:21:07.954,1268.954055,81,51,7729,504128,0,0,0,0,29.410882339705484,28.855661219716527,0.09156
2450677503,5590053,1H,29,14,00:29:14.808,1755.808336,91,50,12508,50963,1,1,0,1,21.2602916254693,34.186122486375034,0.06538
2450677765,5590053,1H,41,42,00:41:42.810,2503.810129,93,43,12508,50963,1,0,0,0,15.0,56.309932474020215,0.1891
2450677907,5590053,1H,47,1,00:47:01.250,2822.25053,85,28,12508,127527,0,0,0,0,20.8806130178211,45.40066325579215,0.004215
2450677918,5590053,1H,47,47,00:47:47.429,2868.429599,90,54,12508,57347,1,0,0,0,25.0,26.396286482485337,0.16
2450678159,5590053,2H,53,18,00:53:18.125,3524.125454,74,52,12508,174,0,0,0,0,35.84689665786984,24.865607513935494,0.0349
2450678166,5590053,2H,53,38,00:53:38.448,3544.448826,76,33,12508,127527,0,0,0,0,29.017236257093817,34.44776735630735,0.04016
2450677606,5590053,2H,55,31,00:55:31.914,3657.914835,84,65,7729,351052,0,0,0,0,37.44329045369811,15.968307338075364,0.0392
2450677610,5590053,2H,55,34,00:55:34.731,3660.731373,93,51,7729,57310,0,0,0,0,20.808652046684813,31.534791905188296,0.5504
2450678412,5590053,2H,81,28,01:21:28.060,5214.060589,82,54,12508,408136,0,0,0,0,30.479501308256342,26.0219794833542,0.0528
2450678108,5590053,2H,94,16,01:34:16.466,5982.466373,91,48,7729,438885,1,0,0,0,19.79898987322333,39.01748307414253,0.1588
2450678143,5590053,2H,95,15,01:35:15.364,6041.364691,95,72,7729,588718,0,1,0,0,39.293765408777,7.014127651203245,0.1222
2449184668,5589306,1H,3,50,00:03:50.384,231.384504,96,56,10183,530918,1,0,0,0,23.769728648009426,18.505947274207028,0.2355
2449184685,5589306,1H,5,8,00:05:08.199,309.199714,70,45,10183,487737,0,0,0,0,36.68787265568828,26.47439337375866,0.003384
2449184710,5589306,1H,7,32,00:07:32.690,453.690286,89,51,10183,487737,1,0,0,0,23.345235059857504,31.827446576673108,0.155
2449184743,5589306,1H,12,6,00:12:06.047,727.047233,82,63,10183,487737,0,0,0,0,37.013511046643494,17.805938439691392,0.03674
2449184857,5589306,1H,20,46,00:20:46.122,1247.122199,98,32,10183,424256,0,0,0,0,7.280109889280518,102.52880770915151,0.03531
2449184867,5589306,1H,21,29,00:21:29.870,1290.870047,86,30,10183,234688,0,0,0,0,19.4164878389476,49.1239075603156,0.0334
2449184879,5589306,1H,22,30,00:22:30.482,1351.482552,86,36,10183,424256,0,0,0,0,19.1049731745428,50.29344225303053,0.09698
2449185265,5589306,1H,26,7,00:26:07.621,1568.621179,86,34,11255,37840,0,0,0,0,19.0,50.69235188389338,0.07963
2449185382,5589306,1H,33,14,00:33:14.390,1995.390157,74,50,11255,564674,0,0,0,0,34.88552708502482,26.160140748292225,0.009844
2449185385,5589306,1H,33,21,00:33:21.267,2002.267009,81,65,11255,628124,0,0,0,0,39.20459156782532,16.525796389925638,0.05978
2449185393,5589306,1H,33,51,00:33:51.600,2032.600529,82,63,11255,564674,0,0,0,0,37.013511046643494,17.805938439691392,0.0113
2449185434,5589306,1H,37,29,00:37:29.406,2250.406166,91,56,11255,771978,1,0,0,0,26.076809620810597,22.81654713072474,0.07819
2449185215,5589306,1H,44,14,00:44:14.161,2655.161412,96,60,10183,616932,1,0,0,0,27.51363298439521,13.476497903436652,0.06594
2449185665,5589306,2H,48,43,00:48:43.785,3050.785491,71,62,11255,628124,0,0,0,0,44.04543109109048,18.222023170591864,0.001772
2449185705,5589306,2H,51,18,00:51:18.789,3205.789837,90,44,11255,264434,1,0,0,0,18.027756377319946,47.89576197346658,0.0634
2449185778,5589306,2H,54,44,00:54:44.887,3411.887466,86,49,11255,693873,0,0,0,0,24.20743687382041,34.10694624141559,0.03267
2449185850,5589306,2H,57,45,00:57:45.424,3592.424499,88,54,11255,37840,0,0,0,0,26.248809496813376,26.715631065643755,0.1141
2449185682,5589306,2H,64,49,01:04:49.890,4016.890866,82,53,10183,565801,0,1,0,0,29.832867780352597,27.10077366056848,0.009204
2449185952,5589306,2H,65,20,01:05:20.131,4047.131262,80,42,11255,628124,0,0,0,0,26.248809496813376,36.50631217507593,0.06956
2449185724,5589306,2H,67,26,01:07:26.661,4173.661161,90,61,10183,331487,0,0,0,1,30.886890422961002,17.185706144224763,0.3921
2449185955,5589306,2H,79,34,01:19:34.880,4901.880419,97,40,10183,281244,1,0,0,0,10.0,82.4835582837305,0.1778
2449186284,5589306,2H,90,56,01:30:56.850,5583.850852,78,60,11255,628124,0,0,0,0,37.48332962798263,20.15664542517911,0.05495
2449186312,5589306,2H,94,29,01:34:29.148,5796.148215,88,46,11255,825084,0,0,0,0,20.808652046684813,41.001026156053186,0.1114
2449186313,5589306,2H,94,30,01:34:30.634,5797.634977,86,51,11255,771978,0,0,0,0,25.495097567963924,31.00816038227413,0.2932
2395020397,5590018,1H,6,2,00:06:02.465,364.465238,90,53,7098,325636,0,0,0,0,24.20743687382041,28.131342364061048,0.1605
2395020472,5590018,1H,10,27,00:10:27.914,629.914602,88,38,7098,812445,0,0,0,0,17.46424919657298,53.794896965443336,0.1073
2395020533,5590018,1H,12,7,00:12:07.817,729.817162,90,27,7098,812445,0,0,0,0,16.55294535724685,54.442253634586045,0.04445
2395020573,5590018,1H,13,53,00:13:53.330,835.330867,86,62,7098,567396,0,1,0,1,33.83784863137726,17.818888914522777,0.2107
2395020814,5590018,1H,21,24,00:21:24.447,1286.447238,75,60,7098,472140,0,0,0,0,39.698866482558415,19.85992309543744,0.001715
2395021548,5590018,1H,21,37,00:21:37.882,1299.882601,95,60,7098,325636,0,0,0,0,27.85677655436824,14.520149018537028,0.1702
2395020973,5590018,1H,26,56,00:26:56.562,1618.562934,78,36,7098,536812,0,0,0,0,27.073972741361768,36.70080090262258,0.01949
2395020975,5590018,1H,26,58,00:26:58.173,1620.173219,92,58,7098,567396,0,0,0,0,27.294688127912362,19.412948895977213,0.4676
2395020120,5590018,1H,31,5,00:31:05.580,1867.580362,92,60,4787,135434,0,0,0,0,29.068883707497267,17.028921417572175,0.1233
2395020194,5590018,1H,41,3,00:41:03.821,2465.821897,91,68,4787,135434,0,0,0,0,36.76955262170047,11.21454076941712,0.1321
2395020412,5590018,2H,48,44,00:48:44.223,3056.223191,91,36,4787,135434,1,0,0,0,14.142135623730951,64.72227776444704,0.04073
2395021231,5590018,2H,54,17,00:54:17.831,3389.831198,93,53,7098,567396,0,0,0,0,22.47220505424423,26.995838394086622,0.3859
2395020539,5590018,2H,56,59,00:56:59.764,3551.764927,77,51,4787,135434,0,0,0,0,32.7566787083184,26.933507702415696,0.01718
2395020672,5590018,2H,65,8,01:05:08.747,4040.747373,75,50,4787,328037,0,0,0,0,34.0,26.671548785868872,0.00323
2395021350,5590018,2H,69,45,01:09:45.223,4317.223401,81,36,7098,812445,0,0,0,0,24.08318915758459,40.88376949447557,0.01333
2395020948,5590018,2H,88,43,01:28:43.334,5455.334215,75,41,4787,95131,0,0,0,0,30.805843601498726,31.886561770143313,0.007077
2395020972,5590018,2H,90,43,01:30:43.261,5575.261216,86,26,4787,818560,0,0,0,0,20.615528128088304,44.83295738431911,0.01374
2395020982,5590018,2H,91,21,01:31:21.438,5613.438244,88,39,4787,591072,0,1,0,0,17.72004514666935,52.71297976353103,0.09805
2395020990,5590018,2H,92,11,01:32:11.799,5663.799312,87,43,4787,135434,0,0,0,0,20.12461179749811,45.0,0.1769
2395021014,5590018,2H,94,20,01:34:20.059,5792.059519,90,62,4787,510868,0,0,0,0,31.76476034853718,16.22226362983286,0.1587
2514201859,5590083,1H,3,0,00:03:00.233,181.233778,89,34,8738,578856,0,0,0,0,16.0,58.71550708558255,0.1959
2514201873,5590083,1H,3,26,00:03:26.545,207.545152,79,38,8738,806885,0,0,0,0,26.30589287593181,37.45057823173673,0.00379
2514201681,5590083,1H,5,43,00:05:43.429,344.429164,88,53,6713,329527,1,0,0,0,25.495097567963924,28.270723386162697,0.1006
2514201694,5590083,1H,7,7,00:07:07.179,428.179898,80,37,6713,570830,0,0,0,0,25.179356624028344,39.1367391051011,0.07863
2514202013,5590083,1H,13,31,00:13:31.149,812.149109,90,61,8738,806885,0,0,0,0,30.886890422961002,17.185706144224763,0.2538
2514202032,5590083,1H,14,44,00:14:44.452,885.452355,92,55,8738,526355,0,0,0,0,24.698178070456937,23.861917233893127,0.08262
2514203238,5590083,1H,14,45,00:14:45.899,886.899651,94,60,8738,334944,0,0,0,0,28.231188426986208,15.4580544997057,0.3089
2514202091,5590083,1H,18,2,00:18:02.415,1083.415214,82,36,8738,578856,0,0,0,0,23.08679276123039,42.487478235970855,0.0781
2514202028,5590083,1H,33,58,00:33:58.278,2039.278181,90,41,6713,570830,0,0,0,0,16.55294535724685,54.442253634586045,0.162
2514202335,5590083,2H,50,51,00:50:51.254,3190.254128,86,36,6713,570830,0,0,0,0,19.1049731745428,50.29344225303053,0.09637
2514202692,5590083,2H,53,8,00:53:08.580,3327.580865,85,31,8738,618674,0,0,0,0,20.223748416156685,47.66300076606714,0.003042
2514202456,5590083,2H,55,38,00:55:38.425,3477.425731,75,53,6713,570830,0,0,0,0,35.510561809129406,24.590117166196016,0.05396
2514203239,5590083,2H,57,31,00:57:31.934,3590.934141,94,44,8738,334944,1,0,0,0,14.866068747318506,54.73698827040275,0.2022
2514202476,5590083,2H,58,46,00:58:46.137,3665.13765,95,45,6713,621862,1,0,0,0,14.866068747318506,52.125016348901795,0.3378
2514202892,5590083,2H,63,52,01:03:52.469,3971.469394,91,48,8738,334944,0,0,0,0,19.79898987322333,39.01748307414253,0.4228
2514202902,5590083,2H,64,39,01:04:39.155,4018.155162,85,40,8738,172254,0,0,0,0,20.8806130178211,45.40066325579215,0.01942
2514202631,5590083,2H,67,59,01:07:59.179,4218.179538,73,34,6713,570830,0,0,0,0,32.0,31.41727565803149,0.00768
2514202653,5590083,2H,69,1,01:09:01.140,4280.14077,75,56,6713,627932,0,0,0,0,37.20215047547655,22.51049813699018,0.0388
2514202659,5590083,2H,69,22,01:09:22.286,4301.286926,90,62,6713,498119,1,0,0,0,31.76476034853718,16.22226362983286,0.03697
2514203060,5590083,2H,73,20,01:13:20.507,4539.507777,78,29,8738,618674,0,0,0,0,27.459060435491963,35.83454445929908,0.03257
2514202768,5590083,2H,76,20,01:16:20.712,4719.712797,73,51,6713,472359,0,0,0,0,36.235341863986875,25.057615418303023,0.0156
2310857739,5588925,1H,10,57,00:10:57.842,658.842412,87,63,3767,657860,0,0,0,0,34.132096331752024,16.641036553869966,0.06146
2310857745,5588925,1H,11,36,00:11:36.239,697.239981,77,73,3767,396475,0,0,0,0,48.010415536631214,12.768628825588761,0.001508
2310857762,5588925,1H,12,20,00:12:20.212,741.212256,90,29,3767,288091,0,0,0,0,15.811388300841896,57.956483167255584,0.0568
2310857991,5588925,1H,27,15,00:27:15.668,1636.668176,77,50,3767,346195,0,0,0,0,32.2490309931942,27.724056235971396,0.03093
2310857995,5588925,1H,27,18,00:27:18.760,1639.760246,80,33,3767,396475,0,0,0,0,25.019992006393608,39.546081111408746,0.0307
2310858192,5588925,1H,37,41,00:37:41.086,2262.086305,81,62,3767,286390,0,0,0,0,36.87817782917155,18.66311071167633,0.02022
2310858386,5588925,2H,45,24,00:45:24.688,2819.68848,87,44,756,285743,0,0,0,0,20.591260281974,43.36832757911374,0.07569
2310858329,5588925,2H,48,15,00:48:15.890,2990.890634,80,38,3767,346195,0,0,0,0,25.317977802344327,38.784364100297346,0.03397
2310858398,5588925,2H,50,26,00:50:26.145,3121.145688,77,49,3767,472577,0,0,0,0,31.76476034853718,28.506537567992368,0.02996
2310858562,5588925,2H,51,43,00:51:43.323,3198.32328,91,56,756,3714,1,0,0,0,26.076809620810597,22.81654713072474,0.1319
2310858472,5588925,2H,55,13,00:55:13.281,3408.281777,83,62,3767,396475,0,0,0,0,35.608987629529715,18.449428423198317,0.03023
2310858499,5588925,2H,56,26,00:56:26.991,3481.991546,86,62,3767,286390,0,0,0,0,33.83784863137726,17.818888914522777,0.1525
2310858609,5588925,2H,61,47,01:01:47.872,3802.87235,89,67,3767,286390,0,0,0,0,36.6742416417845,12.835609486401438,0.1132
2310858660,5588925,2H,63,7,01:03:07.057,3882.057574,88,57,3767,286390,0,0,0,0,28.600699292150182,22.548065763176027,0.02141
2310858785,5588925,2H,70,21,01:10:21.264,4316.264383,95,48,3767,437490,1,0,0,0,17.204650534085253,39.936383146969916,0.3023
2310858792,5588925,2H,71,20,01:11:20.124,4375.124705,89,33,3767,758282,0,1,0,0,16.0312195418814,58.57043438516149,0.06653
2310858874,5588925,2H,76,25,01:16:25.666,4680.666543,89,62,3767,286390,0,0,0,0,32.2490309931942,16.715686488998475,0.09943
2310858888,5588925,2H,78,50,01:18:50.292,4825.292505,88,44,3767,437490,0,0,0,0,19.72308292331602,44.81336945643444,0.1533
2310858898,5588925,2H,79,7,01:19:07.138,4842.138055,91,57,3767,437490,0,0,0,0,26.92582403567252,21.370622269343183,0.2392
2310858954,5588925,2H,81,59,01:21:59.812,5014.812833,97,59,3767,437490,0,0,0,0,26.248809496813376,13.324531261890792,0.3819
2310859006,5588925,2H,84,46,01:24:46.821,5181.821299,88,67,3767,286390,0,0,0,0,37.12142238654117,13.274986499487751,0.01047
2310859014,5588925,2H,84,59,01:24:59.520,5194.52051,96,58,3767,396475,0,0,0,0,25.632011235952593,15.708637829015744,0.3502
2310859027,5588925,2H,85,54,01:25:54.534,5249.534627,89,42,3767,286390,0,0,0,0,17.88854381999832,50.312038963925744,0.1095
2460154708,5589070,1H,0,38,00:00:38.081,39.081456,98,54,3157,516819,1,0,0,0,21.18962010041709,18.900757905687016,0.3803
2460154739,5589070,1H,6,37,00:06:37.217,398.217574,78,52,12,406051,0,0,0,0,32.449961479175904,26.56505117707799,0.01501
2460154709,5589070,1H,8,35,00:08:35.328,516.328018,82,60,3157,520698,0,0,0,0,34.713109915419565,20.22013478538733,0.04253
2460154895,5589070,1H,15,9,00:15:09.747,910.747468,76,53,3157,545296,0,0,0,0,34.66987164671943,24.96930795717714,0.04014
2460154934,5589070,1H,17,55,00:17:55.633,1076.633277,88,36,3157,471753,0,1,0,1,17.11724276862369,55.28537797494747,0.2236
2460155005,5589070,1H,22,27,00:22:27.665,1348.665682,78,40,3157,471753,0,0,0,0,27.65863337187866,35.39479584498706,0.04596
2460155004,5589070,1H,22,29,00:22:29.805,1350.80501,92,42,3157,344132,0,0,0,0,15.264337522473747,56.993348723586976,0.5858
2460155036,5589070,1H,24,1,00:24:01.634,1442.634013,83,56,3157,391530,0,0,0,0,31.11269837220809,24.05831124044193,0.02973
2460155076,5589070,1H,26,10,00:26:10.764,1571.764693,78,40,3157,344132,0,0,0,0,27.65863337187866,35.39479584498706,0.03905
2460155240,5589070,1H,33,33,00:33:33.088,2014.088493,91,54,12,809482,0,0,0,0,24.413111231467404,26.07344578829223,0.2665
2460155330,5589070,1H,39,25,00:39:25.502,2366.502948,93,66,3157,516819,0,0,0,0,34.17601498127012,11.238959150457239,0.09667
2460155348,5589070,1H,40,2,00:40:02.602,2403.602944,87,61,3157,471753,0,0,0,0,32.449961479175904,18.434948822922006,0.133
2460155396,5589070,1H,42,28,00:42:28.721,2549.721618,95,34,3157,399654,0,1,0,1,10.0,83.97442499163331,0.03512
2460155483,5589070,2H,47,7,00:47:07.416,2895.416035,86,69,3157,8277,0,0,0,0,39.824615503479755,12.802620580522317,0.05632
2460155635,5589070,2H,60,41,01:00:41.581,3709.581867,88,60,3157,471753,0,0,0,0,31.064449134018133,19.093492000485618,0.04196
2460156219,5589070,2H,61,10,01:01:10.297,3738.297571,85,29,3157,391530,0,0,0,0,20.615528128088304,46.30195267257888,0.05375
2460155731,5589070,2H,64,59,01:04:59.304,3967.304225,78,66,12,655297,0,0,0,0,41.86884283091664,16.2075552588413,0.01285
2460155798,5589070,2H,68,46,01:08:46.721,4194.721131,95,54,12,655297,1,0,0,0,22.360679774997898,23.248082968525054,0.3143
2460155860,5589070,2H,72,46,01:12:46.158,4434.15801,95,54,12,494334,1,0,0,0,22.360679774997898,23.248082968525054,0.1782
2460155916,5589070,2H,77,30,01:17:30.142,4718.142157,95,36,3157,521375,1,0,0,0,10.198039027185569,82.71833119246493,0.07595
2460156034,5589070,2H,87,36,01:27:36.538,5324.538559,41,65,12,580163,0,0,0,0,71.11258679024411,13.034975399596952,0.000864
2460156194,5589070,2H,93,35,01:33:35.968,5683.968524,96,65,3157,521375,0,0,0,0,32.28002478313795,9.568640165392539,0.1015
2361407877,5588972,1H,0,47,00:00:47.493,48.493172,86,39,8508,595198,0,0,0,0,19.6468827043885,48.27300985546386,0.107
2361407920,5588972,1H,1,1,00:01:01.345,62.345037,81,62,2975,406035,0,0,0,0,36.87817782917155,18.66311071167633,0.01276
2361408009,5588972,1H,6,28,00:06:28.088,389.088943,72,62,2975,422515,0,0,0,0,43.278170016764804,18.338976082675778,0.004664
2361408237,5588972,1H,17,24,00:17:24.675,1045.67552,81,34,2975,590472,0,0,0,0,24.0,41.112090439166934,0.07778
2361408330,5588972,1H,21,49,00:21:49.531,1310.531576,78,36,2975,422515,0,0,0,0,27.073972741361768,36.70080090262258,0.05562
2361408336,5588972,1H,22,54,00:22:54.090,1375.090662,97,57,2975,406035,1,0,0,0,24.351591323771842,15.708637829015744,0.2919
2361408358,5588972,1H,25,22,00:25:22.341,1523.341815,96,43,2975,15069,1,0,0,0,12.727922061357855,63.43494882292201,0.2574
2361408473,5588972,1H,30,13,00:30:13.941,1814.941992,92,35,2975,743950,0,0,0,0,13.038404810405298,69.1760942750764,0.2482
2361408520,5588972,1H,34,10,00:34:10.277,2051.277911,81,67,8508,448274,0,0,0,0,40.80441152620633,15.255118703057784,0.02027
2361408577,5588972,1H,37,44,00:37:44.867,2265.867448,81,52,8508,419853,0,0,0,1,30.0,27.81041544384634,0.1472
2361408679,5588972,1H,43,32,00:43:32.720,2613.720891,85,51,8508,659608,0,0,0,0,26.248809496813376,30.6299984848207,0.06201
2361408698,5588972,1H,44,11,00:44:11.708,2652.708075,89,64,8508,494218,0,0,0,0,34.0,14.997743223075787,0.1768
2361408725,5588972,1H,45,44,00:45:44.725,2745.725914,94,52,8508,448274,0,0,0,0,21.095023109728988,28.544247315417184,0.4834
2361408787,5588972,2H,49,5,00:49:05.006,3060.006788,88,59,8508,448274,0,0,0,0,30.23243291566195,20.17065341185039,0.2954
2361408853,5588972,2H,53,30,00:53:30.279,3325.279148,85,65,8508,555120,0,0,0,0,36.89173349139343,15.70863782901574,0.1119
2361408998,5588972,2H,56,1,00:56:01.522,3476.522772,90,47,2975,654356,0,0,0,0,19.849433241279208,40.78170584465348,0.1298
2361409058,5588972,2H,63,23,01:03:23.095,3918.095637,79,59,2975,590472,0,0,0,0,36.069377593742864,20.987141122342546,0.05552
2361409074,5588972,2H,65,4,01:05:04.335,4019.335158,83,58,8508,555120,0,0,0,0,32.55764119219941,22.023055496811253,0.105
2361409077,5588972,2H,65,51,01:05:51.915,4066.915761,93,48,8508,403243,0,0,0,0,18.439088914585774,39.827323475241776,0.2148
2361409095,5588972,2H,66,35,01:06:35.929,4110.929526,89,50,8508,494218,0,0,0,0,22.627416997969522,33.75137919815036,0.2559
2361409123,5588972,2H,69,2,01:09:02.010,4257.010822,77,47,8508,61965,0,0,0,0,30.870698080866262,30.027124233213083,0.0128
2361409184,5588972,2H,70,2,01:10:02.326,4317.326936,88,61,2975,406035,0,1,0,0,31.906112267087632,18.085700722830325,0.1486
2361409156,5588972,2H,71,46,01:11:46.462,4421.462445,96,57,8508,555120,0,0,0,0,24.698178070456937,17.02658844309185,0.5518
2361409389,5588972,2H,77,55,01:17:55.038,4790.038586,90,47,2975,772072,1,0,0,0,19.849433241279208,40.78170584465348,0.1338
2361409284,5588972,2H,80,16,01:20:16.029,4931.029421,80,67,8508,555120,0,0,0,0,41.400483088968905,15.406419793668507,0.03514
2361409368,5588972,2H,85,31,01:25:31.148,5246.14834,79,55,8508,731144,0,0,0,0,33.421549934136806,24.31047621114296,0.05704
2361409484,5588972,2H,91,48,01:31:48.234,5623.234058,88,31,8508,555120,0,0,0,0,17.26267650163207,54.65762779636891,0.06058
2361409517,5588972,2H,93,20,01:33:20.736,5715.736902,86,29,8508,555120,0,0,0,0,19.6468827043885,48.27300985546386,0.01361
2429841850,5589029,1H,0,31,00:00:31.000,32.000301,86,29,3776,426548,0,0,0,0,19.6468827043885,48.27300985546386,0.06294
2429842021,5589029,1H,6,59,00:06:59.022,420.022111,80,71,1612,120353,0,0,0,0,44.654227123532216,13.237181097585845,0.01599
2429842695,5589029,1H,33,37,00:33:37.608,2018.608865,78,64,1612,120353,0,0,0,0,40.36087214122113,17.42986281766783,0.06278
2429842786,5589029,1H,40,18,00:40:18.092,2419.09232,75,31,1612,476382,0,0,0,0,30.14962686336267,33.11134196037203,0.00349
2429842809,5589029,1H,44,0,00:44:00.320,2641.320625,90,63,1612,120353,0,1,0,0,32.64965543462902,15.328921727305584,0.2877
2429842960,5589029,2H,46,41,00:46:41.080,2961.08073,87,63,1612,120353,0,0,0,0,34.132096331752024,16.641036553869966,0.06477
2429843065,5589029,2H,52,33,00:52:33.899,3313.899481,90,53,1612,622200,1,0,0,0,24.20743687382041,28.131342364061048,0.1534
2429843161,5589029,2H,56,42,00:56:42.932,3562.932542,92,67,1612,631619,0,0,0,0,35.4682957019364,11.244387404297473,0.1289
2429843188,5589029,2H,57,41,00:57:41.707,3621.707595,92,63,1612,543978,0,0,0,1,31.78049716414141,14.137780186087358,0.1864
2429843214,5589029,2H,59,40,00:59:40.298,3740.298965,90,51,1612,481911,1,0,0,0,22.67156809750927,31.945873695297713,0.1246
2429842861,5589029,2H,61,35,01:01:35.438,3855.438137,88,46,3776,599991,0,0,0,0,20.808652046684813,41.001026156053186,0.06905
2429842864,5589029,2H,61,36,01:01:36.834,3856.834904,91,53,3776,502961,0,0,0,0,23.600847442411894,27.897271030947625,0.4786
2429843321,5589029,2H,67,1,01:07:01.823,4181.823274,76,60,1612,635038,0,0,0,0,38.948684188300895,19.97669903148685,0.03248
2429843419,5589029,2H,78,11,01:18:11.807,4851.807442,93,64,1612,120353,0,1,0,0,32.31098884280702,12.642152327889846,0.176
2429843456,5589029,2H,81,15,01:21:15.734,5035.734629,87,35,1612,447804,0,0,0,0,18.027756377319946,53.017093073655325,0.1589
2429843200,5589029,2H,84,7,01:24:07.040,5207.040801,87,43,3776,599991,0,0,0,0,20.12461179749811,45.0,0.03112
2429843528,5589029,2H,90,12,01:30:12.731,5572.731555,88,35,1612,447804,0,0,0,0,17.029386365926403,55.66666856493495,0.1109
2470590502,5589076,1H,3,27,00:03:27.847,208.847097,87,60,675,547260,0,0,0,0,31.622776601683793,19.420465484309247,0.201
2470590650,5589076,1H,12,4,00:12:04.246,725.246163,91,30,675,493295,0,0,0,0,14.560219778561036,62.53272766139187,0.05822
2470590597,5589076,1H,16,40,00:16:40.501,1001.501413,91,32,679,722567,0,0,0,0,14.142135623730951,64.72227776444704,0.06567
2470590892,5589076,1H,21,45,00:21:45.060,1306.060029,75,35,675,493295,0,0,0,0,30.01666203960727,33.36636600105956,0.03938
2470590835,5589076,1H,26,19,00:26:19.226,1580.22652,77,59,679,776656,0,0,0,0,37.53664875824692,20.78265885471395,0.008667
2470590978,5589076,1H,31,42,00:31:42.761,1903.761177,87,27,679,550459,0,0,0,0,19.313207915827967,47.97373108248011,0.04834
2470591172,5589076,1H,35,55,00:35:55.890,2156.890945,69,38,675,14748,0,0,0,0,36.22154055254967,27.762377072279513,0.0007912
2470591343,5589076,1H,44,53,00:44:53.807,2694.80728,93,69,675,364005,0,0,0,1,37.0,9.520021865774146,0.05942
2470591446,5589076,2H,46,35,00:46:35.379,2802.379771,75,59,675,353833,0,0,0,0,39.05124837953327,20.503847439144398,0.04817
2470591434,5589076,2H,52,59,00:52:59.042,3186.042578,95,70,679,213948,0,0,0,0,37.36308338453881,7.794329120511425,0.07971
2470591591,5589076,2H,54,23,00:54:23.599,3270.599324,90,34,675,404397,0,0,0,0,15.0,61.92751306414704,0.1301
2470591542,5589076,2H,59,49,00:59:49.197,3596.197158,95,71,679,3682,0,0,0,0,38.3275357934736,7.3890503301609085,0.03832
2470591559,5589076,2H,60,48,01:00:48.604,3655.604824,94,71,679,227894,0,0,0,0,38.600518131237564,7.9991212754188314,0.07348
2470591745,5589076,2H,64,53,01:04:53.015,3900.015482,81,38,675,276979,0,0,0,0,24.331050121192877,40.21121755638399,0.09683
2470591828,5589076,2H,68,27,01:08:27.867,4114.867847,78,69,675,547260,0,0,0,0,44.204072210600685,14.546132281472394,0.001399
2470591926,5589076,2H,72,16,01:12:16.937,4343.937045,74,39,675,14748,0,0,0,0,31.400636936215164,31.656928625829075,0.001346
2470591948,5589076,2H,73,40,01:13:40.873,4427.873126,94,56,675,787348,1,0,0,0,24.596747752497688,20.699703371145432,0.1452
2470592163,5589076,2H,90,34,01:30:34.292,5441.292205,88,58,675,8287,0,0,0,0,29.410882339705484,21.32100600005428,0.1265
2470592189,5589076,2H,92,54,01:32:54.808,5581.80851,90,31,675,493295,0,0,0,0,15.297058540778355,60.4612177404419,0.05157
2480104683,5590073,1H,5,30,00:05:30.095,331.095595,72,41,5070,642792,0,0,0,0,33.734255586866,29.334586053011666,0.006309
2480104701,5590073,1H,7,4,00:07:04.173,425.173153,88,34,5070,690389,0,0,0,0,17.0,55.79454206189526,0.09613
2480104709,5590073,1H,7,50,00:07:50.825,471.825958,79,59,5070,37711,0,0,0,0,36.069377593742864,20.987141122342546,0.0417
2480104774,5590073,1H,14,34,00:14:34.703,875.703863,96,38,5070,651832,1,0,0,0,9.848857801796104,84.35945056784318,0.1214
2480104805,5590073,1H,18,23,00:18:23.224,1104.224217,87,55,5070,406011,1,0,0,0,27.65863337187866,25.346175941946697,0.1061
2480104837,5590073,1H,23,31,00:23:31.457,1412.457412,74,38,5070,642792,0,0,0,0,31.25699921617557,31.913323388509344,0.03076
2480104919,5590073,1H,33,29,00:33:29.992,2010.992639,89,37,5070,406011,0,0,0,0,16.278820596099706,57.425942865427494,0.06683
2480104940,5590073,1H,37,19,00:37:19.525,2240.525404,88,61,5070,807414,0,0,0,0,31.906112267087632,18.085700722830325,0.1008
2480105168,5590073,2H,49,31,00:49:31.960,3164.960985,94,44,5070,690389,0,0,0,0,14.866068747318506,54.73698827040275,0.4655
2480105261,5590073,2H,56,51,00:56:51.924,3604.924041,71,53,5070,651832,0,0,0,0,38.948684188300895,23.082919514309044,0.03024
2480105271,5590073,2H,57,50,00:57:50.288,3663.288921,91,16,5070,400152,0,0,0,0,22.80350850198276,29.857198290073992,0.01074
2480105288,5590073,2H,58,15,00:58:15.686,3688.686305,80,39,5070,690389,0,0,0,0,25.495097567963924,38.339103257369295,0.01612
2480105917,5590073,2H,66,48,01:06:48.131,4201.131886,90,39,13527,481384,0,0,0,0,15.811388300841896,57.956483167255584,0.07833
2480105920,5590073,2H,67,36,01:07:36.471,4249.471063,93,48,13527,281673,1,0,0,0,18.439088914585774,39.827323475241776,0.1498
2480105945,5590073,2H,71,17,01:11:17.336,4470.336222,87,29,13527,7711,0,0,0,0,18.681541692269406,50.40379136024971,0.007282
2480105956,5590073,2H,73,0,01:13:00.392,4573.392273,75,56,13527,7711,0,0,0,0,37.20215047547655,22.51049813699018,0.08576
2480105681,5590073,2H,81,6,01:21:06.829,5059.829196,88,28,5070,595187,0,0,0,0,18.027756377319946,51.43164542644399,0.01342
2480105748,5590073,2H,89,21,01:29:21.395,5554.39577,81,39,5070,615483,0,0,0,0,24.515301344262525,39.71875937155488,0.05782
2346268916,5588965,1H,2,35,00:02:35.097,156.097436,87,34,1625,447205,0,0,0,0,18.0,53.13010235415598,0.1037
2346268959,5588965,1H,6,41,00:06:41.052,402.052215,82,48,1625,14808,0,0,0,0,26.92582403567252,32.7352262721076,0.01229
2346269152,5588965,1H,8,7,00:08:07.122,488.122477,86,67,11241,418949,0,0,0,0,38.07886552931954,14.026395448169028,0.07361
2346269019,5588965,1H,9,46,00:09:46.480,587.480796,91,49,1625,427097,1,0,0,0,20.518284528683193,36.54497232282255,0.1478
2346269274,5588965,1H,17,5,00:17:05.803,1026.803366,65,81,11241,443947,0,0,0,0,61.71709649683789,10.931122922411445,0.008587
2346269205,5588965,1H,18,6,00:18:06.038,1087.03825,90,56,1625,427097,0,0,0,0,26.627053911388696,23.264624805785594,0.293
2346269278,5588965,1H,21,11,00:21:11.188,1272.188819,93,40,1625,427097,1,0,0,0,13.416407864998739,65.37643521383639,0.1289
2346269336,5588965,1H,24,9,00:24:09.749,1450.749869,92,55,1625,297957,0,0,0,0,24.698178070456937,23.861917233893127,0.09543
2346269418,5588965,1H,25,37,00:25:37.331,1538.331226,92,71,11241,418949,0,1,0,0,39.21734310225516,9.124015498579798,0.1016
2346269455,5588965,1H,28,29,00:28:29.510,1710.510142,92,35,11241,262365,0,0,0,0,13.038404810405298,69.1760942750764,0.176
2346269511,5588965,1H,30,7,00:30:07.647,1808.647292,93,41,11241,418949,1,0,0,0,13.892443989449804,62.59242456218159,0.08231
2346269518,5588965,1H,35,25,00:35:25.552,2126.552029,82,66,1625,447205,0,0,0,0,39.408120990476064,15.708637829015744,0.03397
2346269562,5588965,1H,36,57,00:36:57.509,2218.509758,85,46,1625,661732,0,0,0,0,23.323807579381203,37.86641541734824,0.2342
2346269685,5588965,1H,42,33,00:42:33.420,2554.420532,76,64,1625,447205,0,0,0,0,41.72529209005013,17.45616304485491,0.01933
2346269758,5588965,2H,46,23,00:46:23.054,2879.054483,79,58,1625,14808,0,0,0,0,35.38361202590826,21.784535453703725,0.01645
2346270454,5588965,2H,46,53,00:46:53.596,2909.596617,98,52,1625,134102,0,0,0,0,19.313207915827967,23.34052857055809,0.4469
2346269851,5588965,2H,55,37,00:55:37.032,3433.032683,87,63,1625,447205,0,0,0,0,34.132096331752024,16.641036553869966,0.06968
2346269874,5588965,2H,56,31,00:56:31.478,3487.47829,94,50,1625,427097,1,0,0,0,19.4164878389476,33.77931321628475,0.2697
2346269899,5588965,2H,57,50,00:57:50.192,3566.192267,91,50,1625,427097,0,0,0,0,21.2602916254693,34.186122486375034,0.3358
2346270009,5588965,2H,64,9,01:04:09.435,3945.435451,94,57,1625,9380,1,0,0,0,25.495097567963924,19.18681877888252,0.2251
2346270024,5588965,2H,65,51,01:05:51.253,4047.253568,85,64,1625,661732,0,0,0,0,36.05551275463989,16.453137274920454,0.1297
2346270054,5588965,2H,67,35,01:07:35.807,4151.807035,87,50,1625,427097,0,0,0,0,24.08318915758459,32.99560723843002,0.1883
2346270445,5588965,2H,92,11,01:32:11.414,5627.414869,91,31,1625,528194,0,0,0,0,14.317821063276353,63.799885158652664,0.02727
2394228568,5589016,1H,0,58,00:00:58.420,59.420341,97,59,2447,447214,1,0,0,0,26.248809496813376,13.324531261890792,0.09606
2394228691,5589016,1H,5,30,00:05:30.621,331.621894,74,56,676,770398,0,0,0,0,38.01315561749642,22.249023657212366,0.001676
2394228788,5589016,1H,10,17,00:10:17.377,618.377654,81,61,676,770398,0,0,0,0,36.124783736376884,19.44003482817619,0.0717
2394228870,5589016,1H,13,19,00:13:19.514,800.514273,90,42,676,408307,0,0,0,0,17.0,52.39040920928771,0.1665
2394228895,5589016,1H,15,33,00:15:33.332,934.332521,75,57,676,14817,0,0,0,0,37.8021163428716,21.830716787894577,0.007557
2394228834,5589016,1H,16,50,00:16:50.600,1011.600325,90,55,2447,65596,0,0,0,0,25.80697580112788,24.77514056883192,0.2569
2394228968,5589016,1H,20,4,00:20:04.945,1205.945104,82,62,676,770398,0,0,0,0,36.235341863986875,18.574354337401832,0.09685
2394229068,5589016,1H,29,44,00:29:44.738,1785.738092,81,52,2447,520742,0,0,0,0,30.0,27.81041544384634,0.08547
2394229265,5589016,1H,32,54,00:32:54.772,1975.772046,91,69,676,770398,0,0,0,0,37.69615364994153,10.650631546076253,0.1382
2394229299,5589016,1H,35,22,00:35:22.110,2123.11035,87,65,676,410062,0,0,0,0,35.84689665786984,15.061661544546185,0.07274
2394229344,5589016,1H,45,16,00:45:16.277,2717.277981,86,40,2447,263490,0,0,0,0,19.924858845171276,47.26278980713946,0.1071
2394229577,5589016,2H,52,9,00:52:09.542,3184.542373,87,36,676,408307,0,0,0,0,18.110770276274835,52.68007112197176,0.05498
2394229676,5589016,2H,61,47,01:01:47.203,3762.203851,83,50,2447,263490,0,0,0,0,27.202941017470888,31.00209856037621,0.1118
2394229756,5589016,2H,68,42,01:08:42.819,4177.819335,85,49,676,360981,0,0,0,0,25.0,33.495184673741186,0.1465
2394229757,5589016,2H,68,44,01:08:44.928,4179.928966,93,68,676,14817,0,0,0,0,36.05551275463989,10.048194885038939,0.2623
2394229810,5589016,2H,74,31,01:14:31.258,4526.258081,88,44,676,776387,0,0,0,0,19.72308292331602,44.81336945643444,0.2152
2394229813,5589016,2H,74,32,01:14:32.797,4527.797655,94,45,676,397303,0,0,0,0,15.556349186104045,50.88435978826091,0.6766
2394229937,5589016,2H,76,9,01:16:09.453,4624.453923,96,55,2447,263490,1,0,0,0,22.847319317591726,20.170653411850406,0.4606
2394229962,5589016,2H,77,56,01:17:56.143,4731.143812,80,48,2447,263490,0,0,0,0,28.653097563788805,31.304123495590975,0.09322
2394230005,5589016,2H,81,20,01:21:20.541,4935.541458,90,64,2447,365446,0,0,0,0,33.54101966249684,14.500166766552566,0.1204
2394230006,5589016,2H,81,23,01:21:23.904,4938.904116,78,59,2447,15526,0,0,0,0,36.796738985948195,20.89562282624117,0.05044
2394229954,5589016,2H,84,42,01:24:42.273,5137.273782,87,64,676,397303,0,0,0,1,34.9857113690718,15.826154076172545,0.3261
2394230113,5589016,2H,88,53,01:28:53.556,5388.556282,77,44,2447,447214,0,0,0,0,29.732137494637012,32.114286056782205,0.01258
2394230127,5589016,2H,89,16,01:29:16.795,5411.795257,86,34,2447,622782,0,1,0,0,19.0,50.69235188389338,0.08181
2394230214,5589016,2H,95,1,01:35:01.045,5756.045294,94,53,2447,448070,1,0,0,0,21.95449840010015,26.278574666800914,0.2871
2359733299,5588959,1H,7,2,00:07:02.516,423.51603,95,67,3172,405598,1,0,0,0,34.48187929913333,9.227367194289329,0.04892
2359733419,5588959,1H,13,55,00:13:55.006,836.00693,82,48,3172,406682,0,0,0,0,26.92582403567252,32.7352262721076,0.1085
2359733477,5588959,1H,17,32,00:17:32.463,1053.463897,94,50,3172,135807,1,0,0,0,19.4164878389476,33.77931321628475,0.4371
2359733479,5588959,1H,17,35,00:17:35.235,1056.235979,96,40,3172,135807,1,0,0,0,10.816653826391969,77.47119229084849,0.4498
2359733551,5588959,1H,23,22,00:23:22.450,1403.450188,82,35,8508,595198,0,0,0,0,23.021728866442675,42.67757370176282,0.09654
2359733588,5588959,1H,23,56,00:23:56.072,1437.072562,87,45,3172,135807,0,0,0,0,21.095023109728988,41.67259575827343,0.1551
2359733641,5588959,1H,25,59,00:25:59.653,1560.653741,85,51,3172,22889,0,0,0,0,26.248809496813376,30.6299984848207,0.1287
2359733760,5588959,1H,32,10,00:32:10.581,1931.581582,86,45,3172,135807,0,0,0,0,21.95449840010015,40.459794756891306,0.05596
2359733855,5588959,1H,36,33,00:36:33.744,2194.744582,90,46,3172,135807,1,0,0,0,19.209372712298546,43.15238973400541,0.1212
2359733874,5588959,1H,37,37,00:37:37.901,2258.901587,78,31,3172,22889,0,0,0,0,27.16615541441225,36.49129668372969,0.01297
2359733923,5588959,1H,39,7,00:39:07.498,2348.49842,92,43,3172,50007,1,1,0,1,15.811388300841896,54.16234704572171,0.1432
2359733995,5588959,1H,44,12,00:44:12.622,2653.622771,91,45,3172,551694,1,0,0,0,17.804493814764857,46.877877447285364,0.1203
2359734130,5588959,2H,48,29,00:48:29.590,2976.590455,94,51,3172,135807,0,0,0,0,20.248456731316587,31.040526177306614,0.2429
2359734039,5588959,2H,49,12,00:49:12.325,3019.325684,75,34,8508,448274,0,0,0,0,30.0,33.39848846798724,0.04103
2359734202,5588959,2H,53,11,00:53:11.637,3258.637101,90,62,3172,551694,0,0,0,0,31.76476034853718,16.22226362983286,0.1875
2359734245,5588959,2H,55,4,00:55:04.067,3371.06771,93,51,3172,502363,1,0,0,0,20.808652046684813,31.534791905188296,0.138
2359734296,5588959,2H,57,16,00:57:16.843,3503.843994,79,37,3172,625,0,0,0,0,26.1725046566048,37.76975736074843,0.0318
2359734392,5588959,2H,61,31,01:01:31.287,3758.287232,88,42,3172,406682,0,0,0,0,18.788294228055936,48.3664606634298,0.2378
2359734477,5588959,2H,65,16,01:05:16.949,3983.949411,88,72,3172,522257,0,0,0,0,41.6293165929973,10.493960897512908,0.04603
2359734515,5588959,2H,66,32,01:06:32.716,4059.71626,91,61,3172,516161,0,0,0,0,30.4138126514911,16.624478143964964,0.1679
2359734619,5588959,2H,72,32,01:12:32.052,4419.052129,81,21,3172,22889,0,0,0,0,27.294688127912362,33.04812486997523,0.01868
2359734521,5588959,2H,76,38,01:16:38.237,4665.237654,84,57,8508,494218,0,1,0,1,31.144823004794873,23.035044489185296,0.1854
2359734842,5588959,2H,92,30,01:32:30.167,5617.167437,77,35,3172,590721,0,0,0,0,28.0178514522438,35.599219958976164,0.00829
2359734850,5588959,2H,92,48,01:32:48.744,5635.744712,89,54,3172,502363,1,0,0,0,25.612496949731394,26.604895245420895,0.09766
2412671146,5588990,1H,3,19,00:03:19.603,200.603556,81,50,2444,134387,0,0,0,0,28.844410203711913,29.908934619595467,0.05289
2412671190,5588990,1H,6,28,00:06:28.892,389.892386,92,61,2444,569593,0,0,0,0,29.966648127543394,15.982438584957237,0.1437
2412671522,5588990,1H,7,10,00:07:10.743,431.743695,87,69,3767,286390,0,0,0,0,39.35733730830886,12.446129874021604,0.05335
2412671256,5588990,1H,11,33,00:11:33.412,694.412231,89,66,2444,245364,0,0,0,0,35.77708763999664,13.506576881495237,0.1297
2412671750,5588990,1H,19,41,00:19:41.476,1182.476884,75,51,3767,286390,0,0,0,0,34.48187929913333,25.982966041887572,0.04397
2412671497,5588990,1H,27,25,00:27:25.155,1646.155087,91,38,2444,231139,0,0,0,0,14.560219778561036,62.53272766139187,0.2079
2412671882,5588990,1H,28,43,00:28:43.043,1724.043247,87,62,3767,657860,0,0,0,0,33.28663395418648,17.509546811150354,0.1656
2412671976,5588990,1H,31,37,00:31:37.824,1898.824396,91,64,3767,286390,0,0,0,0,33.1058907144937,13.943230920553669,0.1775
2412671983,5588990,1H,31,40,00:31:40.690,1901.690634,73,51,3767,752489,0,0,0,0,36.235341863986875,25.057615418303023,0.0655
2412671650,5588990,1H,37,32,00:37:32.827,2253.827421,97,50,2444,441077,1,0,0,0,17.88854381999832,31.06940320923342,0.3432
2412671670,5588990,1H,40,13,00:40:13.849,2414.84919,89,37,2444,231139,0,1,0,0,16.278820596099706,57.425942865427494,0.07482
2412672307,5588990,1H,45,27,00:45:27.526,2728.526992,76,62,3767,752489,0,0,0,0,40.311288741492746,18.67951605104533,0.01079
2412671721,5588990,1H,46,26,00:46:26.195,2787.195123,76,44,2444,245364,0,0,0,0,30.675723300355934,31.256777057097374,0.04376
2412671724,5588990,1H,46,28,00:46:28.513,2789.513798,79,57,2444,224593,0,0,0,0,34.713109915419565,22.60538534776412,0.1264
2412671729,5588990,1H,47,15,00:47:15.582,2836.582479,80,54,2444,245364,0,0,0,0,32.01562118716424,25.486900306192084,0.1045
2412671743,5588990,1H,48,3,00:48:03.465,2884.465569,88,62,2444,245364,0,0,0,0,32.7566787083184,17.14330670979871,0.0611
2412672528,5588990,2H,50,35,00:50:35.344,3236.344887,84,70,3767,286390,0,0,0,0,41.677331968349414,12.858090172998187,0.01168
2412672596,5588990,2H,55,50,00:55:50.826,3551.826825,87,58,3767,286390,0,0,0,0,30.0,21.583969241769598,0.09016
2412672058,5588990,2H,61,49,01:01:49.743,3910.743343,86,31,2444,569593,0,0,0,0,19.235384061671343,49.8012126883005,0.02286
2412672105,5588990,2H,65,57,01:05:57.784,4158.784999,86,39,2444,231139,0,0,0,0,19.6468827043885,48.27300985546386,0.126
2412672149,5588990,2H,68,39,01:08:39.083,4320.083433,80,43,2444,8717,0,0,0,0,26.570660511172846,35.75388725443675,0.02632
2412672189,5588990,2H,72,8,01:12:08.748,4529.748056,90,57,2444,557016,0,0,0,1,27.459060435491963,21.86009912473741,0.3029
2412672909,5588990,2H,73,12,01:13:12.376,4593.376628,87,53,2444,569593,0,0,0,0,26.1725046566048,28.21016962881526,0.1011
2412672745,5588990,2H,78,4,01:18:04.546,4885.546777,70,59,3767,346195,0,0,0,0,43.01162633521314,19.602513193140677,0.001174
2412672360,5588990,2H,81,56,01:21:56.855,5117.855453,87,54,2444,14732,0,0,0,0,26.90724809414742,26.742987808488376,0.08643
2412672796,5588990,2H,84,21,01:24:21.154,5262.15453,86,58,3767,752489,0,0,0,0,30.610455730027933,21.778324967249148,0.1065
2412672446,5588990,2H,88,1,01:28:01.648,5482.648718,96,38,2444,134397,0,0,0,0,9.848857801796104,84.35945056784318,0.2242
2449951290,5589058,1H,16,19,00:16:19.139,980.139894,90,55,3767,752489,0,0,0,0,25.80697580112788,24.77514056883192,0.1501
2449951293,5589058,1H,16,22,00:16:22.470,983.470451,88,42,3767,286390,0,0,0,0,18.788294228055936,48.3664606634298,0.2963
2449951412,5589058,1H,25,16,00:25:16.927,1517.927683,73,30,3767,346195,0,0,0,0,32.2490309931942,30.99010749427192,0.00592
2449951441,5589058,1H,28,3,00:28:03.549,1684.549248,94,38,3767,286390,0,1,0,1,11.704699910719626,74.20759647114272,0.05537
2449951461,5589058,1H,29,11,00:29:11.657,1752.657177,86,29,3767,631400,0,0,0,0,19.6468827043885,48.27300985546386,0.04275
2449950856,5589058,1H,34,51,00:34:51.136,2092.136587,96,49,3803,673805,1,0,0,0,17.4928556845359,35.75388725443675,0.273
2449951590,5589058,1H,37,39,00:37:39.960,2260.96052,93,50,3767,631400,0,0,0,0,20.0,34.10255701216545,0.4319
2449950936,5589058,1H,42,46,00:42:46.151,2567.151917,89,46,3803,673805,0,0,0,0,20.0,42.07639644586144,0.06733
2449951663,5589058,1H,44,55,00:44:55.356,2696.356276,86,63,3767,286390,0,0,0,0,34.66987164671943,16.966148108536178,0.1389
2449951083,5589058,2H,47,12,00:47:12.068,3017.068978,90,43,3803,673805,0,0,0,0,17.4928556845359,50.19442890773481,0.167
2449951085,5589058,2H,47,13,00:47:13.435,3018.435645,92,36,3803,673805,0,0,0,0,13.152946437965905,68.5371140752802,0.1012
2449951103,5589058,2H,48,23,00:48:23.721,3088.721087,79,37,3803,277629,0,0,0,0,26.1725046566048,37.76975736074843,0.02943
2449951211,5589058,2H,56,36,00:56:36.449,3581.449393,72,35,3803,426794,0,0,0,0,33.015148038438355,30.485393627629822,0.01592
2449951791,5589058,2H,57,50,00:57:50.872,3655.872856,91,63,3767,286390,0,0,0,0,32.202484376209235,14.767160767390578,0.106
2449951850,5589058,2H,61,5,01:01:05.408,3850.408346,91,36,3767,631400,0,1,0,0,14.142135623730951,64.72227776444704,0.314
2449951882,5589058,2H,62,18,01:02:18.717,3923.717451,82,47,3767,286390,0,0,0,0,26.419689627245813,33.86116303685892,0.02289
2449951958,5589058,2H,65,11,01:05:11.812,4096.812203,92,62,3767,286390,0,0,0,0,30.870698080866262,15.021350548150147,0.2003
2449951356,5589058,2H,67,7,01:07:07.333,4212.333082,74,49,3803,426712,0,0,0,0,34.438350715445125,26.79274274387633,0.05188
2449951381,5589058,2H,70,30,01:10:30.062,4415.062046,90,58,3803,601271,0,0,0,0,28.30194339616981,20.556045219583464,0.08658
2449952049,5589058,2H,74,46,01:14:46.019,4671.019234,93,73,3767,286390,0,0,0,0,40.80441152620633,7.765166018425343,0.05074
2449952052,5589058,2H,75,16,01:15:16.998,4701.998819,74,39,3767,472577,0,0,0,0,31.400636936215164,31.656928625829075,0.001311
2449952240,5589058,2H,88,39,01:28:39.018,5504.018452,74,50,3767,472577,0,0,0,0,34.88552708502482,26.160140748292225,0.05025
2449951831,5589058,2H,89,15,01:29:15.114,5540.114602,77,21,3803,781871,0,0,0,0,30.870698080866262,30.027124233213083,0.003957
2449951868,5589058,2H,90,21,01:30:21.188,5606.188963,87,33,3803,229373,0,0,0,0,18.027756377319946,53.017093073655325,0.06286
2449951877,5589058,2H,90,26,01:30:26.283,5611.2831,84,61,3803,328556,0,0,0,0,34.20526275297414,19.142268191466272,0.0308
2449951891,5589058,2H,91,24,01:31:24.295,5669.295111,88,33,3803,26109,0,0,0,0,17.029386365926403,55.66666856493495,0.09746
2449952296,5589058,2H,94,50,01:34:50.705,5875.705262,80,63,3767,518746,0,0,0,0,38.28837943815329,17.999484399432912,0.08365
2517616881,5590085,1H,0,10,00:00:10.356,11.35698,88,52,13527,330272,1,0,0,0,24.758836806279895,29.906995034339122,0.1362
2517617227,5590085,1H,1,19,00:01:19.069,80.069762,80,65,684,529349,0,0,0,0,39.824615503479755,16.646839572222838,0.07693
2517616929,5590085,1H,6,35,00:06:35.569,396.569168,75,41,13527,281673,0,0,0,0,30.805843601498726,31.886561770143313,0.002829
2517617401,5590085,1H,8,46,00:08:46.737,527.737899,78,47,684,399676,0,0,0,0,29.966648127543394,30.746688948963556,0.01125
2517617434,5590085,1H,11,0,00:11:00.488,661.488024,84,43,684,529349,0,1,0,0,22.847319317591726,40.60129464500447,0.04269
2517618613,5590085,1H,19,22,00:19:22.660,1163.660794,94,54,684,14922,1,0,0,0,22.825424421026653,24.22774531795417,0.1709
2517617639,5590085,1H,26,35,00:26:35.174,1596.174231,86,67,684,529349,0,0,0,0,38.07886552931954,14.026395448169028,0.07099
2517617111,5590085,1H,27,25,00:27:25.653,1646.653554,90,69,13527,481384,0,1,0,0,38.07886552931954,11.156929350609259,0.1125
2517617144,5590085,1H,30,50,00:30:50.321,1851.321243,92,66,13527,7711,0,0,0,0,34.539832078341085,11.883464441064152,0.01074
2517617158,5590085,1H,32,48,00:32:48.453,1969.453609,76,68,13527,481384,0,0,0,0,44.68780594300866,15.23993565080834,0.002948
2517617750,5590085,1H,34,49,00:34:49.738,2090.738559,80,32,684,301016,0,0,0,0,25.079872407968907,39.39174095007549,0.01447
2517618090,5590085,2H,54,21,00:54:21.400,3471.400057,76,62,684,529349,0,0,0,0,40.311288741492746,18.67951605104533,0.003488
2517618152,5590085,2H,55,42,00:55:42.871,3552.871255,82,59,684,356237,0,0,0,0,33.97057550292606,21.098315562912465,0.02417
2517617908,5590085,2H,63,7,01:03:07.672,3997.672424,87,45,13527,481384,0,0,0,0,21.095023109728988,41.67259575827343,0.1748
2517618302,5590085,2H,63,29,01:03:29.778,4019.778131,86,56,684,1016232,0,0,0,0,29.068883707497267,24.115388556950947,0.09554
2517618457,5590085,2H,75,34,01:15:34.031,4744.031003,79,63,684,25472,0,0,0,0,38.948684188300895,18.051063247327644,0.0501
2517618481,5590085,2H,77,46,01:17:46.598,4876.598567,90,55,684,25472,0,0,0,0,25.80697580112788,24.77514056883192,0.3287
2517618154,5590085,2H,80,8,01:20:08.456,5018.456027,88,44,13527,481384,0,0,0,0,19.72308292331602,44.81336945643444,0.2987
2517618510,5590085,2H,84,7,01:24:07.813,5257.813257,91,56,684,25472,0,0,0,0,26.076809620810597,22.81654713072474,0.3347
2315220033,5588919,1H,1,58,00:01:58.365,119.365238,98,67,2445,551693,0,0,0,0,33.734255586866,6.797882500286347,0.0785
2315220105,5588919,1H,3,47,00:03:47.680,228.680172,80,50,2445,532559,0,0,0,0,29.68164415931166,29.357753542791276,0.00377
2315219926,5588919,1H,6,33,00:06:33.542,394.542522,85,51,675,480145,0,0,0,0,26.248809496813376,30.6299984848207,0.06365
2315220194,5588919,1H,7,47,00:07:47.695,468.695087,92,34,2445,584765,0,0,0,0,13.0,69.39030706246794,0.1392
2315220260,5588919,1H,10,50,00:10:50.922,651.922356,82,67,2445,551693,0,0,0,0,40.22437072223753,15.075172221467618,0.04872
2315220006,5588919,1H,12,15,00:12:15.607,736.60727,84,32,675,353833,0,0,0,0,21.095023109728988,46.08092418666069,0.03456
2315220322,5588919,1H,13,36,00:13:36.884,817.884174,81,76,2445,584765,0,0,0,0,48.373546489791295,10.826249739628535,0.01267
2315220363,5588919,1H,15,39,00:15:39.947,940.947442,90,63,2445,532559,0,0,0,0,32.64965543462902,15.328921727305584,0.1865
2315220190,5588919,1H,22,21,00:22:21.706,1342.706629,89,39,675,353833,0,0,0,0,16.76305461424021,55.22216863363612,0.1576
2315220245,5588919,1H,24,37,00:24:37.983,1478.983128,87,35,675,353833,0,0,0,0,18.027756377319946,53.017093073655325,0.155
2315220680,5588919,1H,27,47,00:27:47.288,1668.288618,86,69,2445,373581,0,0,0,0,39.824615503479755,12.802620580522317,0.1075
2315220700,5588919,1H,28,32,00:28:32.164,1713.164261,90,51,2445,260402,1,0,0,0,22.67156809750927,31.945873695297713,0.0767
2315220374,5588919,1H,30,6,00:30:06.885,1807.885804,91,64,675,547260,0,0,0,0,33.1058907144937,13.943230920553669,0.1991
2315220377,5588919,1H,30,34,00:30:34.551,1835.551653,89,41,675,480145,1,0,0,0,17.46424919657298,52.1250163489018,0.05179
2315220393,5588919,1H,31,41,00:31:41.112,1902.112789,86,42,675,353833,0,0,0,0,20.615528128088304,44.83295738431911,0.05476
2315221022,5588919,1H,47,30,00:47:30.699,2851.699303,88,60,2445,373581,1,0,0,0,31.064449134018133,19.093492000485618,0.01498
2315220593,5588919,1H,48,17,00:48:17.898,2898.898507,76,38,675,480145,0,0,0,0,29.274562336608895,33.92794899222894,0.004228
2315220599,5588919,1H,48,52,00:48:52.505,2933.50549,74,53,675,364005,0,0,0,0,36.359317925395686,24.210465577990906,0.008025
2315220610,5588919,2H,45,23,00:45:23.780,3009.780687,96,49,675,353833,0,0,0,0,17.4928556845359,35.75388725443675,0.6622
2315220619,5588919,2H,47,19,00:47:19.750,3125.750371,90,29,675,353833,0,0,0,0,15.811388300841896,57.956483167255584,0.1143
2315220669,5588919,2H,50,24,00:50:24.031,3310.031832,93,61,675,547260,0,0,0,0,29.546573405388315,15.255118703057777,0.3698
2315220671,5588919,2H,50,25,00:50:25.031,3311.031996,93,59,675,547260,0,0,0,0,27.730849247724095,17.42986281766783,0.4311
2315220796,5588919,2H,58,8,00:58:08.493,3774.493314,83,43,675,493295,0,0,0,0,23.769728648009426,39.28940686250036,0.1212
2315221259,5588919,2H,59,4,00:59:04.283,3830.283078,84,62,2445,551693,0,0,0,0,35.0,18.284566544850414,0.08608
2315221313,5588919,2H,63,51,01:03:51.764,4117.764562,78,36,2445,551693,0,0,0,0,27.073972741361768,36.70080090262258,0.02308
2315221336,5588919,2H,66,24,01:06:24.248,4270.248453,86,38,2445,551693,0,0,0,0,19.4164878389476,49.1239075603156,0.1153
2315221339,5588919,2H,67,4,01:07:04.444,4310.444457,95,54,2445,373581,1,0,0,0,22.360679774997898,23.248082968525054,0.4335
2315221395,5588919,2H,73,7,01:13:07.806,4673.806253,93,68,2445,584765,0,0,0,0,36.05551275463989,10.048194885038939,0.04393
2315221440,5588919,2H,80,24,01:20:24.513,5110.513371,81,71,2445,542209,0,0,0,0,44.10215414239989,13.048483068286671,0.0005578
2315221441,5588919,2H,80,27,01:20:27.090,5113.090591,89,76,2445,260402,0,0,0,0,44.94441010848846,8.44838600189168,0.03441
2315221069,5588919,2H,82,27,01:22:27.788,5233.7883,96,47,675,14748,1,0,0,0,15.811388300841896,43.78848736820945,0.3534
2315221498,5588919,2H,88,4,01:28:04.907,5570.907023,91,48,2445,574907,1,0,0,0,19.79898987322333,39.01748307414253,0.1428
2315221190,5588919,2H,93,47,01:33:47.302,5913.302957,89,58,675,493295,0,0,0,1,28.844410203711913,20.98125347190007,0.4662
2315221195,5588919,2H,93,57,01:33:57.482,5923.482755,89,42,675,353833,0,0,0,0,17.88854381999832,50.312038963925744,0.2769
2315221214,5588919,2H,94,57,01:34:57.533,5983.533876,75,61,675,764899,0,0,0,0,40.36087214122113,19.230672375661285,0.08804
2432786209,5589038,1H,1,49,00:01:49.435,110.43587,88,37,1609,379209,0,0,0,0,17.26267650163207,54.65762779636891,0.0759
2432786314,5589038,1H,7,53,00:07:53.231,474.231055,89,62,1609,379209,0,0,0,1,32.2490309931942,16.715686488998475,0.03272
2432786348,5589038,1H,9,21,00:09:21.179,562.179063,92,44,1609,425925,0,0,0,0,16.401219466856727,51.22094992115961,0.3056
2432786447,5589038,1H,14,1,00:14:01.393,842.393936,92,44,1609,415917,1,0,0,0,16.401219466856727,51.22094992115961,0.07546
2432786509,5589038,1H,21,1,00:21:01.191,1262.191933,74,51,9417,69398,0,0,0,0,35.35533905932738,25.516592144898304,0.006874
2432786659,5589038,1H,24,34,00:24:34.289,1475.289925,91,54,1609,425925,1,0,0,0,24.413111231467404,26.07344578829223,0.1151
2432786683,5589038,1H,26,10,00:26:10.271,1571.271826,94,59,1609,415917,1,0,0,0,27.313000567495326,16.580603225661168,0.129
2432786710,5589038,1H,27,19,00:27:19.317,1640.317185,88,31,1609,241564,0,0,0,0,17.26267650163207,54.65762779636891,0.03701
2432786682,5589038,1H,32,25,00:32:25.285,1946.28586,85,66,9417,729709,0,0,0,0,37.73592452822641,15.005741057058774,0.03014
2432786964,5589038,1H,41,42,00:41:42.355,2503.355807,78,43,1609,555939,0,0,0,0,28.460498941515414,33.690067525979785,0.06098
2432787333,5589038,2H,65,53,01:05:53.191,4088.191351,93,50,1609,425925,1,0,0,0,20.0,34.10255701216545,0.131
2432787445,5589038,2H,75,36,01:15:36.394,4671.394738,93,43,1609,379209,1,0,0,0,15.0,56.309932474020215,0.214
2432787469,5589038,2H,77,46,01:17:46.105,4801.105548,77,44,9417,547565,0,0,0,0,29.732137494637012,32.114286056782205,0.05109
2432787494,5589038,2H,80,28,01:20:28.927,4963.92708,86,27,1609,134717,0,0,0,0,20.248456731316587,46.109913503706764,0.003822
2432787724,5589038,2H,84,21,01:24:21.864,5196.864237,80,38,1609,302292,0,0,0,0,25.317977802344327,38.784364100297346,0.01791
2432787681,5589038,2H,89,23,01:29:23.312,5498.31279,78,34,9417,454149,0,0,0,0,27.0,36.86989764584402,0.008956
2432787669,5589038,2H,91,0,01:31:00.300,5595.300646,95,51,1609,302292,0,0,0,0,19.72308292331602,30.302680720488098,0.5325
2393603260,5589008,1H,11,47,00:11:47.167,708.167638,76,39,11,522407,0,0,0,0,29.427877939124322,33.62264092631693,0.03908
2393603415,5589008,1H,19,30,00:19:30.710,1171.710011,91,56,11,296888,0,0,0,0,26.076809620810597,22.81654713072474,0.1853
2393603680,5589008,1H,20,20,00:20:20.610,1221.61027,77,59,3803,426712,0,0,0,0,37.53664875824692,20.78265885471395,0.009638
2393603467,5589008,1H,23,17,00:23:17.318,1398.31868,85,59,11,595191,0,0,0,0,32.01562118716424,20.874646826450036,0.09502
2393603775,5589008,1H,25,35,00:25:35.859,1536.859295,83,31,3803,328556,0,0,0,0,22.20360331117452,43.86557836902299,0.02053
2393603559,5589008,1H,30,10,00:30:10.722,1811.722524,87,31,11,267,0,0,0,1,18.24828759089466,52.1250163489018,0.115
2393603561,5589008,1H,30,12,00:30:12.459,1813.459738,94,31,11,267,0,0,0,1,11.40175425099138,76.10001258796439,0.2874
2393603682,5589008,1H,36,14,00:36:14.591,2175.591364,72,50,11,631024,0,0,0,0,36.6742416417845,25.170554253818423,0.03902
2393603752,5589008,1H,38,49,00:38:49.297,2330.297253,92,46,11,267,1,0,0,0,17.69180601295413,45.24590312327071,0.1705
2393603795,5589008,1H,40,4,00:40:04.931,2405.931978,81,46,11,475601,0,0,0,0,26.832815729997478,34.060908816807846,0.08716
2393603801,5589008,1H,40,13,00:40:13.737,2414.737212,89,65,11,595191,0,0,0,0,34.88552708502482,14.225963898751795,0.1431
2393604891,5589008,1H,42,44,00:42:44.268,2565.268435,98,54,3803,426654,0,0,0,0,21.18962010041709,18.900757905687016,0.6126
2393604116,5589008,2H,45,45,00:45:45.350,2913.350269,86,37,3803,328556,0,0,0,1,19.235384061671343,49.8012126883005,0.1685
2393604008,5589008,2H,49,34,00:49:34.345,3142.345237,81,33,11,475601,0,1,0,1,24.020824298928627,41.05481377096244,0.1178
2393604221,5589008,2H,49,53,00:49:53.340,3161.340602,86,36,3803,328556,0,0,0,1,19.1049731745428,50.29344225303053,0.287
2393604230,5589008,2H,50,0,00:50:00.179,3168.179581,86,40,3803,759497,0,0,0,0,19.924858845171276,47.26278980713946,0.06154
2393604034,5589008,2H,51,16,00:51:16.424,3244.424871,87,62,11,595191,0,0,0,0,33.28663395418648,17.509546811150354,0.1441
2393604125,5589008,2H,56,19,00:56:19.245,3547.245132,82,58,11,631024,0,0,0,0,33.24154027718932,22.01332969502579,0.04922
2393604225,5589008,2H,61,26,01:01:26.295,3854.295742,91,50,11,267,0,0,0,0,21.2602916254693,34.186122486375034,0.4041
2393604301,5589008,2H,66,3,01:06:03.788,4131.788979,79,49,11,470779,0,0,0,0,30.01666203960727,29.71477316544497,0.01517
2393604504,5589008,2H,67,53,01:07:53.514,4241.514814,78,43,3803,759497,0,0,0,0,28.460498941515414,33.690067525979785,0.04922
2393604570,5589008,2H,70,14,01:10:14.397,4382.397025,94,27,3803,366745,0,0,0,0,13.038404810405298,65.79632348109763,0.129
2393604670,5589008,2H,76,5,01:16:05.287,4733.287327,95,49,3803,366745,0,0,0,0,18.027756377319946,36.416378519886045,0.5379
2393604471,5589008,2H,76,29,01:16:29.449,4757.449914,90,67,11,550283,0,0,0,0,36.24913792078372,12.35155915003019,0.1435
2393604728,5589008,2H,78,43,01:18:43.090,4891.090783,80,63,3803,296501,0,0,0,0,38.28837943815329,17.999484399432912,0.1559
2393604533,5589008,2H,80,18,01:20:18.978,4986.978796,78,36,11,475601,0,0,0,0,27.073972741361768,36.70080090262258,0.05158
2393604600,5589008,2H,83,54,01:23:54.875,5202.875838,90,55,11,631024,0,0,0,0,25.80697580112788,24.77514056883192,0.3134
2393604844,5589008,2H,90,20,01:30:20.872,5588.872302,81,62,3803,366745,0,0,0,0,36.87817782917155,18.66311071167633,0.03214
2517669160,5589344,1H,7,3,00:07:03.974,424.974107,90,50,678,545942,0,0,0,0,21.93171219946131,34.01934998982646,0.03303
2517669255,5589344,1H,11,11,00:11:11.149,672.149061,93,38,678,654823,0,0,0,0,12.649110640673518,69.91047499067896,0.1231
2517669258,5589344,1H,11,12,00:11:12.622,673.622513,88,39,678,545942,0,0,0,0,17.72004514666935,52.71297976353103,0.233
2517669275,5589344,1H,11,17,00:11:17.888,678.888402,77,53,678,938660,0,0,0,0,33.83784863137726,25.34617594194669,0.05654
2517669325,5589344,1H,12,54,00:12:54.366,775.366953,75,43,678,938660,0,0,0,0,31.32091952673165,30.96375653207352,0.001207
2517669362,5589344,1H,15,27,00:15:27.873,928.87306,71,61,678,339791,0,0,0,0,43.41658669218482,18.73930601066909,0.02068
2517669472,5589344,1H,23,6,00:23:06.879,1387.879961,70,49,678,3418,0,0,0,0,38.07886552931954,24.71141075740201,0.002834
2517669534,5589344,1H,25,47,00:25:47.583,1548.583687,91,52,678,712692,0,0,0,0,22.80350850198276,29.857198290073992,0.2987
2517669230,5589344,1H,28,4,00:28:04.728,1685.728992,54,56,8509,234357,0,0,0,0,55.54277630799526,16.99276154673461,0.001187
2517669624,5589344,1H,28,46,00:28:46.974,1727.9746,74,33,678,3418,0,0,0,0,31.016124838541646,32.348990695907226,0.006766
2517669761,5589344,1H,34,58,00:34:58.116,2099.116585,89,39,678,545942,0,0,0,0,16.76305461424021,55.22216863363612,0.04435
2517669767,5589344,1H,35,1,00:35:01.319,2102.31954,86,32,678,339791,0,0,0,0,19.1049731745428,50.29344225303053,0.1164
2517670044,5589344,1H,45,50,00:45:50.168,2751.16896,90,53,678,545942,0,0,0,0,24.20743687382041,28.131342364061048,0.3647
2517670114,5589344,2H,48,5,00:48:05.855,3178.855975,95,40,678,230857,1,0,0,0,11.661903789690601,73.00917670801384,0.2053
2517670257,5589344,2H,54,43,00:54:43.969,3576.969366,92,57,678,525104,1,0,0,0,26.419689627245813,20.769455259586874,0.04074
2517669696,5589344,2H,57,43,00:57:43.263,3756.263633,93,50,8509,513804,0,0,1,0,20.0,34.10255701216545,0.3678
2517669853,5589344,2H,68,8,01:08:08.319,4381.319611,75,76,8509,234357,0,1,0,0,51.61395160225576,11.808144086633856,0.009321
2517669978,5589344,2H,72,25,01:12:25.609,4638.609349,79,24,8509,728969,0,0,0,0,27.85677655436824,33.95558727804252,0.01049
2517670439,5589344,2H,76,5,01:16:05.830,4858.830023,75,67,678,525104,0,0,0,0,44.598206241955516,15.80251395393553,0.002098
2517670447,5589344,2H,77,37,01:17:37.563,4950.563508,79,41,678,339791,0,0,0,0,26.92582403567252,36.006207601244434,0.04376
2517670451,5589344,2H,78,14,01:18:14.089,4987.089148,92,50,678,230857,1,0,0,0,20.615528128088304,34.22481260771649,0.1056
2517670453,5589344,2H,78,18,01:18:18.178,4991.17813,98,59,678,545942,1,0,0,0,25.96150997149434,11.995743731716377,0.2087
2517670464,5589344,2H,79,39,01:19:39.492,5072.492524,95,39,678,654823,1,0,0,0,11.180339887498949,76.26373169437744,0.2073
2517670223,5589344,2H,93,30,01:33:30.862,5903.862974,87,68,8509,728969,0,1,0,1,38.47076812334269,13.039474901269514,0.1543
2449121768,5589313,1H,9,49,00:09:49.126,590.126062,91,43,4487,898405,1,0,0,0,16.64331697709324,52.1250163489018,0.1332
2449121772,5589313,1H,10,16,00:10:16.523,617.523054,96,52,4487,383,1,0,0,0,20.12461179749811,26.565051177077994,0.4647
2449121978,5589313,1H,19,59,00:19:59.826,1200.826032,78,37,5068,500286,0,0,0,0,27.16615541441225,36.49129668372969,0.006183
2449122035,5589313,1H,23,7,00:23:07.208,1388.208082,95,44,5068,363982,1,0,0,0,14.142135623730951,56.53086626144033,0.1464
2449122057,5589313,1H,24,3,00:24:03.735,1444.735486,86,44,5068,481468,0,0,0,0,21.470910553583888,41.98721249581666,0.08044
2449122164,5589313,1H,27,26,00:27:26.786,1647.786707,92,44,5068,363982,1,0,0,0,16.401219466856727,51.22094992115961,0.1611
2449122103,5589313,1H,33,31,00:33:31.944,2012.944503,92,57,4487,365721,0,0,0,0,26.419689627245813,20.769455259586874,0.3165
2449122312,5589313,1H,35,20,00:35:20.781,2121.781195,76,66,5068,652236,0,0,0,0,43.18564576337837,16.309523206579616,0.03636
2449122337,5589313,1H,39,11,00:39:11.333,2352.333923,72,56,5068,500286,0,0,0,0,39.66106403010388,21.708655067706026,0.03622
2449122198,5589313,1H,41,58,00:41:58.895,2519.895475,80,50,4487,8327,0,0,0,0,29.68164415931166,29.357753542791276,0.08182
2449122200,5589313,1H,42,0,00:42:00.559,2521.559197,85,50,4487,8327,0,0,0,0,25.612496949731394,32.050145526721174,0.1349
2449122472,5589313,1H,47,14,00:47:14.145,2835.145508,77,51,5068,481468,0,0,0,0,32.7566787083184,26.933507702415696,0.0168
2449122477,5589313,1H,47,17,00:47:17.220,2838.220507,86,62,5068,546052,0,0,0,0,33.83784863137726,17.818888914522777,0.1294
2449122485,5589313,1H,47,29,00:47:29.038,2850.038013,94,57,5068,546052,1,0,0,0,25.495097567963924,19.18681877888252,0.2263
2449122416,5589313,2H,50,3,00:50:03.526,3210.52653,94,54,4487,447821,1,0,0,0,22.825424421026653,24.22774531795417,0.2774
2449122429,5589313,2H,50,55,00:50:55.015,3262.015488,77,47,4487,406053,0,0,0,0,30.870698080866262,30.027124233213083,0.01882
2449122736,5589313,2H,53,29,00:53:29.760,3416.760373,74,54,5068,652236,0,0,0,0,36.89173349139343,23.55419262887524,0.009015
2449122519,5589313,2H,56,15,00:56:15.226,3582.226449,87,48,4487,447821,1,0,0,0,22.80350850198276,36.428846471419654,0.05707
2449122539,5589313,2H,58,3,00:58:03.600,3690.600877,89,38,4487,406053,0,0,0,0,16.492422502470642,56.44788352249083,0.09149
2449122541,5589313,2H,58,5,00:58:05.181,3692.181862,89,39,4487,406053,0,0,0,0,16.76305461424021,55.22216863363612,0.1837
2449123030,5589313,2H,67,13,01:07:13.532,4240.532715,81,47,5068,500286,0,0,0,0,27.294688127912362,33.04812486997523,0.09221
2449123136,5589313,2H,72,6,01:12:06.897,4533.897532,72,44,5068,481468,0,0,0,0,34.48187929913333,28.195807251579403,0.03141
2449123144,5589313,2H,73,9,01:13:09.239,4596.239359,90,56,5068,281254,0,0,0,0,26.627053911388696,23.264624805785594,0.1586
2449122833,5589313,2H,77,28,01:17:28.548,4855.548415,90,31,4487,127796,0,0,0,0,15.297058540778355,60.4612177404419,0.1087
2449123327,5589313,2H,91,11,01:31:11.772,5678.772585,78,25,5068,51217,0,0,0,0,28.460498941515414,33.690067525979785,0.01752
2381622068,5588988,1H,4,42,00:04:42.534,283.534943,86,66,3803,426712,0,0,0,0,37.21558813185679,14.695971397242621,0.0583
2381622033,5588988,1H,5,56,00:05:56.007,357.007423,84,72,676,408307,0,0,0,0,43.41658669218482,11.834224824098841,0.001712
2381622157,5588988,1H,13,14,00:13:14.447,795.447028,81,27,676,776387,0,0,0,0,25.0,38.45370921670597,0.00563
2381622294,5588988,1H,18,43,00:18:43.194,1124.194456,92,32,676,776387,0,0,0,1,13.152946437965905,68.5371140752802,0.1106
2381622357,5588988,1H,22,56,00:22:56.074,1377.074862,85,54,676,776387,0,0,0,0,28.284271247461902,26.596917569517,0.1196
2381622433,5588988,1H,28,2,00:28:02.020,1683.020011,79,68,676,408307,0,0,0,0,42.80186911806539,14.963998205731043,0.009962
2381622650,5588988,1H,39,31,00:39:31.310,2372.310319,90,44,676,776387,1,0,0,0,18.027756377319946,47.89576197346658,0.1115
2381622861,5588988,2H,49,4,00:49:04.957,3016.957439,86,66,676,408307,0,0,0,0,37.21558813185679,14.695971397242621,0.04476
2381622900,5588988,2H,51,19,00:51:19.049,3151.04923,78,57,676,360981,0,0,0,0,35.4682957019364,22.436424937262277,0.01949
2381622939,5588988,2H,53,9,00:53:09.512,3261.512058,86,36,676,776387,0,0,0,0,19.1049731745428,50.29344225303053,0.1114
2381623035,5588988,2H,60,32,01:00:32.498,3704.498674,91,59,676,360981,0,0,0,0,28.653097563788805,18.80579011375007,0.238
2381623703,5588988,2H,61,12,01:01:12.338,3744.338126,97,72,3803,328556,0,0,0,0,38.8329756778952,5.762268240296335,0.02676
2381623130,5588988,2H,65,31,01:05:31.078,4003.078911,97,42,676,360981,0,0,0,0,11.313708498984761,71.92389270342673,0.269
2381623270,5588988,2H,74,21,01:14:21.608,4533.608001,86,47,676,408307,0,0,0,0,23.021728866442675,37.29625808549044,0.02242
2381623297,5588988,2H,76,31,01:16:31.281,4663.281663,86,67,676,408307,0,0,0,0,38.07886552931954,14.026395448169028,0.01146
2381623418,5588988,2H,84,33,01:24:33.281,5145.281215,87,47,676,693939,0,0,0,0,22.20360331117452,38.181785428348135,0.5647
2381623568,5588988,2H,91,53,01:31:53.556,5585.556525,88,42,676,14817,0,0,0,0,18.788294228055936,48.3664606634298,0.2076
2437262479,5589049,1H,7,22,00:07:22.299,443.299898,83,52,19830,837096,0,0,0,0,28.42534080710379,28.57731837234341,0.03447
2437262526,5589049,1H,9,29,00:09:29.610,570.610848,93,41,19830,618580,0,0,0,0,13.892443989449804,62.59242456218159,0.2339
2437262531,5589049,1H,9,35,00:09:35.993,576.99381,95,34,19830,137669,0,0,0,0,10.0,83.97442499163331,0.07543
2437262537,5589049,1H,9,43,00:09:43.186,584.186186,77,35,19830,360992,0,0,0,0,28.0178514522438,35.599219958976164,0.01001
2437262677,5589049,1H,13,42,00:13:42.072,823.072382,80,46,3161,286223,0,0,0,0,27.730849247724095,33.18748585925876,0.01087
2437262731,5589049,1H,15,34,00:15:34.129,935.129404,87,41,3161,372255,0,0,0,0,19.313207915827967,47.97373108248011,0.1916
2437262798,5589049,1H,21,13,00:21:13.194,1274.194918,88,31,3161,239291,0,0,0,1,17.26267650163207,54.65762779636891,0.1303
2437262897,5589049,1H,25,47,00:25:47.434,1548.434772,88,40,3161,330003,1,0,0,0,18.027756377319946,51.43164542644399,0.06552
2437263068,5589049,1H,34,41,00:34:41.424,2082.424531,73,29,3161,130,0,0,0,0,32.38826948140329,30.754394079558615,0.0007022
2437263166,5589049,1H,40,2,00:40:02.905,2403.905959,88,30,3161,239291,0,0,0,0,17.46424919657298,53.794896965443336,0.03146
2437263300,5589049,1H,48,20,00:48:20.809,2901.809557,95,63,3161,330003,1,0,0,0,30.675723300355934,11.821488340607264,0.1532
2437263414,5589049,2H,50,14,00:50:14.796,3251.79609,90,39,3161,301017,0,0,0,0,15.811388300841896,57.956483167255584,0.08418
2437263444,5589049,2H,51,21,00:51:21.573,3318.573358,90,62,3161,340646,0,0,0,1,31.76476034853718,16.22226362983286,0.1587
2437263490,5589049,2H,53,30,00:53:30.280,3447.280252,87,62,3161,286223,1,1,0,1,33.28663395418648,17.509546811150354,0.09378
2437263716,5589049,2H,66,32,01:06:32.817,4229.817462,78,51,3161,105338,0,0,0,0,31.906112267087632,27.414714431584297,0.1088
2437263723,5589049,2H,66,34,01:06:34.749,4231.749317,95,42,3161,372255,0,0,0,0,12.806248474865697,65.24504821803977,0.7195
2437263782,5589049,2H,71,31,01:11:31.607,4528.607811,92,53,3161,372255,0,0,0,0,23.021728866442675,27.526639163077324,0.2265
2437263931,5589049,2H,85,29,01:25:29.334,5366.334008,90,41,3161,14703,0,0,0,0,16.55294535724685,54.442253634586045,0.1524
2437263965,5589049,2H,87,24,01:27:24.692,5481.692353,98,46,3161,14703,1,0,0,0,13.892443989449804,48.366460663429805,0.4482
2437264035,5589049,2H,91,1,01:31:01.314,5698.314661,80,51,3161,423151,0,0,0,0,30.23243291566195,28.378631089018498,0.0576
2437264078,5589049,2H,93,58,01:33:58.509,5875.509315,94,31,3161,655707,0,0,0,0,11.40175425099138,76.10001258796439,0.0491
2478061756,5590072,1H,4,39,00:04:39.060,280.060278,91,64,684,25472,0,0,0,0,33.1058907144937,13.943230920553669,0.1881
2478061983,5590072,1H,19,13,00:19:13.412,1154.412858,89,56,684,25472,1,0,0,0,27.202941017470888,23.606568902437697,0.1007
2478062481,5590072,1H,39,3,00:39:03.837,2344.83775,82,40,9617,222687,0,0,0,0,23.769728648009426,40.542749931544535,0.09855
2478062484,5590072,1H,39,6,00:39:06.437,2347.437642,92,71,9617,70127,0,0,0,0,39.21734310225516,9.124015498579798,0.2496
2478062615,5590072,2H,48,26,00:48:26.754,2977.754447,84,47,9617,70127,1,1,0,1,24.698178070456937,35.54792198630704,0.261
2478062645,5590072,2H,51,5,00:51:05.262,3136.262893,88,71,9617,646915,0,0,0,0,40.718546143004666,10.981172605460817,0.01147
2478062741,5590072,2H,54,7,00:54:07.454,3318.454045,92,55,9617,646915,0,0,0,0,24.698178070456937,23.861917233893127,0.1651
2478062579,5590072,2H,57,32,00:57:32.320,3523.320339,89,65,684,529349,0,0,0,0,34.88552708502482,14.225963898751795,0.2787
2478062884,5590072,2H,60,39,01:00:39.217,3710.217007,81,70,9617,646884,0,0,0,0,43.266615305567875,13.56105240071724,0.001693
2478063056,5590072,2H,68,2,01:08:02.856,4153.856168,89,36,9617,405925,0,0,0,0,16.1245154965971,58.13790071832522,0.1167
2478062871,5590072,2H,79,31,01:19:31.892,4842.892201,91,49,684,3563,0,0,0,0,20.518284528683193,36.54497232282255,0.5066
2330617343,5588948,1H,6,28,00:06:28.794,389.79485,79,69,2975,403696,0,0,0,0,43.60045871318328,14.42077312751099,0.004201
2330617455,5588948,1H,27,43,00:27:43.162,1664.162586,68,49,3159,365444,0,0,0,0,39.92492955535426,23.758377362645465,0.004939
2330617495,5588948,1H,29,33,00:29:33.098,1774.0983,81,44,3159,532465,0,0,0,0,26.0,35.98154135447273,0.07075
2330617509,5588948,1H,29,33,00:29:33.511,1774.511512,89,51,3159,418950,0,0,0,0,23.345235059857504,31.827446576673108,0.5026
2330617694,5588948,1H,29,47,00:29:47.588,1788.588209,91,37,2975,590472,0,1,0,1,14.317821063276353,63.799885158652664,0.1299
2330617609,5588948,1H,36,1,00:36:01.526,2162.526379,89,40,3159,418950,0,0,0,0,17.08800749063506,53.77204501016055,0.1413
2330617790,5588948,1H,37,28,00:37:28.476,2249.476364,54,34,2975,422515,0,0,0,0,51.0,20.015959602882674,0.009627
2330617792,5588948,1H,45,27,00:45:27.282,2728.282015,73,34,3159,532465,0,0,0,0,32.0,31.41727565803149,0.02342
2330618742,5588948,1H,46,53,00:46:53.439,2814.439012,86,67,3159,625471,0,0,0,0,38.07886552931954,14.026395448169028,0.05114
2330618739,5588948,1H,46,56,00:46:56.035,2817.035471,84,40,3159,471348,0,0,0,0,21.840329667841555,43.66778014613036,0.1309
2330617883,5588948,1H,47,50,00:47:50.481,2871.4811,72,56,3159,594931,0,0,0,0,39.66106403010388,21.708655067706026,0.002487
2330617941,5588948,1H,48,41,00:48:41.971,2922.971053,80,63,2975,535785,0,1,0,1,38.28837943815329,17.999484399432912,0.001522
2330618093,5588948,2H,48,11,00:48:11.821,3326.82152,86,46,3159,365444,0,0,0,0,22.47220505424423,38.88977861121536,0.1631
2330618110,5588948,2H,49,6,00:49:06.913,3381.913882,91,44,3159,418950,0,0,0,0,17.204650534085253,49.53003140418923,0.2059
2330618144,5588948,2H,52,10,00:52:10.623,3565.623218,77,44,3159,532465,0,0,0,0,29.732137494637012,32.114286056782205,0.001855
2330618111,5588948,2H,52,53,00:52:53.787,3608.787775,75,50,2975,422515,0,0,0,0,34.0,26.671548785868872,0.004974
2330618113,5588948,2H,52,55,00:52:55.281,3610.281884,86,50,2975,422515,0,0,0,0,24.839484696748443,32.54030658725726,0.2117
2330618147,5588948,2H,54,17,00:54:17.583,3692.583712,90,37,2975,590472,1,0,0,0,15.297058540778355,60.4612177404419,0.07339
2330618241,5588948,2H,66,30,01:06:30.077,4425.077681,89,38,3159,532465,0,0,0,0,16.492422502470642,56.44788352249083,0.1704
2330618717,5588948,2H,67,59,01:07:59.074,4514.074476,81,69,3159,418950,0,0,0,0,42.43819034784589,14.098930291396256,0.03682
2330618286,5588948,2H,70,25,01:10:25.137,4660.137957,86,34,2975,590472,0,0,0,0,19.0,50.69235188389338,0.03787
2330618290,5588948,2H,70,28,01:10:28.494,4663.494925,83,27,2975,422515,0,0,0,0,23.08679276123039,41.22180229283842,0.09166
2330618298,5588948,2H,70,34,01:10:34.951,4669.951039,89,37,2975,422515,0,0,0,0,16.278820596099706,57.425942865427494,0.2656
2330618416,5588948,2H,79,0,01:19:00.512,5175.512811,88,64,2975,743950,0,0,0,0,34.48187929913333,15.43873036961082,0.05873
2330618460,5588948,2H,80,30,01:20:30.024,5265.024158,89,41,2975,626551,0,0,0,0,17.46424919657298,52.1250163489018,0.09427
2330618485,5588948,2H,82,3,01:22:03.345,5358.345167,93,67,3159,594931,0,0,0,0,35.11409973215888,10.619655276155145,0.1048
2330618507,5588948,2H,85,28,01:25:28.457,5563.457837,95,51,2975,422515,0,0,0,0,19.72308292331602,30.302680720488098,0.5723
2330618548,5588948,2H,88,33,01:28:33.571,5748.571507,87,61,2975,15069,1,1,0,1,32.449961479175904,18.434948822922006,0.06589
2330618595,5588948,2H,91,23,01:31:23.926,5918.926178,87,58,2975,15069,1,0,0,0,30.0,21.583969241769598,0.01676
2330618632,5588948,2H,93,19,01:33:19.376,6034.37629,89,44,2975,590472,0,0,0,0,18.867962264113206,46.322758078790415,0.2694
2330618659,5588948,2H,94,54,01:34:54.293,6129.293384,88,50,2975,135927,0,0,0,0,23.345235059857504,33.40416281560302,0.225
2330618734,5588948,2H,99,16,01:39:16.024,6391.024061,88,41,2975,15069,1,0,0,0,18.384776310850235,49.974132218828544,0.08098
2471529197,5590065,1H,19,57,00:19:57.965,1198.965196,80,41,13527,330272,0,0,0,0,25.96150997149434,37.19316433109369,0.01782
2332067219,5588940,1H,8,11,00:08:11.321,492.321964,84,64,1609,520291,0,0,0,0,36.61966684720111,16.69924423399363,0.1129
2332067452,5588940,1H,9,56,00:09:56.225,597.225462,80,33,3767,616353,0,0,0,0,25.019992006393608,39.546081111408746,0.007169
2332067338,5588940,1H,19,22,00:19:22.438,1163.438439,91,51,1609,425925,1,0,0,0,22.02271554554524,31.954362937051407,0.2479
2332067794,5588940,1H,27,39,00:27:39.065,1660.06513,84,30,3767,616353,0,0,0,0,21.37755832643195,45.151977838563894,0.06334
2332067807,5588940,1H,30,4,00:30:04.012,1805.012857,95,72,3767,396475,0,0,0,0,39.293765408777,7.014127651203245,0.0747
2332067923,5588940,2H,51,7,00:51:07.776,3146.776,88,50,1609,555939,0,0,0,0,23.345235059857504,33.40416281560302,0.231
2332068839,5588940,2H,57,17,00:57:17.345,3516.345381,92,56,1609,425925,1,0,0,0,25.553864678361276,22.249023657212373,0.1954
2332068479,5588940,2H,62,35,01:02:35.716,3834.716457,75,60,3767,40539,0,0,0,0,39.698866482558415,19.85992309543744,0.00737
2332068529,5588940,2H,65,38,01:05:38.993,4017.993638,91,36,3767,752489,0,0,0,0,14.142135623730951,64.72227776444704,0.1048
2332068550,5588940,2H,66,44,01:06:44.495,4083.495673,73,59,3767,346195,0,0,0,0,40.607881008493905,20.170653411850402,0.01841
2332068559,5588940,2H,67,27,01:07:27.767,4126.767387,74,70,3767,518746,0,0,0,0,47.50789408087881,14.382661580155746,0.02448
2332068194,5588940,2H,74,28,01:14:28.497,4547.497985,91,42,1609,555939,0,0,0,0,16.1245154965971,54.61315693163105,0.4297
2332068740,5588940,2H,84,9,01:24:09.813,5128.813105,90,50,3767,40539,1,0,0,0,21.93171219946131,34.01934998982646,0.0767
2476852416,5589089,1H,1,28,00:01:28.778,89.778526,71,46,676,618294,0,0,0,0,36.05551275463989,26.658978600334805,0.00625
2476852507,5589089,1H,5,40,00:05:40.359,341.359294,82,58,676,770398,0,0,0,0,33.24154027718932,22.01332969502579,0.1317
2476852558,5589089,1H,9,33,00:09:33.315,574.315014,88,52,676,14817,0,0,0,0,24.758836806279895,29.906995034339122,0.2048
2476852565,5589089,1H,10,13,00:10:13.565,614.565465,95,43,676,408307,0,0,0,1,13.45362404707371,60.94539590092286,0.6023
2476852563,5589089,1H,12,12,00:12:12.944,733.944696,95,54,9607,70086,1,0,0,0,22.360679774997898,23.248082968525054,0.3216
2476852699,5589089,1H,19,57,00:19:57.316,1198.316668,87,38,676,360981,0,0,0,0,18.439088914585774,51.36176395103255,0.08716
2476852760,5589089,1H,23,21,00:23:21.092,1402.092773,74,58,676,770398,0,0,0,0,39.20459156782532,20.968918634056788,0.04483
2476852819,5589089,1H,26,28,00:26:28.800,1589.800554,80,67,676,770398,0,0,0,0,41.400483088968905,15.406419793668507,0.03659
2476853049,5589089,1H,39,59,00:39:59.745,2400.745418,80,49,676,408307,0,0,0,0,29.154759474226502,30.335127391296773,0.02655
2476854065,5589089,1H,40,23,00:40:23.464,2424.464572,88,47,676,14817,0,0,0,0,21.400934559032695,39.06523961812362,0.2439
2476853064,5589089,1H,41,32,00:41:32.931,2493.931186,88,37,676,408307,0,0,0,0,17.26267650163207,54.65762779636891,0.1575
2476853151,5589089,1H,47,1,00:47:01.097,2822.097934,77,43,676,360981,0,0,0,0,29.410882339705484,32.7352262721076,0.01583
2476853241,5589089,2H,48,23,00:48:23.500,3097.500726,98,60,676,470747,1,0,0,0,26.92582403567252,11.070202577939362,0.1411
2476853318,5589089,2H,52,35,00:52:35.453,3349.453347,86,73,676,770398,0,0,0,0,43.382023926967726,10.75213305047435,0.03898
2476853537,5589089,2H,64,52,01:04:52.212,4086.212064,94,48,676,373410,0,0,0,0,17.804493814764857,39.996080047759655,0.4903
2476853746,5589089,2H,65,44,01:05:44.037,4138.037144,90,39,9607,347282,0,0,0,0,15.811388300841896,57.956483167255584,0.1665
2476853909,5589089,2H,76,18,01:16:18.855,4772.855858,91,36,9607,619313,0,0,0,0,14.142135623730951,64.72227776444704,0.1182
2476853913,5589089,2H,76,22,01:16:22.717,4776.717393,79,58,9607,480216,0,0,0,0,35.38361202590826,21.784535453703725,0.01601
2476853978,5589089,2H,79,21,01:19:21.911,4955.911626,82,35,9607,258162,0,0,0,0,23.021728866442675,42.67757370176282,0.06329
2476854026,5589089,2H,85,22,01:25:22.261,5316.261058,96,43,9607,614755,1,0,0,0,12.727922061357855,63.43494882292201,0.3386
2476853893,5589089,2H,86,23,01:26:23.734,5377.734527,90,52,676,397303,0,0,0,0,23.430749027719962,29.981639368849336,0.3202
2476853895,5589089,2H,86,26,01:26:26.436,5380.436783,89,67,676,647161,0,0,0,0,36.6742416417845,12.835609486401438,0.1003
2476853907,5589089,2H,87,52,01:27:52.181,5466.181224,94,48,676,631908,1,0,0,0,17.804493814764857,39.996080047759655,0.1721
2468624903,5589065,1H,6,19,00:06:19.810,380.810446,81,48,5072,590629,0,0,0,0,27.784887978899608,32.01283583284806,0.08782
2468625061,5589065,1H,14,10,00:14:10.640,851.640944,88,54,5072,569212,0,0,0,0,26.248809496813376,26.715631065643755,0.1938
2468625256,5589065,1H,17,29,00:17:29.951,1050.951642,91,47,3172,551694,1,0,0,0,19.1049731745428,41.583411808228654,0.07194
2468625377,5589065,1H,24,11,00:24:11.013,1452.013281,88,41,3172,22889,0,0,0,0,18.384776310850235,49.974132218828544,0.0918
2468625437,5589065,1H,27,27,00:27:27.321,1648.321192,78,65,3172,282799,0,0,0,0,41.10960958218893,16.806992039729312,0.0488
2468625352,5589065,1H,29,39,00:29:39.397,1780.397749,90,29,5072,563527,0,0,0,0,15.811388300841896,57.956483167255584,0.06996
2468625496,5589065,1H,30,32,00:30:32.943,1833.94399,87,33,3172,22889,0,0,0,0,18.027756377319946,53.017093073655325,0.02017
2468625383,5589065,1H,31,5,00:31:05.349,1866.349855,84,42,5072,590629,0,1,0,1,22.47220505424423,41.717305036411744,0.009289
2468625636,5589065,1H,39,41,00:39:41.533,2382.533751,86,61,3172,551694,0,0,0,0,33.015148038438355,18.72406131472471,0.1183
2468625657,5589065,1H,40,39,00:40:39.645,2440.64559,94,49,3172,135807,1,0,0,0,18.601075237738275,36.76597554787117,0.115
2468625726,5589065,2H,48,24,00:48:24.617,2970.617109,86,66,5072,660295,0,0,0,0,37.21558813185679,14.695971397242621,0.005964
2468625763,5589065,2H,52,31,00:52:31.869,3217.869611,87,62,5072,621859,0,0,0,0,33.28663395418648,17.509546811150354,0.05224
2468625764,5589065,2H,52,34,00:52:34.007,3220.007155,83,35,5072,563527,0,0,0,0,22.02271554554524,44.42706130231652,0.1662
2468625812,5589065,2H,56,43,00:56:43.669,3469.669448,77,60,5072,660295,0,0,0,0,38.2099463490856,20.076460051532482,0.05488
2468626193,5589065,2H,64,56,01:04:56.705,3962.705643,92,31,3172,22889,1,0,0,0,13.341664064126334,67.4845305261934,0.03019
2468626217,5589065,2H,65,28,01:05:28.498,3994.49807,90,35,3172,522257,0,0,0,0,15.033296378372908,61.76255446183274,0.1392
2468626474,5589065,2H,82,3,01:22:03.255,4989.255012,80,54,3172,516161,0,0,0,0,32.01562118716424,25.486900306192084,0.09796
2468626479,5589065,2H,82,38,01:22:38.046,5024.046915,76,48,3172,625,0,0,0,0,32.202484376209235,28.635648313014702,0.003362
2468626532,5589065,2H,85,5,01:25:05.985,5171.985559,78,36,3172,22889,0,0,0,0,27.073972741361768,36.70080090262258,0.03914
2468626555,5589065,2H,89,3,01:29:03.934,5409.93465,86,64,3172,20751,0,0,0,0,35.510561809129406,16.163200811456928,0.08619
2432257282,5589033,1H,8,52,00:08:52.012,533.012886,85,48,8508,448274,0,0,0,0,24.413111231467404,34.954669630503304,0.06196
2432257305,5589033,1H,10,44,00:10:44.324,645.32425,79,41,8508,555120,0,0,0,0,26.92582403567252,36.006207601244434,0.002653
2432257405,5589033,1H,15,0,00:15:00.781,901.781302,73,32,8508,494218,0,1,0,1,32.0624390837628,31.309495086812742,0.02097
2432257592,5589033,1H,18,31,00:18:31.483,1112.483722,77,47,6408,685611,0,0,0,0,30.870698080866262,30.027124233213083,0.1279
2432257591,5589033,1H,25,31,00:25:31.065,1532.065403,77,41,8508,555120,0,0,0,0,28.861739379323623,33.8304980769171,0.04702
2432257811,5589033,1H,29,11,00:29:11.970,1752.970464,90,57,6408,536902,1,0,0,0,27.459060435491963,21.86009912473741,0.07324
2432257777,5589033,1H,41,56,00:41:56.765,2517.765782,90,60,8508,494218,0,0,0,0,30.01666203960727,18.22507511135446,0.09412
2432257790,5589033,1H,42,25,00:42:25.458,2546.45807,79,30,8508,555120,0,0,0,0,26.30589287593181,37.45057823173673,0.03256
2432257804,5589033,1H,43,26,00:43:26.939,2607.939595,85,34,8508,555120,0,0,0,0,20.0,48.45549063590834,0.05585
2432257974,5589033,2H,47,34,00:47:34.578,2989.57845,88,36,8508,595198,1,0,0,0,17.11724276862369,55.28537797494747,0.07297
2432257975,5589033,2H,47,36,00:47:36.181,2991.181318,91,44,8508,419853,1,0,0,0,17.204650534085253,49.53003140418923,0.3934
2432258253,5589033,2H,52,55,00:52:55.285,3310.285865,85,36,6408,536902,0,0,0,0,20.09975124224178,48.10083996216179,0.007837
2432258035,5589033,2H,53,56,00:53:56.020,3371.020043,97,40,8508,419853,0,0,0,0,10.0,82.4835582837305,0.1835
2432258042,5589033,2H,54,56,00:54:56.440,3431.440405,94,47,8508,403243,1,0,0,0,17.029386365926403,43.451842301022026,0.1749
2432258327,5589033,2H,55,58,00:55:58.237,3493.237329,87,60,6408,614379,0,0,0,0,31.622776601683793,19.420465484309247,0.02512
2432258332,5589033,2H,56,2,00:56:02.515,3497.51548,78,67,6408,493989,0,0,0,0,42.638011210655684,15.631234391322206,0.02227
2432258092,5589033,2H,57,55,00:57:55.892,3610.892774,81,69,8508,61965,0,0,0,0,42.43819034784589,14.098930291396256,0.04097
2432258468,5589033,2H,62,11,01:02:11.606,3866.606106,91,51,6408,614379,0,0,0,0,22.02271554554524,31.954362937051407,0.3446
2432258471,5589033,2H,62,13,01:02:13.273,3868.273371,92,55,6408,614379,0,0,0,0,24.698178070456937,23.861917233893127,0.5617
2432258690,5589033,2H,84,54,01:24:54.828,5229.828583,92,44,6408,659540,1,0,0,0,16.401219466856727,51.22094992115961,0.1673
2432258442,5589033,2H,85,17,01:25:17.207,5252.207225,92,42,8508,479178,0,1,0,1,15.264337522473747,56.993348723586976,0.3932
2432258790,5589033,2H,93,52,01:33:52.920,5767.920916,81,55,6408,383880,0,0,0,0,31.89043743820395,24.77514056883192,0.00908
2432258776,5589033,2H,95,1,01:35:01.883,5836.883932,79,31,6408,559712,0,0,0,0,26.1725046566048,37.76975736074843,0.004053
2432258781,5589033,2H,95,13,01:35:13.697,5848.697063,92,52,6408,383880,0,0,0,0,22.20360331117452,29.59489268795477,0.4253
2396533052,5589011,1H,0,52,00:00:52.193,53.193765,88,31,2975,590472,0,0,0,1,17.26267650163207,54.65762779636891,0.1261
2396533018,5589011,1H,2,36,00:02:36.660,157.660276,92,50,1614,223794,0,0,0,0,20.615528128088304,34.22481260771649,0.3182
2396533102,5589011,1H,8,19,00:08:19.142,500.142841,85,65,1614,223794,0,0,0,0,36.89173349139343,15.70863782901574,0.005264
2396533136,5589011,1H,10,31,00:10:31.923,632.923139,79,42,1614,491344,0,0,0,0,27.202941017470888,35.38110982115855,0.05562
2396533190,5589011,1H,13,27,00:13:27.350,808.350983,81,49,1614,263802,0,0,0,0,28.30194339616981,30.96375653207352,0.05125
2396533374,5589011,1H,24,5,00:24:05.260,1446.260411,88,59,1614,421696,0,0,0,0,30.23243291566195,20.17065341185039,0.05177
2396533472,5589011,1H,26,31,00:26:31.099,1592.099236,92,58,2975,422515,0,1,0,1,27.294688127912362,19.412948895977213,0.3209
2396533586,5589011,1H,32,40,00:32:40.106,1961.106423,86,68,2975,258253,0,0,0,0,38.948684188300895,13.396093798402946,0.08468
2396533594,5589011,1H,33,27,00:33:27.571,2008.571852,76,55,2975,258253,0,0,0,0,35.805027579936315,23.491587533976052,0.01819
2396533541,5589011,1H,34,23,00:34:23.163,2064.163959,88,68,1614,421696,0,0,0,0,38.01315561749642,12.6443949411828,0.08382
2396534587,5589011,1H,40,40,00:40:40.256,2441.256945,88,34,2975,743950,0,0,0,0,17.0,55.79454206189526,0.04594
2396533726,5589011,1H,43,23,00:43:23.935,2604.935168,90,69,1614,301047,0,0,0,1,38.07886552931954,11.156929350609259,0.2178
2396533777,5589011,1H,45,1,00:45:01.198,2702.198952,79,66,2975,258253,0,0,0,0,41.23105625617661,16.12285393821523,0.005295
2396533824,5589011,2H,47,30,00:47:30.632,2917.632338,86,47,1614,600432,0,0,0,0,23.021728866442675,37.29625808549044,0.1588
2396533839,5589011,2H,49,53,00:49:53.327,3060.327007,82,50,1614,404216,0,0,0,0,28.0178514522438,30.458430966241778,0.1086
2396533875,5589011,2H,51,27,00:51:27.271,3154.271165,76,63,1614,600432,0,0,0,0,41.012193308819754,18.058362267849468,0.05405
2396533951,5589011,2H,54,36,00:54:36.224,3343.224299,85,60,1614,491344,0,0,0,0,32.802438933713454,19.890582129960425,0.12
2396534067,5589011,2H,61,3,01:01:03.902,3730.902392,93,65,2975,406035,0,0,0,0,33.24154027718932,11.911215431971593,0.2171
2396534156,5589011,2H,66,2,01:06:02.295,4029.295124,82,46,1614,600432,0,0,0,0,25.942243542145693,34.96602982632769,0.03195
2396534163,5589011,2H,66,48,01:06:48.894,4075.894726,88,72,1614,421696,0,0,0,0,41.6293165929973,10.493960897512908,0.02058
2396534190,5589011,2H,67,40,01:07:40.040,4127.040962,77,59,1614,263802,0,0,0,0,37.53664875824692,20.78265885471395,0.0516
2396534294,5589011,2H,72,3,01:12:03.771,4390.771105,91,35,1614,25701,0,0,0,0,14.035668847618199,65.2825590889166,0.1035
2396534325,5589011,2H,74,30,01:14:30.147,4537.147147,81,51,1614,600432,0,0,0,1,29.410882339705484,28.855661219716527,0.08924
2396534380,5589011,2H,81,29,01:21:29.569,4956.569981,81,47,2975,422515,0,0,0,0,27.294688127912362,33.04812486997523,0.135
2396534388,5589011,2H,82,5,01:22:05.247,4992.247077,85,24,2975,422515,0,0,0,0,22.360679774997898,40.66879405950243,0.03956
2396534423,5589011,2H,84,39,01:24:39.487,5146.487517,71,61,1614,8246,0,0,0,0,43.41658669218482,18.73930601066909,0.04136
2396534448,5589011,2H,86,38,01:26:38.499,5265.499373,96,35,2975,406035,0,0,0,1,9.055385138137417,89.64632684075355,0.1167
2396534456,5589011,2H,87,15,01:27:15.975,5302.975053,94,37,1614,491344,0,0,0,0,11.40175425099138,76.10001258796439,0.1847
2396534500,5589011,2H,88,32,01:28:32.030,5379.030953,90,30,2975,743950,0,0,0,0,15.524174696260024,59.34933204294713,0.08917
2396534584,5589011,2H,89,29,01:29:29.573,5436.57349,78,34,2975,16110,0,0,0,0,27.0,36.86989764584402,0.02826
2396534562,5589011,2H,92,17,01:32:17.784,5604.784335,88,71,2975,422515,0,0,0,0,40.718546143004666,10.981172605460817,0.03298
2524694090,5589343,1H,2,29,00:02:29.330,150.330557,87,54,2462,782039,0,0,0,0,26.90724809414742,26.742987808488376,0.2036
2524694097,5589343,1H,4,42,00:04:42.758,283.758266,79,47,2462,14806,0,0,0,0,29.068883707497267,31.490196046718612,0.05111
2524693982,5589343,1H,19,23,00:19:23.854,1164.854712,87,50,1624,681063,0,0,0,0,24.08318915758459,32.99560723843002,0.1635
2524694537,5589343,1H,24,2,00:24:02.203,1443.203314,92,62,2462,655993,1,0,0,0,30.870698080866262,15.021350548150147,0.08564
2524694023,5589343,1H,24,57,00:24:57.486,1498.48698,82,35,1624,681063,0,0,0,0,23.021728866442675,42.67757370176282,0.07859
2524695452,5589343,1H,34,9,00:34:09.362,2050.362191,78,30,1624,604763,0,0,0,0,27.294688127912362,36.20143079314286,0.008732
2524694693,5589343,1H,48,43,00:48:43.063,2924.063952,88,63,2462,655993,0,0,0,0,33.61547262794322,16.262302071936215,0.07512
2524694941,5589343,2H,53,6,00:53:06.737,3599.737267,81,45,2462,623404,0,1,0,1,26.40075756488817,35.041929401539015,0.001463
2524694627,5589343,2H,59,46,00:59:46.086,3999.086972,95,65,1624,472363,0,0,0,0,32.57299494980466,10.407711312490067,0.1343
2524694631,5589343,2H,60,29,01:00:29.048,4042.048164,95,49,1624,415847,1,0,0,0,18.027756377319946,36.416378519886045,0.1987
2524695079,5589343,2H,61,23,01:01:23.413,4096.413259,71,58,2462,246946,0,0,0,0,41.617304093369626,20.33895908527556,0.0353
2524694680,5589343,2H,65,4,01:05:04.206,4317.206428,87,38,1624,681063,0,0,0,0,18.439088914585774,51.36176395103255,0.1271
2524694699,5589343,2H,66,53,01:06:53.278,4426.278228,94,56,1624,361807,1,0,0,0,24.596747752497688,20.699703371145432,0.1452
2524694811,5589343,2H,73,50,01:13:50.031,4843.031716,87,68,1624,286831,0,0,0,0,38.47076812334269,13.039474901269514,0.02608
2524695223,5589343,2H,74,52,01:14:52.561,4905.561705,95,58,2462,655993,0,0,0,0,26.0,16.83166875824151,0.2914
2524695230,5589343,2H,75,8,01:15:08.508,4921.508781,92,65,2462,400352,1,0,0,0,33.61547262794322,12.57506526657563,0.07646
2524695298,5589343,2H,81,35,01:21:35.187,5308.187157,89,63,2462,400352,0,0,0,0,33.12099032335839,15.826154076172545,0.1613
2524695320,5589343,2H,83,13,01:23:13.933,5406.933147,86,62,2462,689344,0,0,0,0,33.83784863137726,17.818888914522777,0.1055
2524695321,5589343,2H,83,15,01:23:15.996,5408.996636,91,63,2462,400352,0,0,0,0,32.202484376209235,14.767160767390578,0.2712
2524695359,5589343,2H,86,16,01:26:16.839,5589.839711,88,26,2462,583730,0,0,0,0,18.788294228055936,48.3664606634298,0.009805
2524695361,5589343,2H,86,43,01:26:43.516,5616.516413,90,65,2462,623404,1,0,0,0,34.438350715445125,13.730831757625499,0.07869
2524695404,5589343,2H,90,50,01:30:50.198,5863.198847,72,42,2462,246946,0,0,0,0,33.95585369269929,28.99103296387146,0.003571
2449216146,5589308,1H,4,21,00:04:21.937,262.937517,76,51,10,624530,0,0,0,0,33.61547262794322,26.455708219145624,0.04595
2449215944,5589308,1H,4,49,00:04:49.447,290.447425,79,26,4492,3324,0,0,0,0,27.202941017470888,35.38110982115855,0.01346
2449216294,5589308,1H,19,12,00:19:12.627,1153.627072,82,26,10,580418,0,0,0,0,24.351591323771842,38.95878731205102,0.01967
2449216087,5589308,1H,19,53,00:19:53.235,1194.235559,91,47,4492,531516,0,0,0,0,19.1049731745428,41.583411808228654,0.4439
2449216090,5589308,1H,19,54,00:19:54.985,1195.985507,81,65,4492,282221,0,0,0,0,39.20459156782532,16.525796389925638,0.125
2449216447,5589308,1H,24,4,00:24:04.010,1445.01087,89,64,10,624530,0,0,0,0,34.0,14.997743223075787,0.1768
2449216203,5589308,1H,26,38,00:26:38.548,1599.548105,85,42,4492,122,0,0,0,0,21.540659228538015,43.22694179920911,0.1209
2449216313,5589308,1H,29,33,00:29:33.352,1774.352449,89,29,4492,531516,0,1,0,1,16.76305461424021,55.22216863363612,0.003782
2449216337,5589308,1H,30,50,00:30:50.890,1851.890734,90,71,4492,32771,0,0,0,0,39.92492955535426,10.118118173759981,0.03789
2449216608,5589308,1H,34,1,00:34:01.670,2042.670155,97,36,10,678015,0,0,0,0,8.246211251235321,95.15855178060603,0.1386
2449216649,5589308,1H,38,46,00:38:46.008,2327.008881,93,29,10,580418,0,0,0,0,13.0,67.83365417791754,0.05761
2449216829,5589308,2H,46,30,00:46:30.238,2915.238609,87,44,10,543203,0,0,0,0,20.591260281974,43.36832757911374,0.2044
2449216840,5589308,2H,46,36,00:46:36.314,2921.314767,84,49,10,624530,0,0,0,0,25.80697580112788,32.868678933367505,0.1354
2449216631,5589308,2H,48,47,00:48:47.093,3052.093586,91,60,4492,363797,1,0,0,0,29.5296461204668,17.671050361992013,0.1048
2449217041,5589308,2H,56,59,00:56:59.830,3544.830163,91,53,10,141,0,0,0,0,23.600847442411894,27.897271030947625,0.3204
2449217083,5589308,2H,60,4,01:00:04.010,3729.01035,85,34,10,678015,0,0,0,0,20.0,48.45549063590834,0.04095
2449217192,5589308,2H,65,47,01:05:47.822,4072.822399,88,56,10,580418,0,0,0,0,27.80287754891569,23.8548480769034,0.1575
2449217193,5589308,2H,65,49,01:05:49.030,4074.030662,96,44,10,605827,0,0,0,0,13.45362404707371,58.3136323121434,0.7518
2449217234,5589308,2H,70,16,01:10:16.341,4341.341403,79,26,10,678015,0,0,0,0,27.202941017470888,35.38110982115855,0.0009372
2449217302,5589308,2H,74,28,01:14:28.034,4593.034958,90,67,10,624530,0,1,0,1,36.24913792078372,12.35155915003019,0.1912
2449217373,5589308,2H,81,48,01:21:48.150,5033.150601,77,44,10,543203,0,0,0,0,29.732137494637012,32.114286056782205,0.01595
2449217379,5589308,2H,83,0,01:23:00.273,5105.273134,74,65,10,644999,0,0,0,0,43.840620433565945,16.86185380697629,0.001284
2449217074,5589308,2H,88,9,01:28:09.265,5414.265612,75,58,4492,512479,0,0,0,0,38.41874542459709,21.16125981682828,0.003318
2449217497,5589308,2H,91,53,01:31:53.208,5638.208673,93,69,10,769664,0,0,0,1,37.0,9.520021865774146,0.1151
2382396936,5588996,1H,9,47,00:09:47.185,588.185133,90,46,756,477211,1,0,0,0,19.209372712298546,43.15238973400541,0.1024
2382396771,5588996,1H,11,9,00:11:09.175,670.175618,95,39,8742,559344,0,0,0,0,11.180339887498949,76.26373169437744,0.1199
2382396992,5588996,1H,13,3,00:13:03.743,784.743738,88,59,756,422520,0,0,0,0,30.23243291566195,20.17065341185039,0.1881
2382397037,5588996,1H,14,51,00:14:51.077,892.077817,92,58,756,494315,1,0,0,0,27.294688127912362,19.412948895977213,0.08931
2382396925,5588996,1H,18,56,00:18:56.045,1137.045372,86,33,8742,562660,0,0,0,0,19.026297590440446,50.592194778977564,0.1002
2382397204,5588996,1H,22,55,00:22:55.096,1376.09612,96,53,756,422520,0,0,0,0,21.02379604162864,24.16832358129388,0.6885
2382397098,5588996,1H,30,28,00:30:28.918,1829.918676,91,61,8742,562660,0,0,0,0,30.4138126514911,16.624478143964964,0.2499
2382397138,5588996,1H,33,23,00:33:23.291,2004.291572,76,43,8742,326772,0,0,0,0,30.364452901377952,31.827446576673108,0.00426
2382397285,5588996,1H,38,30,00:38:30.886,2311.886069,73,25,8742,479326,0,0,0,0,33.24154027718932,29.357753542791276,0.01284
2382397704,5588996,2H,49,30,00:49:30.918,3169.918611,91,68,756,258022,0,0,0,0,36.76955262170047,11.21454076941712,0.1152
2382397740,5588996,2H,57,59,00:57:59.400,3678.400625,86,35,8742,627943,0,0,0,0,19.026297590440446,50.592194778977564,0.1165
2382397742,5588996,2H,58,1,00:58:01.753,3680.753994,95,54,8742,559344,0,0,0,0,22.360679774997898,23.248082968525054,0.7991
2382397926,5588996,2H,60,35,01:00:35.948,3834.948497,89,72,756,636122,0,0,0,0,41.23105625617661,10.086696608258054,0.01918
2382397836,5588996,2H,65,46,01:05:46.382,4145.382654,85,57,8742,559344,0,0,0,0,30.479501308256342,23.002596593357843,0.1295
2382398088,5588996,2H,71,12,01:11:12.676,4471.676932,93,71,756,636122,0,0,0,0,38.897300677553446,8.57771652501653,0.005348
2382398298,5588996,2H,84,9,01:24:09.122,5248.122712,98,41,756,3714,1,0,0,0,9.899494936611665,82.31601817026603,0.1062
2382398123,5588996,2H,86,11,01:26:11.602,5370.602835,90,48,8742,584783,0,0,0,0,20.518284528683193,38.453709216705974,0.3399
2382398378,5588996,2H,91,28,01:31:28.187,5687.187359,97,56,756,3714,1,1,0,1,23.40939982143925,17.13720814618302,0.3612
2434937290,5589044,1H,2,38,00:02:38.529,159.529573,82,45,3803,759497,0,0,0,0,25.495097567963924,36.03934617345991,0.02485
2434937395,5589044,1H,6,39,00:06:39.369,400.369986,83,52,3803,426794,0,0,0,0,28.42534080710379,28.57731837234341,0.03087
2434937425,5589044,1H,12,21,00:12:21.342,742.342734,88,27,675,353833,0,0,0,0,18.384776310850235,49.974132218828544,0.05041
2434937473,5589044,1H,15,45,00:15:45.100,946.100832,88,37,675,353833,0,1,0,1,17.26267650163207,54.65762779636891,0.152
2434937611,5589044,1H,16,35,00:16:35.148,996.14809,90,46,3803,328556,1,0,0,0,19.209372712298546,43.15238973400541,0.06948
2434937742,5589044,1H,23,31,00:23:31.851,1412.851777,66,61,3803,265318,0,0,0,0,47.43416490252569,17.93424938852955,0.0009921
2434937637,5589044,1H,25,51,00:25:51.276,1552.276782,90,48,675,547260,1,0,0,0,20.518284528683193,38.453709216705974,0.1291
2434937650,5589044,1H,26,27,00:26:27.373,1588.373094,90,32,675,547260,0,0,0,0,15.132745950421556,61.270731215544814,0.05161
2434937843,5589044,1H,27,48,00:27:48.834,1669.834516,82,35,3803,759497,0,0,0,0,23.021728866442675,42.67757370176282,0.08577
2434937807,5589044,1H,33,15,00:33:15.785,1996.785236,81,41,675,353833,0,0,0,0,25.0,38.45370921670597,0.002923
2434938080,5589044,1H,36,40,00:36:40.867,2201.867905,86,39,3803,328556,0,0,0,0,19.6468827043885,48.27300985546386,0.1326
2434938416,5589044,2H,47,32,00:47:32.665,2980.665561,88,50,3803,426794,0,0,0,0,23.345235059857504,33.40416281560302,0.2182
2434938131,5589044,2H,48,34,00:48:34.613,3042.613317,94,33,675,353833,0,0,0,1,11.045361017187261,78.30106239119735,0.1121
2434938640,5589044,2H,55,15,00:55:15.501,3443.501786,77,23,3803,366745,0,0,0,0,30.083217912982647,31.452061011999504,0.01384
2434938211,5589044,2H,55,33,00:55:33.995,3461.995242,94,50,675,617894,0,0,0,0,19.4164878389476,33.77931321628475,0.5295
2434938733,5589044,2H,61,46,01:01:46.453,3834.453882,80,64,3803,328556,0,0,0,0,39.05124837953327,17.308828006436496,0.04654
2434938755,5589044,2H,62,39,01:02:39.739,3887.739068,86,55,3803,26498,0,0,0,0,28.319604517012593,25.376912185980334,0.1629
2434939044,5589044,2H,63,35,01:03:35.999,3943.99933,97,60,3803,277629,1,0,0,0,27.202941017470888,12.326122085862604,0.1492
2434938795,5589044,2H,64,8,01:04:08.082,3976.082719,88,52,3803,328556,0,0,0,0,24.758836806279895,29.906995034339122,0.0408
2434938333,5589044,2H,66,37,01:06:37.237,4125.237914,88,37,675,547260,0,0,0,0,17.26267650163207,54.65762779636891,0.1656
2434938856,5589044,2H,67,41,01:07:41.619,4189.619657,84,72,3803,328556,0,0,0,0,43.41658669218482,11.834224824098841,0.02931
2434938925,5589044,2H,76,20,01:16:20.145,4708.145549,90,63,3803,673805,0,0,0,1,32.64965543462902,15.328921727305584,0.1841
2434938520,5589044,2H,77,39,01:17:39.246,4787.246471,97,31,675,353833,0,0,0,0,8.54400374531753,93.17983011986423,0.066
2434938522,5589044,2H,77,40,01:17:40.646,4788.646323,92,44,675,547260,0,0,0,0,16.401219466856727,51.22094992115961,0.5379
2434938672,5589044,2H,87,33,01:27:33.886,5381.886446,90,43,675,353833,0,0,0,0,17.4928556845359,50.19442890773481,0.1469
2434938992,5589044,2H,88,27,01:28:27.103,5435.103037,77,24,3803,781871,0,0,0,0,29.732137494637012,32.114286056782205,0.00859
2434938995,5589044,2H,88,35,01:28:35.903,5443.903119,75,66,3803,296501,0,0,0,0,43.86342439892262,16.33061313307394,0.005417
2434939000,5589044,2H,88,49,01:28:49.528,5457.528007,93,43,3803,673805,1,0,0,0,15.0,56.309932474020215,0.2372
2434938731,5589044,2H,89,34,01:29:34.005,5502.005649,74,53,675,764899,0,0,0,0,36.359317925395686,24.210465577990906,0.02313
2434938751,5589044,2H,90,34,01:30:34.456,5562.456658,92,57,675,353833,0,0,0,0,26.419689627245813,20.769455259586874,0.3547
2434938757,5589044,2H,90,42,01:30:42.483,5570.483452,78,62,675,364005,0,1,0,0,38.897300677553446,18.746466093604607,0.02293
2434939029,5589044,2H,92,16,01:32:16.194,5664.19431,74,61,3803,265318,0,0,0,0,41.10960958218893,19.126507748215474,0.0009927
2495746513,5590074,1H,6,34,00:06:34.994,395.994171,95,29,6433,416026,0,0,0,0,11.180339887498949,76.26373169437744,0.008791
2495746549,5590074,1H,8,17,00:08:17.440,498.440165,89,36,6433,729070,0,0,0,0,16.1245154965971,58.13790071832522,0.1254
2495746685,5590074,1H,16,57,00:16:57.668,1018.668617,72,53,6433,416026,0,0,0,0,38.07886552931954,23.455701392759018,0.001443
2495746764,5590074,1H,20,14,00:20:14.917,1215.917943,98,52,6433,611287,0,0,0,0,19.313207915827967,23.34052857055809,0.7173
2495746772,5590074,1H,25,17,00:25:17.722,1518.722799,89,33,11958,619636,0,0,0,0,16.0312195418814,58.57043438516149,0.08645
2495746881,5590074,1H,26,14,00:26:14.206,1575.206703,82,49,6433,416026,0,0,0,0,27.459060435491963,31.598001246499646,0.1089
2495746928,5590074,1H,27,48,00:27:48.379,1669.379346,91,32,6433,416026,0,0,0,0,14.142135623730951,64.72227776444704,0.0501
2495746843,5590074,1H,32,30,00:32:30.048,1951.048805,85,64,11958,505514,0,0,0,0,36.05551275463989,16.453137274920454,0.01816
2495746963,5590074,1H,39,28,00:39:28.269,2369.26933,88,43,11958,619636,0,0,0,0,19.235384061671343,46.63657704161672,0.07883
2495747121,5590074,1H,41,10,00:41:10.185,2471.185285,98,44,6433,634711,0,0,0,0,12.206555615733702,61.645038214675935,0.6172
2495747159,5590074,1H,43,32,00:43:32.509,2613.509138,91,34,6433,729070,0,0,0,0,14.0,65.4704525442152,0.2604
2495747258,5590074,2H,48,5,00:48:05.974,3079.9741,90,75,6433,633795,0,0,0,0,43.657759905886145,8.415590652150946,0.02332
2495747306,5590074,2H,53,17,00:53:17.939,3391.939502,80,63,6433,217052,0,0,0,0,38.28837943815329,17.999484399432912,0.08114
2495748362,5590074,2H,53,50,00:53:50.247,3424.247137,78,35,11958,480108,0,0,0,0,27.018512172212592,36.82749821141796,0.06849
2495748364,5590074,2H,53,58,00:53:58.637,3432.637148,77,60,11958,619636,0,0,0,0,38.2099463490856,20.076460051532482,0.01377
2495747339,5590074,2H,57,8,00:57:08.239,3622.239163,76,27,6433,611710,0,1,0,0,29.832867780352597,32.83176799594827,0.02831
2495747537,5590074,2H,67,32,01:07:32.495,4246.495555,97,40,11958,480108,0,0,0,1,10.0,82.4835582837305,0.2645
2495747505,5590074,2H,70,6,01:10:06.925,4400.925288,79,33,6433,471870,0,0,0,0,26.019223662515376,38.14023999447419,0.002467
2495747624,5590074,2H,73,34,01:13:34.893,4608.893949,87,36,11958,72440,0,0,0,0,18.110770276274835,52.68007112197176,0.1084
2495747709,5590074,2H,79,48,01:19:48.833,4982.833959,90,34,6433,634711,0,0,0,0,15.0,61.92751306414704,0.1376
2495747801,5590074,2H,95,59,01:35:59.377,5953.377208,79,63,11958,630852,0,0,0,0,38.948684188300895,18.051063247327644,0.0098
2495747820,5590074,2H,97,35,01:37:35.154,6049.154165,91,55,11958,630852,1,0,0,0,25.238858928247925,24.38181187689552,0.1889
2471690336,5590066,1H,12,41,00:12:41.966,762.966361,82,50,11958,505514,0,0,0,0,28.0178514522438,30.458430966241778,0.004407
2471691091,5590066,1H,17,36,00:17:36.624,1057.624555,88,71,6433,529329,0,0,0,0,40.718546143004666,10.981172605460817,0.05862
2471691105,5590066,1H,19,37,00:19:37.766,1178.766966,80,71,6433,217052,0,0,0,0,44.654227123532216,13.237181097585845,0.02218
2471690421,5590066,1H,22,11,00:22:11.970,1332.970559,92,44,11958,480108,1,1,0,1,16.401219466856727,51.22094992115961,0.1471
2471691178,5590066,1H,28,53,00:28:53.392,1734.392691,89,24,6433,416026,0,0,0,0,18.867962264113206,46.322758078790415,0.04568
2471691215,5590066,1H,32,50,00:32:50.478,1971.478888,74,66,6433,529329,0,0,0,0,44.553338819890925,16.334131724439125,0.02032
2471691220,5590066,1H,33,1,00:33:01.487,1982.487076,91,50,6433,611287,0,0,0,0,21.2602916254693,34.186122486375034,0.3106
2471691311,5590066,1H,39,45,00:39:45.480,2386.480776,85,65,6433,217052,0,0,0,0,36.89173349139343,15.70863782901574,0.009573
2471691705,5590066,2H,82,51,01:22:51.661,5163.661755,91,44,6433,611287,1,0,0,0,17.204650534085253,49.53003140418923,0.06688
2429852442,5589032,1H,6,58,00:06:58.947,419.947137,94,54,14504,662947,0,0,0,0,22.825424421026653,24.22774531795417,0.2249
2429852477,5589032,1H,8,15,00:08:15.623,496.623097,88,51,14504,832205,1,0,0,0,24.041630560342615,31.620364695132185,0.06662
2429852673,5589032,1H,17,19,00:17:19.711,1040.711741,86,41,14504,649607,0,0,0,0,20.248456731316587,46.109913503706764,0.2632
2429852847,5589032,1H,30,26,00:30:26.507,1827.507408,88,34,14504,832205,0,1,0,1,17.0,55.79454206189526,0.2351
2429852862,5589032,1H,39,49,00:39:49.648,2390.648338,87,46,3803,426794,0,0,0,0,21.633307652783937,39.93638314696992,0.1963
2429852959,5589032,1H,42,47,00:42:47.032,2568.032267,87,71,3803,229373,0,0,0,0,41.14608122288197,11.364604002764409,0.002489
2429853097,5589032,1H,47,39,00:47:39.819,2860.819301,86,26,14504,649607,0,1,0,0,20.615528128088304,44.83295738431911,0.04588
2429853059,5589032,1H,47,59,00:47:59.491,2880.49118,88,64,3803,229373,0,0,0,0,34.48187929913333,15.43873036961082,0.0618
2429853311,5589032,2H,50,45,00:50:45.823,3295.823834,88,55,14504,544823,0,0,0,0,27.018512172212592,25.24362477224919,0.1676
2429853235,5589032,2H,55,14,00:55:14.285,3564.285312,70,49,3803,26498,0,0,0,0,38.07886552931954,24.71141075740201,0.004328
2429853606,5589032,2H,75,35,01:15:35.219,4785.219579,75,30,3803,366745,0,0,0,0,30.265491900843113,32.89101501677102,0.004445
2429853905,5589032,2H,90,36,01:30:36.665,5686.665592,85,45,3803,426794,0,0,0,0,22.825424421026653,39.28940686250036,0.01127
2429853928,5589032,2H,93,27,01:33:27.067,5857.067789,81,71,3803,296501,0,0,0,0,44.10215414239989,13.048483068286671,0.03708
2471496604,5589080,1H,2,31,00:02:31.303,152.303936,89,29,12,568962,0,0,0,0,16.76305461424021,55.22216863363612,0.02037
2471495904,5589080,1H,10,40,00:10:40.302,641.302412,90,66,3161,372255,0,0,0,0,35.34119409414458,13.016110768467204,0.01019
2471496759,5589080,1H,21,10,00:21:10.201,1271.201699,85,33,12,568962,0,0,0,0,20.024984394500787,48.366460663429805,0.07942
2471496005,5589080,1H,29,56,00:29:56.073,1797.073849,87,64,3161,330003,0,0,0,0,34.9857113690718,15.826154076172545,0.01984
2471496863,5589080,1H,31,16,00:31:16.042,1877.042113,72,25,12,406051,0,0,0,0,34.20526275297414,28.61045966596522,0.01809
2471496065,5589080,1H,34,55,00:34:55.078,2096.07834,91,30,3161,20635,0,0,0,0,14.560219778561036,62.53272766139187,0.03522
2471496102,5589080,1H,39,26,00:39:26.057,2367.057565,81,37,3161,372255,0,0,0,0,24.186773244895647,40.60129464500447,0.07558
2328671918,5588939,1H,1,47,00:01:47.628,108.62877,85,69,14376,408227,0,0,0,0,40.311288741492746,13.124637248410952,0.07016
2328671066,5588939,1H,2,30,00:02:30.888,151.888291,93,53,1625,427097,0,0,0,0,22.47220505424423,26.995838394086622,0.3941
2328671144,5588939,1H,7,20,00:07:20.247,441.247349,87,32,1625,661732,0,0,0,0,18.110770276274835,52.68007112197176,0.03557
2328671145,5588939,1H,7,21,00:07:21.832,442.832741,83,51,1625,14808,0,0,0,0,27.80287754891569,29.780535168826198,0.2588
2328671239,5588939,1H,14,15,00:14:15.706,856.706272,87,56,1625,447205,0,0,0,0,28.42534080710379,24.02096149364637,0.1681
2328671263,5588939,1H,16,24,00:16:24.152,985.152263,89,56,1625,427097,0,0,0,0,27.202941017470888,23.606568902437697,0.3563
2328671345,5588939,1H,22,59,00:22:59.351,1380.351252,87,62,1625,658798,0,0,0,0,33.28663395418648,17.509546811150354,0.0965
2328671348,5588939,1H,23,7,00:23:07.781,1388.781774,88,63,1625,549485,0,0,0,0,33.61547262794322,16.262302071936215,0.1252
2328671382,5588939,1H,25,40,00:25:40.521,1541.521023,79,64,1625,447205,0,0,0,0,39.698866482558415,17.38238888122791,0.04575
2328671406,5588939,1H,27,24,00:27:24.700,1645.700701,80,37,1625,589103,0,0,0,0,25.179356624028344,39.1367391051011,0.002976
2328671514,5588939,1H,35,47,00:35:47.889,2148.88919,79,67,1625,447205,0,0,0,0,42.01190307520001,15.53112995782574,0.01161
2328671539,5588939,1H,38,1,00:38:01.556,2282.556718,84,43,1625,447205,0,0,0,0,22.847319317591726,40.60129464500447,0.06858
2328671544,5588939,1H,38,41,00:38:41.135,2322.135117,79,56,1625,14808,0,0,0,0,34.058772731852805,23.448062577957817,0.06002
2328671572,5588939,1H,41,6,00:41:06.661,2467.661169,86,64,1625,549485,0,0,0,0,35.510561809129406,16.163200811456928,0.08225
2328671614,5588939,1H,44,29,00:44:29.914,2670.914424,86,44,1625,447205,0,0,0,0,21.470910553583888,41.98721249581666,0.1063
2328671658,5588939,2H,48,34,00:48:34.569,2927.56901,88,67,1625,658798,0,0,0,0,37.12142238654117,13.274986499487751,0.0491
2328671666,5588939,2H,49,20,00:49:20.458,2973.458584,80,40,1625,427097,0,0,0,0,25.709920264364882,37.806529944704465,0.02599
2328671680,5588939,2H,50,3,00:50:03.902,3016.902648,77,41,1625,589103,0,0,0,0,28.861739379323623,33.8304980769171,0.01747
2328671719,5588939,2H,52,51,00:52:51.643,3184.643747,94,57,1625,427097,1,0,0,0,25.495097567963924,19.18681877888252,0.2982
2328672557,5588939,2H,57,4,00:57:04.204,3437.204687,75,53,14376,109203,0,1,0,0,35.510561809129406,24.590117166196016,0.01629
2328671770,5588939,2H,57,24,00:57:24.162,3457.162687,98,57,1625,427097,0,0,0,1,24.041630560342615,14.2259638987518,0.7721
2328672579,5588939,2H,59,36,00:59:36.799,3589.799379,80,26,14376,65254,0,0,0,0,26.248809496813376,36.50631217507593,0.009244
2328671889,5588939,2H,68,21,01:08:21.185,4114.185305,88,70,1625,549485,0,0,0,0,39.81205847478876,11.500283200649971,0.04686
2328671909,5588939,2H,69,57,01:09:57.605,4210.605829,88,56,1625,658798,0,1,0,0,27.80287754891569,23.8548480769034,0.2605
2328672012,5588939,2H,73,40,01:13:40.401,4433.401029,91,61,1625,528194,0,0,0,0,30.4138126514911,16.624478143964964,0.2209
2328672059,5588939,2H,76,17,01:16:17.810,4590.810715,93,61,1625,528194,0,0,0,0,29.546573405388315,15.255118703057777,0.2752
2328672166,5588939,2H,82,9,01:22:09.065,4942.065542,91,52,1625,9380,1,0,0,0,22.80350850198276,29.857198290073992,0.1408
2328672222,5588939,2H,86,2,01:26:02.027,5175.027813,92,46,1625,14808,0,0,0,0,17.69180601295413,45.24590312327071,0.1999
2328672237,5588939,2H,88,5,01:28:05.389,5298.389021,94,58,1625,9380,1,0,0,0,26.40075756488817,17.818888914522777,0.101
2328672270,5588939,2H,89,14,01:29:14.228,5367.228586,78,77,1625,8277,0,0,0,0,50.774009099144415,11.013981268506662,0.01694
2328672292,5588939,2H,90,12,01:30:12.737,5425.737561,92,49,1625,528194,1,0,0,0,19.849433241279208,36.781930806804745,0.2094
2346208279,5588960,1H,2,16,00:02:16.309,137.30907,82,46,2446,282448,0,0,0,0,25.942243542145693,34.96602982632769,0.06054
2346208526,5588960,1H,10,26,00:10:26.483,627.483255,94,76,2446,346157,0,1,0,0,43.41658669218482,6.263490614334544,0.0184
2346208665,5588960,1H,18,9,00:18:09.184,1090.184714,79,71,2446,18591,0,0,0,0,45.221676218380054,13.4030146000928,0.01582
2346208751,5588960,1H,23,35,00:23:35.224,1416.224686,80,47,2446,577394,0,0,0,1,28.178005607210743,32.25750029887134,0.1665
2346208896,5588960,1H,29,8,00:29:08.421,1749.421976,85,48,2446,577394,0,0,0,0,24.413111231467404,34.954669630503304,0.1746
2346208752,5588960,1H,38,45,00:38:45.086,2326.08616,83,54,3803,277629,0,0,0,0,29.732137494637012,26.250242369688888,0.1168
2346208900,5588960,2H,46,10,00:46:10.525,2922.525868,77,33,3803,277629,0,0,0,0,28.0178514522438,35.599219958976164,0.001729
2346208965,5588960,2H,49,3,00:49:03.622,3095.622405,76,56,3803,277629,0,0,0,0,36.40054944640259,22.763610472574722,0.0438
2346209023,5588960,2H,51,1,00:51:01.058,3213.058458,87,37,3803,229373,1,0,0,0,18.24828759089466,52.1250163489018,0.02894
2346209107,5588960,2H,56,14,00:56:14.817,3526.81762,76,56,3803,277629,0,0,0,0,36.40054944640259,22.763610472574722,0.005348
2346209117,5588960,2H,57,4,00:57:04.450,3576.450837,68,27,3803,26498,0,0,0,0,37.656340767525464,26.47927911613087,0.04756
2346209675,5588960,2H,68,13,01:08:13.273,4245.273785,95,41,2446,228768,1,0,0,0,12.206555615733702,69.30454926593671,0.1062
2346209397,5588960,2H,74,51,01:14:51.912,4643.912202,81,52,3803,426712,0,0,0,0,30.0,27.81041544384634,0.08912
2346209505,5588960,2H,86,15,01:26:15.857,5327.857298,96,65,3803,328556,0,1,0,1,32.28002478313795,9.568640165392539,0.3211
2346209562,5588960,2H,93,23,01:33:23.376,5755.376993,91,54,3803,759497,0,0,0,0,24.413111231467404,26.07344578829223,0.2486
2346209564,5588960,2H,93,26,01:33:26.071,5758.071589,86,35,3803,26109,0,0,0,0,19.026297590440446,50.592194778977564,0.1211
2346209890,5588960,2H,94,56,01:34:56.748,5848.748007,87,50,2446,577394,0,0,0,0,24.08318915758459,32.99560723843002,0.177
2346209916,5588960,2H,97,29,01:37:29.152,6001.152071,90,42,2446,4787,0,0,0,0,17.0,52.39040920928771,0.2447
2471514529,5589074,1H,7,43,00:07:43.637,464.637129,81,42,3767,631400,0,0,0,0,25.298221281347036,37.697157470022006,0.02657
2471514532,5589074,1H,7,47,00:07:47.221,468.221023,86,32,3767,346195,0,0,0,0,19.1049731745428,50.29344225303053,0.03217
2471514644,5589074,1H,15,42,00:15:42.196,943.196885,90,42,3767,752489,0,0,0,0,17.0,52.39040920928771,0.3184
2471514660,5589074,1H,17,12,00:17:12.261,1033.261053,72,64,3767,472577,0,0,0,0,44.598206241955516,17.292449399877686,0.005967
2471514692,5589074,1H,19,4,00:19:04.117,1145.117369,77,49,3767,286390,0,0,0,0,31.76476034853718,28.506537567992368,0.04528
2471514729,5589074,1H,23,41,00:23:41.596,1422.596859,76,72,3767,396475,0,0,0,0,47.80167361086848,13.324531261890792,0.01454
2471514765,5589074,1H,28,9,00:28:09.998,1690.998577,75,57,3767,475724,0,0,0,0,37.8021163428716,21.830716787894577,0.01898
2471514798,5589074,1H,29,53,00:29:53.658,1794.658256,90,35,3767,286390,0,0,0,0,15.033296378372908,61.76255446183274,0.1439
2471514801,5589074,1H,29,59,00:29:59.382,1800.382746,89,39,3767,631400,0,0,0,0,16.76305461424021,55.22216863363612,0.2211
2471514802,5589074,1H,30,1,00:30:01.288,1802.288666,92,41,3767,631400,0,0,0,0,14.7648230602334,59.65230337632571,0.4893
2471515036,5589074,2H,49,23,00:49:23.873,3095.873078,77,61,3767,286390,0,0,0,0,38.897300677553446,19.3897900767942,0.03359
2471515101,5589074,2H,54,58,00:54:58.622,3430.622338,76,43,3767,475724,0,0,0,0,30.364452901377952,31.827446576673108,0.0133
2471515104,5589074,2H,55,16,00:55:16.567,3448.567044,80,62,3767,472577,0,0,0,0,37.53664875824692,18.719228661823667,0.01328
2471515112,5589074,2H,55,37,00:55:37.385,3469.385128,79,22,3767,475724,0,0,0,0,28.635642126552707,32.34559893761429,0.0244
2471515191,5589074,2H,62,10,01:02:10.379,3862.379052,77,67,3767,396475,0,0,0,0,43.278170016764804,15.708637829015744,0.01991
2471515250,5589074,2H,65,21,01:05:21.520,4053.520438,89,71,3767,286390,0,0,0,0,40.311288741492746,10.565873271131494,0.02672
2471515255,5589074,2H,66,15,01:06:15.118,4107.118255,75,33,3767,616353,0,0,0,0,30.01666203960727,33.36636600105956,0.001184
2471515297,5589074,2H,69,16,01:09:16.688,4288.688557,89,67,3767,286390,0,0,0,0,36.6742416417845,12.835609486401438,0.02907
2471515307,5589074,2H,70,57,01:10:57.722,4389.722993,80,30,3767,758282,0,0,0,0,25.317977802344327,38.784364100297346,0.01393
2471515350,5589074,2H,75,19,01:15:19.050,4651.050368,89,71,3767,758282,0,0,0,0,40.311288741492746,10.565873271131494,0.04082
2471515405,5589074,2H,79,43,01:19:43.606,4915.606269,81,29,3767,758282,0,0,0,0,24.515301344262525,39.71875937155488,0.0167
2471516134,5589074,2H,86,32,01:26:32.186,5324.186804,89,65,1612,635038,0,0,0,0,34.88552708502482,14.225963898751795,0.06212
2471515537,5589074,2H,93,22,01:33:22.598,5734.598478,89,24,3767,616353,0,0,0,0,18.867962264113206,46.322758078790415,0.03191
2386761828,5588993,1H,1,5,00:01:05.999,66.999195,77,35,1609,542200,0,0,0,0,28.0178514522438,35.599219958976164,0.04888
2386762002,5588993,1H,6,47,00:06:47.363,408.363117,95,50,1609,555939,0,0,0,0,18.867962264113206,33.20657031508953,0.3236
2386762097,5588993,1H,20,11,00:20:11.894,1212.894108,75,51,1609,217031,0,0,0,0,34.48187929913333,25.982966041887572,0.03351
2386762107,5588993,1H,21,14,00:21:14.271,1275.271532,97,49,1609,425925,0,0,0,0,17.0,34.69515353123397,0.7316
2386762182,5588993,1H,30,4,00:30:04.256,1805.256912,85,66,1609,520291,0,0,0,0,37.73592452822641,15.005741057058774,0.1022
2386762307,5588993,1H,37,0,00:37:00.106,2221.106559,85,66,1609,520291,0,0,0,0,37.73592452822641,15.005741057058774,0.03353
2386762309,5588993,1H,37,2,00:37:02.772,2223.772265,94,66,1609,379209,0,0,0,0,33.83784863137726,10.541604540673138,0.1705
2386762763,5588993,1H,43,14,00:43:14.242,2595.242784,87,67,9608,878211,0,0,0,0,37.589892258425,13.671307132195835,0.1273
2386762449,5588993,1H,45,24,00:45:24.616,2725.616855,96,54,1609,415917,1,0,0,0,21.93171219946131,22.047947463560376,0.2987
2386762867,5588993,2H,46,30,00:46:30.258,2849.258796,79,56,9608,559904,0,0,0,0,34.058772731852805,23.448062577957817,0.05285
2386762880,5588993,2H,46,53,00:46:53.581,2872.581848,92,57,9608,647122,0,0,0,0,26.419689627245813,20.769455259586874,0.1747
2386763123,5588993,2H,56,30,00:56:30.736,3449.73608,88,63,9608,647122,1,0,0,0,33.61547262794322,16.262302071936215,0.06045
2386763137,5588993,2H,57,45,00:57:45.734,3524.734891,79,60,9608,353237,0,0,0,0,36.76955262170047,20.21441352799975,0.01358
2386763187,5588993,2H,61,18,01:01:18.752,3737.752589,78,69,9608,388986,0,0,0,0,44.204072210600685,14.546132281472394,0.01673
2386763227,5588993,2H,66,38,01:06:38.519,4057.51938,84,57,9608,388986,0,0,0,0,31.144823004794873,23.035044489185296,0.1365
2386763277,5588993,2H,72,20,01:12:20.231,4399.231803,80,60,9608,471967,0,0,0,0,36.069377593742864,20.246620075588222,0.06841
2386763280,5588993,2H,72,54,01:12:54.102,4433.102412,86,27,9608,608713,0,0,0,0,20.248456731316587,46.109913503706764,0.006525
2386763289,5588993,2H,74,4,01:14:04.869,4503.869094,76,47,9608,431540,0,0,0,0,31.78049716414141,29.331393151254904,0.04332
2386762959,5588993,2H,81,50,01:21:50.948,4969.948601,82,57,1609,339789,0,0,0,0,32.526911934581186,22.964615731592943,0.1112
2386762964,5588993,2H,81,52,01:21:52.997,4971.997814,96,48,1609,134717,1,0,0,0,16.64331697709324,39.57477363157967,0.7458
2386763380,5588993,2H,84,10,01:24:10.452,5109.452275,80,44,9608,472347,0,0,0,0,26.92582403567252,34.94422393893614,0.07086
2386763392,5588993,2H,85,52,01:25:52.954,5211.954662,92,33,9608,388986,0,0,0,0,13.038404810405298,69.1760942750764,0.08889
2386763395,5588993,2H,86,0,01:26:00.042,5219.042762,84,66,9608,431540,0,0,0,0,38.27531841800928,15.276134393341529,0.09475
2386763104,5588993,2H,90,1,01:30:01.002,5460.002235,88,68,1609,745929,0,0,0,0,38.01315561749642,12.6443949411828,0.0655
2386763436,5588993,2H,90,53,01:30:53.037,5512.037762,77,27,9608,388986,0,0,0,0,28.861739379323623,33.8304980769171,0.02729
2386763443,5588993,2H,91,58,01:31:58.678,5577.678719,69,33,9608,471967,0,0,0,0,36.013886210738214,28.052918705905768,0.03736
2386763448,5588993,2H,92,33,01:32:33.735,5612.73587,76,56,9608,297369,0,0,0,0,36.40054944640259,22.763610472574722,0.002747
2439773253,5589055,1H,3,7,00:03:07.471,188.471267,91,58,3166,523944,1,0,0,0,27.784887978899608,20.036349187037388,0.08644
2439773326,5589055,1H,12,42,00:12:42.315,763.315056,92,31,9608,627713,0,0,0,0,13.341664064126334,67.4845305261934,0.0821
2439773394,5589055,1H,16,44,00:16:44.635,1005.635766,77,50,9608,627713,0,0,0,0,32.2490309931942,27.724056235971396,0.003963
2439773518,5589055,1H,17,32,00:17:32.851,1053.85104,85,43,3166,461665,0,0,0,0,21.93171219946131,41.98721249581666,0.125
2439773600,5589055,1H,20,9,00:20:09.743,1210.743434,95,48,3166,644104,1,0,0,0,17.204650534085253,39.936383146969916,0.3668
2439773798,5589055,1H,33,20,00:33:20.426,2001.426926,86,54,3166,633804,0,0,0,0,27.586228448267445,26.699706110158193,0.1084
2439773712,5589055,1H,39,55,00:39:55.278,2396.278409,94,31,9608,627713,0,0,0,1,11.40175425099138,76.10001258796439,0.05424
2439774134,5589055,2H,50,34,00:50:34.761,3176.761798,82,72,3166,541676,0,0,0,0,44.41846462902562,12.342699760873218,0.02642
2439773984,5589055,2H,52,29,00:52:29.029,3291.029954,75,38,9608,608713,0,1,0,0,30.265491900843113,32.89101501677102,0.04198
2439774213,5589055,2H,52,55,00:52:55.855,3317.855647,86,55,3166,461665,0,0,0,0,28.319604517012593,25.376912185980334,0.1189
2439774041,5589055,2H,58,52,00:58:52.485,3674.485344,76,60,9608,786686,0,0,0,0,38.948684188300895,19.97669903148685,0.06247
2439774374,5589055,2H,61,45,01:01:45.698,3847.698737,88,59,3166,541676,0,0,0,0,30.23243291566195,20.17065341185039,0.06905
2439774416,5589055,2H,64,10,01:04:10.622,3992.622775,87,64,3166,541676,0,0,0,0,34.9857113690718,15.826154076172545,0.02423
2439774531,5589055,2H,70,50,01:10:50.821,4392.821095,75,66,3166,92900,0,0,0,0,43.86342439892262,16.33061313307394,0.005345
2439774302,5589055,2H,76,9,01:16:09.201,4711.201249,95,46,9608,627713,0,0,0,0,15.620499351813308,47.83741070413477,0.454
2439774576,5589055,2H,79,38,01:19:38.665,4920.665194,92,64,3166,541676,0,1,0,0,32.69556544854363,13.32453126189078,0.1779
2311886545,5588916,1H,2,14,00:02:14.856,135.856077,82,53,2444,569593,0,0,0,0,29.832867780352597,27.10077366056848,0.06436
2311886613,5588916,1H,6,40,00:06:40.803,401.803767,77,67,2444,557016,0,0,0,0,43.278170016764804,15.708637829015744,0.01053
2311886725,5588916,1H,12,10,00:12:10.005,731.005382,90,34,2444,425788,0,0,0,0,15.0,61.92751306414704,0.05838
2311886728,5588916,1H,12,14,00:12:14.502,735.502534,87,37,2444,569593,0,0,0,0,18.24828759089466,52.1250163489018,0.05326
2311886976,5588916,1H,23,57,00:23:57.759,1438.75926,74,47,2444,28907,0,0,0,0,33.61547262794322,28.010082527176696,0.03215
2311887256,5588916,1H,32,44,00:32:44.442,1965.442066,86,63,2444,28907,0,0,0,0,34.66987164671943,16.966148108536178,0.1107
2311887322,5588916,1H,37,26,00:37:26.154,2247.15494,97,53,2444,557016,1,0,0,0,20.615528128088304,22.71441235316724,0.4027
2311887396,5588916,1H,40,54,00:40:54.242,2455.24222,88,58,2444,28907,0,0,0,0,29.410882339705484,21.32100600005428,0.02849
2311887164,5588916,1H,48,29,00:48:29.787,2910.787672,87,61,9417,135810,0,0,0,0,32.449961479175904,18.434948822922006,0.2008
2311887593,5588916,2H,45,45,00:45:45.731,3015.731695,76,48,2444,569593,0,0,0,0,32.202484376209235,28.635648313014702,0.01393
2311888180,5588916,2H,47,2,00:47:02.784,3092.784958,80,57,2444,8717,0,0,0,0,33.97057550292606,22.75244122094837,0.07993
2311887261,5588916,2H,48,3,00:48:03.113,3153.113353,93,46,9417,252589,0,0,0,0,16.97056274847714,46.21887523513131,0.548
2311887293,5588916,2H,49,43,00:49:43.280,3253.280377,89,37,9417,560931,0,0,0,1,16.278820596099706,57.425942865427494,0.2076
2311887691,5588916,2H,52,13,00:52:13.206,3403.206963,86,58,2444,557016,0,0,0,0,30.610455730027933,21.778324967249148,0.07662
2311887695,5588916,2H,52,17,00:52:17.596,3407.596921,94,66,2444,569593,0,0,0,0,33.83784863137726,10.541604540673138,0.215
2311887324,5588916,2H,52,43,00:52:43.544,3433.544436,91,70,9417,135810,0,0,0,0,38.62641583165593,10.126077066001766,0.07635
2311887819,5588916,2H,56,49,00:56:49.836,3679.836211,81,49,2444,224593,0,0,0,0,28.30194339616981,30.96375653207352,0.08292
2311887822,5588916,2H,56,51,00:56:51.785,3681.785719,91,46,2444,8717,0,0,0,0,18.439088914585774,44.21517539700811,0.614
2311887871,5588916,2H,60,38,01:00:38.503,3908.503926,89,57,2444,557016,0,0,0,0,28.0178514522438,22.24902365721236,0.3017
2311887892,5588916,2H,63,55,01:03:55.995,4105.995645,89,32,2444,134397,0,0,0,0,16.1245154965971,58.13790071832522,0.08847
2311887916,5588916,2H,65,26,01:05:26.353,4196.353107,77,57,2444,8717,0,0,0,0,36.235341863986875,22.24902365721237,0.07977
2311887936,5588916,2H,66,59,01:06:59.812,4289.812293,90,39,2444,8717,0,0,0,0,15.811388300841896,57.956483167255584,0.209
2311888006,5588916,2H,79,42,01:19:42.320,5052.320847,79,43,2444,425788,0,0,0,0,27.51363298439521,34.69515353123397,0.06078
2311888064,5588916,2H,84,37,01:24:37.282,5347.282144,77,54,2444,245364,0,0,0,0,34.40930106817051,24.55734967814883,0.0573
2311888133,5588916,2H,90,1,01:30:01.071,5671.071111,76,19,2444,134397,0,0,0,0,32.64965543462902,27.9213190645874,0.01355
2311888157,5588916,2H,91,31,01:31:31.245,5761.245816,90,52,2444,134387,1,0,0,0,23.430749027719962,29.981639368849336,0.2038
2311888177,5588916,2H,94,4,01:34:04.852,5914.852502,86,43,2444,8717,0,0,0,0,21.02379604162864,43.45184230102203,0.03236
2395250958,5589013,1H,16,2,00:16:02.238,963.238142,86,35,679,550459,0,0,1,0,19.026297590440446,50.592194778977564,0.1546
2395251002,5589013,1H,18,44,00:18:44.571,1125.571598,77,32,679,495674,0,0,0,0,28.071337695236398,35.48397979503183,0.01104
2395251078,5589013,1H,22,32,00:22:32.858,1353.85894,75,53,679,495674,0,0,0,0,35.510561809129406,24.590117166196016,0.009892
2395251103,5589013,1H,25,4,00:25:04.767,1505.767574,76,71,679,213948,0,0,0,0,47.01063709417264,13.77632857015562,0.005003
2395251285,5589013,1H,26,0,00:26:00.699,1561.699823,93,67,14376,109203,0,0,0,0,35.11409973215888,10.619655276155145,0.1381
2395251149,5589013,1H,26,40,00:26:40.734,1601.734781,71,49,679,776656,0,0,0,0,37.16180835212409,25.209613166751375,0.01441
2395251284,5589013,1H,36,1,00:36:01.412,2162.41285,75,51,679,279538,0,0,0,0,34.48187929913333,25.982966041887572,0.02378
2395251324,5589013,1H,37,43,00:37:43.681,2264.68166,92,46,679,495674,1,1,0,1,17.69180601295413,45.24590312327071,0.1835
2395251327,5589013,1H,37,45,00:37:45.787,2266.787717,98,41,679,495674,0,0,0,0,9.899494936611665,82.31601817026603,0.3301
2395251416,5589013,1H,41,50,00:41:50.678,2511.678276,97,48,679,3682,1,0,0,0,16.1245154965971,38.81560876610578,0.4833
2395251645,5589013,2H,53,25,00:53:25.928,3339.928248,89,39,679,550459,0,0,0,0,16.76305461424021,55.22216863363612,0.07603
2395251688,5589013,2H,56,10,00:56:10.187,3504.187105,95,36,679,3682,0,0,0,0,10.198039027185569,82.71833119246493,0.1393
2395251750,5589013,2H,59,21,00:59:21.250,3695.250158,86,28,679,495674,0,0,0,0,19.924858845171276,47.26278980713946,0.0234
2395251851,5589013,2H,63,33,01:03:33.892,3947.89266,87,45,679,550459,0,0,0,0,21.095023109728988,41.67259575827343,0.2082
2395251876,5589013,2H,64,59,01:04:59.019,4033.0195,88,28,679,495674,0,1,0,0,18.027756377319946,51.43164542644399,0.0438
2395251924,5589013,2H,67,4,01:07:04.822,4158.822927,95,65,679,3682,0,0,0,1,32.57299494980466,10.407711312490067,0.08941
2395251988,5589013,2H,75,51,01:15:51.193,4685.193305,74,63,679,471991,0,0,0,0,42.44997055358225,17.96425470361963,0.0009899
2395251991,5589013,2H,76,25,01:16:25.633,4719.633741,95,54,679,227894,1,0,0,0,22.360679774997898,23.248082968525054,0.2008
2395252343,5589013,2H,81,46,01:21:46.598,5040.598918,95,34,14376,471890,0,0,0,0,10.0,83.97442499163331,0.05144
2395252131,5589013,2H,86,16,01:26:16.847,5310.847365,90,27,679,471991,0,0,0,0,16.55294535724685,54.442253634586045,0.08197
2395252419,5589013,2H,89,50,01:29:50.060,5524.060409,78,42,14376,678611,0,0,0,0,28.160255680657446,34.31683033137471,0.0049
2415772980,5590017,1H,15,58,00:15:58.912,960.912199,90,54,684,818689,1,0,0,0,25.0,26.396286482485337,0.1017
2415773273,5590017,1H,24,13,00:24:13.685,1455.685834,86,29,684,88642,0,0,0,0,19.6468827043885,48.27300985546386,0.0145
2415773507,5590017,1H,47,10,00:47:10.012,2832.012187,87,32,684,596691,1,0,0,0,18.110770276274835,52.68007112197176,0.0108
2415772749,5590017,2H,48,14,00:48:14.766,3099.766655,79,33,11110,81341,0,0,0,0,26.019223662515376,38.14023999447419,0.04134
2415773599,5590017,2H,53,7,00:53:07.243,3392.243309,83,59,684,25472,0,0,0,0,33.301651610693426,21.067383691908496,0.1292
2415773654,5590017,2H,57,15,00:57:15.920,3640.920536,90,68,684,643199,0,0,0,0,37.16180835212409,11.733084156412238,0.0301
2415773655,5590017,2H,57,17,00:57:17.651,3642.651595,89,65,684,643199,0,0,0,0,34.88552708502482,14.225963898751795,0.0456
2415773709,5590017,2H,61,27,01:01:27.349,3892.349863,72,34,684,14922,0,0,0,0,33.0,30.510237406115554,0.002501
2415773746,5590017,2H,65,0,01:05:00.073,4105.073633,88,44,684,25472,0,0,0,0,19.72308292331602,44.81336945643444,0.2549
2415773750,5590017,2H,65,36,01:05:36.733,4141.733365,78,75,684,919510,0,0,0,0,49.09175083453431,11.786953331640742,0.003978
2415773774,5590017,2H,67,57,01:07:57.144,4282.144507,76,46,684,643199,0,0,0,0,31.38470965295043,30.003581965407182,0.06545
2415773812,5590017,2H,76,14,01:16:14.084,4779.084225,88,78,684,818689,0,0,0,0,47.16990566028302,8.122619556821862,0.01286
2415773883,5590017,2H,83,2,01:23:02.552,5187.55244,97,72,684,25472,0,0,0,0,38.8329756778952,5.762268240296335,0.07772
2415773280,5590017,2H,91,21,01:31:21.036,5686.036587,92,31,11110,541979,0,0,0,0,13.341664064126334,67.4845305261934,0.09103
2415773338,5590017,2H,93,38,01:33:38.773,5823.773171,87,60,11110,836588,0,0,0,0,31.622776601683793,19.420465484309247,0.05707
2415773343,5590017,2H,93,44,01:33:44.088,5829.0887,96,38,11110,218442,0,0,0,0,9.848857801796104,84.35945056784318,0.1687
2415773955,5590017,2H,95,46,01:35:46.737,5951.737739,73,44,684,88642,0,0,0,0,33.52610922848042,28.909811942568346,0.00861
2439330006,5589047,1H,1,16,00:01:16.001,77.001533,83,54,679,213948,0,0,0,0,29.732137494637012,26.250242369688888,0.0213
2439330082,5589047,1H,4,6,00:04:06.395,247.395023,88,64,679,722567,0,0,0,0,34.48187929913333,15.43873036961082,0.1155
2439330104,5589047,1H,11,59,00:11:59.991,720.991999,88,57,8743,624765,0,0,0,0,28.600699292150182,22.548065763176027,0.2907
2439330250,5589047,1H,12,23,00:12:23.460,744.460398,98,49,679,3682,0,0,0,0,16.55294535724685,33.138500646683575,0.8124
2439330138,5589047,1H,14,3,00:14:03.762,844.762479,79,65,8743,599405,0,1,0,0,40.45985664828782,16.739774134929537,0.01737
2439330733,5589047,1H,38,58,00:38:58.476,2339.476744,82,35,8743,836824,0,1,0,0,23.021728866442675,42.67757370176282,0.04812
2439330741,5589047,1H,39,45,00:39:45.066,2386.066043,85,56,8743,852210,0,0,0,0,29.732137494637012,24.147590652790825,0.02818
2439330801,5589047,1H,40,53,00:40:53.926,2454.926196,86,64,679,550459,0,0,0,0,35.510561809129406,16.163200811456928,0.1156
2439330830,5589047,1H,42,15,00:42:15.735,2536.735785,91,62,679,3682,0,0,0,0,31.304951684997057,15.658792950275346,0.08922
2439330877,5589047,1H,45,50,00:45:50.625,2751.625593,92,38,679,3682,0,0,0,0,13.601470508735444,66.03751102542181,0.2929
2439331009,5589047,2H,47,1,00:47:01.787,2940.787943,77,37,679,3443,0,0,0,0,28.160255680657446,35.29334759066029,0.02982
2439330967,5589047,2H,51,4,00:51:04.504,3183.504648,92,65,8743,624765,0,0,0,0,33.61547262794322,12.57506526657563,0.131
2439331019,5589047,2H,55,33,00:55:33.672,3452.672943,93,32,8743,405985,0,0,0,0,12.165525060596439,72.76688424153011,0.07335
2439331694,5589047,2H,62,47,01:02:47.016,3886.016584,92,59,679,279538,0,0,0,0,28.178005607210743,18.169357141308335,0.3143
2439331286,5589047,2H,64,28,01:04:28.926,3987.926081,87,34,679,495674,0,0,0,0,18.0,53.13010235415598,0.1293
2439331417,5589047,2H,78,55,01:18:55.641,4854.641593,92,57,8743,728068,1,0,0,0,26.419689627245813,20.769455259586874,0.1015
2439331557,5589047,2H,82,19,01:22:19.655,5058.655651,85,51,679,28922,0,0,0,0,26.248809496813376,30.6299984848207,0.1429
2439331522,5589047,2H,83,55,01:23:55.413,5154.413693,78,67,8743,624765,0,0,0,0,42.638011210655684,15.631234391322206,0.008151
2439331607,5589047,2H,85,0,01:25:00.170,5219.170355,88,35,679,471991,0,0,0,0,17.029386365926403,55.66666856493495,0.1165
2439331695,5589047,2H,90,11,01:30:11.997,5530.997952,77,48,679,279538,0,0,0,0,31.304951684997057,29.275989008081613,0.03004
2439331622,5589047,2H,90,23,01:30:23.262,5542.26236,80,36,8743,624765,0,1,0,1,25.079872407968907,39.39174095007549,0.2505
2313536991,5588922,1H,3,41,00:03:41.871,222.871274,90,32,8508,419853,0,1,0,1,15.132745950421556,61.270731215544814,0.1916
2313536760,5588922,1H,7,2,00:07:02.205,423.20562,88,61,14376,541249,0,0,0,0,31.906112267087632,18.085700722830325,0.2356
2313537161,5588922,1H,11,20,00:11:20.792,681.792203,90,49,8508,419853,1,0,0,0,21.213203435596427,36.19320730556469,0.121
2313536789,5588922,1H,12,14,00:12:14.453,735.453172,81,65,14376,21285,0,0,0,0,39.20459156782532,16.525796389925638,0.07659
2313537262,5588922,1H,16,21,00:16:21.293,982.293366,92,47,8508,433668,1,0,0,0,18.384776310850235,42.31804415845862,0.1152
2313537270,5588922,1H,17,31,00:17:31.528,1052.528863,90,43,8508,494218,0,0,0,1,17.4928556845359,50.19442890773481,0.3103
2313537415,5588922,1H,24,50,00:24:50.986,1491.986051,80,45,8508,595198,0,0,0,0,27.313000567495326,34.08588699418923,0.0644
2313536908,5588922,1H,29,47,00:29:47.108,1788.108064,90,33,14376,3813,0,0,0,1,15.033296378372908,61.76255446183274,0.08524
2313537627,5588922,1H,33,18,00:33:18.790,1999.790496,88,46,8508,494218,0,0,0,0,20.808652046684813,41.001026156053186,0.1087
2313537858,5588922,1H,41,51,00:41:51.110,2512.110819,90,42,8508,419853,1,0,0,0,17.0,52.39040920928771,0.1361
2313537974,5588922,2H,46,6,00:46:06.928,2870.928147,88,61,8508,595198,0,0,0,0,31.906112267087632,18.085700722830325,0.1041
2313538010,5588922,2H,46,49,00:46:49.327,2913.327364,96,49,8508,494218,0,0,0,0,17.4928556845359,35.75388725443675,0.4018
2313537221,5588922,2H,52,51,00:52:51.227,3275.227659,72,42,14376,408227,0,0,0,0,33.95585369269929,28.99103296387146,0.02051
2313538108,5588922,2H,54,32,00:54:32.667,3376.667761,93,69,8508,494218,0,0,0,1,37.0,9.520021865774146,0.04247
2313537338,5588922,2H,59,54,00:59:54.497,3698.497788,87,28,14376,65254,0,0,0,0,18.973665961010276,49.26789330029081,0.04249
2313538163,5588922,2H,61,24,01:01:24.942,3788.942999,74,53,8508,61965,0,0,0,0,36.359317925395686,24.210465577990906,0.04935
2313538243,5588922,2H,69,29,01:09:29.783,4273.783815,87,40,8508,419853,0,0,0,1,18.973665961010276,49.26789330029081,0.2374
2313537748,5588922,2H,79,37,01:19:37.292,4881.292166,89,34,14376,15142,0,0,0,0,16.0,58.71550708558255,0.0854
2313538355,5588922,2H,81,5,01:21:05.441,4969.441169,87,72,8508,61958,0,0,0,0,42.04759208325728,10.871669846040923,0.002541
2313537835,5588922,2H,83,19,01:23:19.133,5103.133114,89,34,14376,541249,0,0,0,0,16.0,58.71550708558255,0.1701
2313538389,5588922,2H,85,58,01:25:58.075,5262.075934,90,64,8508,479178,0,0,0,1,33.54101966249684,14.500166766552566,0.2489
2313538018,5588922,2H,91,50,01:31:50.350,5614.350005,90,31,14376,15142,0,1,0,0,15.297058540778355,60.4612177404419,0.07881
2464027971,5589062,1H,2,39,00:02:39.031,160.031709,84,52,3157,520698,0,0,0,0,27.65863337187866,28.926425835253614,0.1873
2464029382,5589062,1H,2,58,00:02:58.829,179.829859,85,23,12,580163,0,0,0,0,22.825424421026653,39.28940686250036,0.03174
2464027985,5589062,1H,7,51,00:07:51.786,472.786511,89,69,12,758294,0,1,0,0,38.48376280978771,11.624395724348927,0.06982
2464028194,5589062,1H,15,10,00:15:10.633,911.633821,78,51,3157,471753,0,0,0,0,31.906112267087632,27.414714431584297,0.1088
2464028427,5589062,1H,30,17,00:30:17.109,1818.109923,91,36,3157,471753,0,0,0,0,14.142135623730951,64.72227776444704,0.1317
2464028395,5589062,1H,32,52,00:32:52.988,1973.988124,85,56,12,758294,0,0,0,0,29.732137494637012,24.147590652790825,0.08393
2464028437,5589062,1H,36,46,00:36:46.586,2207.586616,80,25,12,580163,0,0,0,0,26.570660511172846,35.75388725443675,0.0413
2464028498,5589062,1H,39,38,00:39:38.388,2379.388665,82,45,12,535525,0,0,0,0,25.495097567963924,36.03934617345991,0.004017
2464028547,5589062,1H,44,18,00:44:18.942,2659.942051,87,33,12,475600,0,0,0,0,18.027756377319946,53.017093073655325,0.009138
2464028727,5589062,2H,47,28,00:47:28.263,3100.263067,89,26,3157,399654,0,0,0,0,17.88854381999832,50.312038963925744,0.03144
2464028728,5589062,2H,52,55,00:52:55.794,3427.794765,92,36,12,494334,0,0,0,0,13.152946437965905,68.5371140752802,0.1654
2464028883,5589062,2H,60,19,01:00:19.467,3871.467674,90,46,3157,516819,1,0,0,0,19.209372712298546,43.15238973400541,0.1451
2464028885,5589062,2H,60,22,01:00:22.020,3874.020494,78,54,3157,525236,0,0,0,0,33.60059523282288,24.87906266680477,0.08211
2464029014,5589062,2H,69,57,01:09:57.743,4449.743498,82,61,3157,520698,0,0,0,0,35.4682957019364,19.378900333601408,0.04081
2464029047,5589062,2H,71,3,01:11:03.641,4515.641536,50,25,12,580163,0,0,0,0,55.731499172371095,18.121860247901356,0.02029
2464029056,5589062,2H,72,48,01:12:48.224,4620.224019,77,46,3157,403260,0,0,0,0,30.463092423455635,30.754394079558615,0.03832
2464029102,5589062,2H,75,51,01:15:51.384,4803.384735,86,32,3157,471753,0,0,0,0,19.1049731745428,50.29344225303053,0.01187
2464029136,5589062,2H,80,10,01:20:10.302,5062.302326,88,64,3157,544643,0,0,0,0,34.48187929913333,15.43873036961082,0.1374
2464029217,5589062,2H,83,48,01:23:48.643,5280.643223,87,70,12,758294,0,0,0,0,40.24922359499622,11.888658039627972,0.08439
2464029249,5589062,2H,84,56,01:24:56.679,5348.679813,89,55,12,568962,0,0,0,0,26.40075756488817,25.057615418303023,0.01619
2464029248,5589062,2H,87,46,01:27:46.623,5518.623471,80,28,3157,471753,0,0,0,0,25.709920264364882,37.806529944704465,0.03919
2361470939,5588973,1H,2,15,00:02:15.532,136.532745,82,42,3776,502961,0,0,0,0,24.351591323771842,38.95878731205102,0.04331
2361471094,5588973,1H,9,21,00:09:21.228,562.228787,78,84,3159,409322,0,0,0,0,56.824290580701486,8.776248834863557,0.002903
2361471152,5588973,1H,13,7,00:13:07.736,788.736577,92,25,3159,418950,0,1,0,0,15.811388300841896,54.16234704572171,0.02388
2361471444,5588973,1H,26,52,00:26:52.165,1613.165195,91,62,3776,502961,0,0,0,0,31.304951684997057,15.658792950275346,0.2754
2361471526,5588973,1H,33,46,00:33:46.262,2027.26229,90,57,3159,418950,0,0,0,0,27.459060435491963,21.86009912473741,0.1467
2361471473,5588973,1H,34,26,00:34:26.915,2067.915668,90,29,3159,759543,0,0,0,0,15.811388300841896,57.956483167255584,0.02405
2361471662,5588973,1H,43,19,00:43:19.421,2600.421926,89,55,3159,365444,0,0,0,0,26.40075756488817,25.057615418303023,0.1286
2361471933,5588973,2H,51,38,00:51:38.113,3291.113185,91,41,3159,759543,0,0,0,0,15.652475842498529,56.94417718844633,0.02698
2361472005,5588973,2H,53,35,00:53:35.320,3408.32025,87,47,3159,532750,0,0,0,0,22.20360331117452,38.181785428348135,0.09775
2361471871,5588973,2H,57,0,00:57:00.736,3613.736492,92,72,3776,514379,0,0,0,0,40.162171256046406,8.68432421997975,0.06204
2361472116,5588973,2H,77,42,01:17:42.468,4855.468015,95,75,3776,514379,0,0,0,0,42.20189569201838,6.044092162241115,0.03102
2361472124,5588973,2H,78,25,01:18:25.185,4898.185225,96,60,3776,25826,1,0,0,0,27.51363298439521,13.476497903436652,0.1525
2361472410,5588973,2H,79,32,01:19:32.068,4965.068174,80,51,3159,365444,0,0,0,0,30.23243291566195,28.378631089018498,0.01955
2361472155,5588973,2H,82,45,01:22:45.421,5158.421808,79,83,3776,514379,0,0,0,0,55.47071299343465,8.87832559537499,0.01872
2361472461,5588973,2H,85,46,01:25:46.806,5339.806262,77,34,3159,471774,0,0,0,0,28.0,35.63777782904556,0.01612
2480441971,5589075,1H,2,16,00:02:16.494,137.494014,89,58,1614,388267,0,0,0,0,28.844410203711913,20.98125347190007,0.2075
2480443487,5589075,1H,8,32,00:08:32.631,513.63109,95,68,1614,397178,0,0,0,0,35.4400902933387,8.709516422004977,0.1081
2480442078,5589075,1H,11,33,00:11:33.183,694.183005,89,32,5072,563527,0,0,0,0,16.1245154965971,58.13790071832522,0.06987
2480442244,5589075,1H,24,46,00:24:46.816,1487.816723,78,28,5072,660295,0,0,0,0,27.65863337187866,35.39479584498706,0.001361
2480442330,5589075,1H,30,22,00:30:22.135,1823.135501,91,62,5072,660295,0,0,0,0,31.304951684997057,15.658792950275346,0.08445
2480442447,5589075,1H,35,29,00:35:29.467,2130.46785,76,44,5072,569212,0,0,0,0,30.675723300355934,31.256777057097374,0.01452
2480442473,5589075,1H,36,44,00:36:44.627,2205.627286,97,63,5072,261984,1,0,0,0,30.083217912982647,9.912751446723835,0.08499
2480442757,5589075,2H,54,7,00:54:07.129,3259.129395,73,44,5072,621859,0,0,0,0,33.52610922848042,28.909811942568346,0.03296
2480443296,5589075,2H,62,43,01:02:43.531,3775.531708,69,57,1614,388267,0,0,0,0,42.720018726587654,20.38303382943696,0.02717
2480442909,5589075,2H,64,19,01:04:19.582,3871.582644,80,31,5072,590629,0,0,0,0,25.179356624028344,39.1367391051011,0.004917
2480443320,5589075,2H,67,25,01:07:25.448,4057.448431,88,39,1614,288091,0,0,0,0,17.72004514666935,52.71297976353103,0.132
2480443321,5589075,2H,67,27,01:07:27.942,4059.942401,97,58,1614,421696,0,0,0,0,25.298221281347036,14.44549207596142,0.6751
2480442985,5589075,2H,68,13,01:08:13.453,4105.453547,96,56,5072,38709,1,0,0,0,23.769728648009426,18.505947274207028,0.321
2480443035,5589075,2H,74,0,01:14:00.983,4452.983202,91,36,5072,590629,0,0,0,0,14.142135623730951,64.72227776444704,0.1667
2480443100,5589075,2H,80,53,01:20:53.429,4865.429829,72,55,5072,676907,0,0,0,0,39.11521443121589,22.290582484193756,0.006472
2480443239,5589075,2H,92,14,01:32:14.650,5546.650616,86,55,5072,499720,0,0,0,0,28.319604517012593,25.376912185980334,0.1447
2427983762,5589025,1H,1,18,00:01:18.094,79.094903,78,68,676,770398,0,0,0,0,43.41658669218482,15.077599721378288,0.01729
2427983862,5589025,1H,1,51,00:01:51.840,112.840004,94,49,9607,347282,0,0,0,0,18.601075237738275,36.76597554787117,0.3599
2427983953,5589025,1H,5,45,00:05:45.501,346.501242,91,46,9607,145727,0,0,0,0,18.439088914585774,44.21517539700811,0.2619
2427983870,5589025,1H,8,28,00:08:28.545,509.545017,88,61,676,14817,0,0,0,0,31.906112267087632,18.085700722830325,0.1701
2427984041,5589025,1H,17,28,00:17:28.477,1049.477102,75,37,676,408307,0,0,0,0,30.14962686336267,33.11134196037203,0.001355
2427984076,5589025,1H,19,14,00:19:14.798,1155.798425,87,43,676,647161,0,0,0,0,20.12461179749811,45.0,0.2052
2427984100,5589025,1H,21,18,00:21:18.855,1279.855828,94,38,676,470747,1,0,0,0,11.704699910719626,74.20759647114272,0.06895
2427984293,5589025,1H,21,53,00:21:53.093,1314.093168,88,45,9607,347282,0,0,0,0,20.248456731316587,42.92562661914572,0.3049
2427984445,5589025,1H,32,28,00:32:28.112,1949.112624,81,26,9607,682098,0,0,0,0,25.298221281347036,37.697157470022006,0.01985
2427984436,5589025,1H,45,37,00:45:37.650,2738.650785,90,39,676,408307,0,0,0,0,15.811388300841896,57.956483167255584,0.2219
2427984587,5589025,2H,48,35,00:48:35.730,3170.730998,87,59,676,410062,0,1,0,1,30.805843601498726,20.46918963248217,0.06818
2427984924,5589025,2H,50,59,00:50:59.462,3314.462617,90,40,9607,682098,0,0,0,0,16.15549442140351,56.309932474020215,0.118
2427984928,5589025,2H,51,1,00:51:01.962,3316.962983,87,46,9607,347282,0,0,0,0,21.633307652783937,39.93638314696992,0.3414
2427984954,5589025,2H,51,44,00:51:44.524,3359.524511,87,64,9607,145727,0,0,0,0,34.9857113690718,15.826154076172545,0.1134
2427984982,5589025,2H,53,18,00:53:18.634,3453.634436,83,45,9607,145727,0,0,0,1,24.596747752497688,37.07926009835893,0.2678
2427984822,5589025,2H,58,18,00:58:18.782,3753.782542,82,50,676,770398,0,0,0,0,28.0178514522438,30.458430966241778,0.01068
2427984926,5589025,2H,63,40,01:03:40.466,4075.466635,75,39,676,618294,0,0,0,0,30.4138126514911,32.611536846691465,0.01881
2427984927,5589025,2H,64,0,01:04:00.385,4095.385709,78,43,676,408307,1,0,0,0,28.460498941515414,33.690067525979785,0.09156
2427984947,5589025,2H,65,32,01:05:32.219,4187.219342,80,39,676,373410,0,0,0,0,25.495097567963924,38.339103257369295,0.002024
2427985119,5589025,2H,78,13,01:18:13.509,4948.509421,74,67,676,770398,0,0,0,0,45.27692569068709,15.822336492562977,0.0292
2427985232,5589025,2H,85,0,01:25:00.838,5355.838429,48,54,676,408307,0,0,0,0,60.40695324215582,16.04290971300088,0.02014
2427985250,5589025,2H,86,4,01:26:04.323,5419.323712,93,50,676,473367,1,0,0,0,20.0,34.10255701216545,0.2158
2427985299,5589025,2H,88,2,01:28:02.937,5537.937822,90,62,676,408307,0,0,0,0,31.76476034853718,16.22226362983286,0.166
2427985305,5589025,2H,88,16,01:28:16.339,5551.339988,93,63,676,770398,0,0,0,0,31.38470965295043,13.438188158350647,0.17
2427985448,5589025,2H,88,52,01:28:52.250,5587.250099,85,37,9607,3314,0,0,0,0,20.223748416156685,47.66300076606714,0.2324
2427985352,5589025,2H,92,29,01:32:29.816,5804.816446,82,32,676,14817,0,0,0,0,23.08679276123039,42.487478235970855,0.004828
2427985406,5589025,2H,95,16,01:35:16.547,5971.547929,89,56,676,408307,0,1,0,0,27.202941017470888,23.606568902437697,0.3887
2354547272,5588961,1H,0,19,00:00:19.271,20.271182,89,30,3776,779867,0,0,0,0,16.492422502470642,56.44788352249083,0.08742
2354547269,5588961,1H,1,47,00:01:47.329,108.329703,94,67,679,55224,0,0,0,1,34.785054261852174,9.947171648713592,0.09817
2354547371,5588961,1H,4,51,00:04:51.575,292.57574,81,64,3776,25999,0,0,0,0,38.41874542459709,17.20657258804145,0.0134
2354547379,5588961,1H,5,38,00:05:38.650,339.650559,89,50,3776,600547,1,0,0,0,22.627416997969522,33.75137919815036,0.07307
2354547388,5588961,1H,7,16,00:07:16.510,437.510706,90,40,679,550459,0,0,0,0,16.15549442140351,56.309932474020215,0.2486
2354547650,5588961,1H,20,19,00:20:19.613,1220.613093,86,38,679,55224,0,0,0,0,19.4164878389476,49.1239075603156,0.3353
2354547886,5588961,1H,31,16,00:31:16.433,1877.433871,92,58,679,55224,0,0,0,0,27.294688127912362,19.412948895977213,0.2778
2354547938,5588961,1H,32,29,00:32:29.383,1950.383299,94,44,679,227894,1,0,0,0,14.866068747318506,54.73698827040275,0.213
2354548865,5588961,1H,45,23,00:45:23.765,2724.765567,90,35,3776,514379,0,0,0,0,15.033296378372908,61.76255446183274,0.1171
2354548290,5588961,2H,49,12,00:49:12.276,3091.276342,81,36,679,3682,0,0,0,0,24.08318915758459,40.88376949447557,0.01124
2354548261,5588961,2H,60,40,01:00:40.799,3779.799634,81,69,3776,514379,0,0,0,0,42.43819034784589,14.098930291396256,0.03913
2354548526,5588961,2H,65,49,01:05:49.716,4088.716742,96,53,679,3682,0,0,0,0,21.02379604162864,24.16832358129388,0.2673
2354548581,5588961,2H,67,35,01:07:35.251,4194.251749,95,31,679,550459,0,0,0,0,10.44030650891055,81.15818543980834,0.02971
2354548592,5588961,2H,68,9,01:08:09.288,4228.288063,91,72,679,550459,0,0,0,0,40.496913462633174,9.181989067411301,0.06118
2354548744,5588961,2H,83,30,01:23:30.545,5149.545109,82,45,679,254408,0,0,0,0,25.495097567963924,36.03934617345991,0.02041
2354548759,5588961,2H,84,44,01:24:44.629,5223.629854,86,37,679,495674,0,0,0,0,19.235384061671343,49.8012126883005,0.05775
2354548768,5588961,2H,85,30,01:25:30.310,5269.310316,91,55,679,722567,0,0,0,0,25.238858928247925,24.38181187689552,0.1667
2354548619,5588961,2H,88,46,01:28:46.237,5465.237258,93,55,3776,502961,0,0,0,0,24.186773244895647,23.198590513648185,0.5735
2416330465,5589018,1H,19,13,00:19:13.031,1154.031553,79,21,3159,759543,0,0,0,0,29.068883707497267,31.490196046718612,0.02614
2416330686,5589018,1H,31,16,00:31:16.176,1877.176608,86,30,3159,759543,0,1,0,0,19.4164878389476,49.1239075603156,0.08216
2416330876,5589018,1H,36,1,00:36:01.201,2162.201874,91,66,1625,427097,0,0,0,0,34.92849839314596,12.47553410338505,0.03246
2416330965,5589018,1H,39,8,00:39:08.654,2349.654991,89,47,1625,427097,0,0,0,1,20.615528128088304,39.936383146969916,0.3363
2416330836,5589018,1H,39,33,00:39:33.717,2374.717704,78,53,3159,70083,0,0,0,0,33.015148038438355,25.71848984634703,0.05391
2416331008,5589018,2H,47,5,00:47:05.029,2906.029487,79,34,3159,759543,0,0,0,0,26.0,38.18698400097123,0.00659
2416331148,5589018,2H,49,32,00:49:32.571,3053.571645,86,50,1625,14808,0,0,0,0,24.839484696748443,32.54030658725726,0.06547
2416331110,5589018,2H,52,47,00:52:47.457,3248.457742,91,46,3159,642496,0,0,0,0,18.439088914585774,44.21517539700811,0.1989
2416331114,5589018,2H,52,55,00:52:55.861,3256.861727,96,54,3159,418950,1,0,0,0,21.93171219946131,22.047947463560376,0.4083
2416331162,5589018,2H,56,13,00:56:13.433,3454.433641,87,61,3159,625471,1,0,0,0,32.449961479175904,18.434948822922006,0.02279
2416331302,5589018,2H,57,2,00:57:02.053,3503.053653,89,34,1625,549485,0,0,0,0,16.0,58.71550708558255,0.0223
2416331306,5589018,2H,57,4,00:57:04.012,3505.01259,85,39,1625,658798,0,0,0,0,20.615528128088304,46.30195267257888,0.1388
2416331189,5589018,2H,57,42,00:57:42.600,3543.600896,91,72,3159,594931,0,1,0,0,40.496913462633174,9.181989067411301,0.03781
2416331346,5589018,2H,58,32,00:58:32.727,3593.727836,89,65,1625,265673,0,0,0,0,34.88552708502482,14.225963898751795,0.1747
2416331419,5589018,2H,64,24,01:04:24.796,3945.796285,85,56,1625,14808,0,0,0,0,29.732137494637012,24.147590652790825,0.03008
2416331452,5589018,2H,65,43,01:05:43.119,4024.119046,76,51,1625,38021,0,0,0,0,33.61547262794322,26.455708219145624,0.01581
2416331492,5589018,2H,67,28,01:07:28.439,4129.439032,81,49,1625,14808,0,0,0,0,28.30194339616981,30.96375653207352,0.08615
2416331568,5589018,2H,71,51,01:11:51.398,4392.398976,79,29,1625,38021,0,0,0,0,26.476404589747453,37.04691802856159,0.003165
2416331499,5589018,2H,74,16,01:14:16.588,4537.588469,93,44,3159,471348,0,0,0,0,15.620499351813308,52.96071399469619,0.3852
2416331788,5589018,2H,89,37,01:29:37.488,5458.488043,86,38,1625,658798,0,0,0,0,19.4164878389476,49.1239075603156,0.105
2471517002,5589322,2H,47,6,00:47:06.704,3034.704372,90,58,11255,663444,0,0,0,0,28.30194339616981,20.556045219583464,0.3205
2471517908,5589322,2H,50,23,00:50:23.255,3231.255228,82,47,3162,759409,0,0,0,0,26.419689627245813,33.86116303685892,0.03853
2471517050,5589322,2H,52,38,00:52:38.168,3366.168141,96,51,11255,786642,1,0,0,0,19.235384061671343,29.272968662944194,0.3942
2471517066,5589322,2H,55,46,00:55:46.331,3554.331824,87,43,11255,564674,0,0,0,0,20.12461179749811,45.0,0.1624
2471517067,5589322,2H,55,48,00:55:48.504,3556.50467,85,44,11255,786642,0,0,0,0,22.360679774997898,40.66879405950243,0.2631
2471517122,5589322,2H,62,35,01:02:35.742,3963.742167,81,52,11255,663444,0,0,0,0,30.0,27.81041544384634,0.1158
2471517373,5589322,2H,94,36,01:34:36.750,5884.750184,96,60,11255,37840,1,0,0,0,27.51363298439521,13.476497903436652,0.0735
2471517385,5589322,2H,95,10,01:35:10.247,5918.247312,91,47,11255,693873,0,0,0,0,19.1049731745428,41.583411808228654,0.2434
2471518157,5589322,2H,97,9,01:37:09.683,6037.683085,88,57,3162,475110,0,0,0,0,28.600699292150182,22.548065763176027,0.1656
2347283799,5588953,1H,2,22,00:02:22.445,143.445429,74,64,14376,373428,0,0,0,0,43.139309220245984,17.405328806315723,0.006265
2347283781,5588953,1H,17,23,00:17:23.849,1044.849187,87,64,756,363717,0,0,0,0,34.9857113690718,15.826154076172545,0.002288
2347283894,5588953,1H,24,9,00:24:09.091,1450.091104,89,45,756,3714,0,0,0,0,19.4164878389476,44.21517539700811,0.1134
2347283996,5588953,1H,25,32,00:25:32.191,1533.191013,80,68,756,536142,0,0,0,0,42.20189569201838,14.826479970355672,0.0312
2347284055,5588953,1H,28,12,00:28:12.950,1693.9505,81,49,756,363717,0,0,0,0,28.30194339616981,30.96375653207352,0.1015
2347284068,5588953,1H,28,58,00:28:58.096,1739.096148,73,43,756,363717,0,1,0,1,33.24154027718932,29.357753542791276,0.002733
2347284151,5588953,1H,38,20,00:38:20.360,2301.360338,90,67,14376,418105,0,0,0,0,36.24913792078372,12.35155915003019,0.06072
2347284317,5588953,1H,41,21,00:41:21.123,2482.123987,95,48,756,536142,0,0,0,0,17.204650534085253,39.936383146969916,0.4446
2347284231,5588953,1H,43,23,00:43:23.495,2604.495884,86,66,14376,109203,0,0,0,0,37.21558813185679,14.695971397242621,0.09355
2347284368,5588953,2H,47,47,00:47:47.688,2939.688927,88,36,756,397060,0,0,0,0,17.11724276862369,55.28537797494747,0.1195
2347284409,5588953,2H,51,50,00:51:50.166,3182.166434,78,41,756,397060,0,0,0,0,27.892651361962706,34.8870627561117,0.0335
2347284461,5588953,2H,53,34,00:53:34.274,3286.274704,85,53,756,494315,1,1,0,1,27.586228448267445,27.897271030947632,0.06558
2347284639,5588953,2H,64,11,01:04:11.730,3923.730673,89,63,756,678620,1,0,0,0,33.12099032335839,15.826154076172545,0.0778
2347284770,5588953,2H,70,12,01:10:12.866,4284.866843,86,53,756,397060,0,0,0,0,26.870057685088806,28.081764853270542,0.0475
2347284776,5588953,2H,70,17,01:10:17.332,4289.33262,77,36,756,363717,0,0,0,0,28.071337695236398,35.48397979503183,0.01066
2347284999,5588953,2H,91,46,01:31:46.886,5578.886134,88,34,14376,552026,0,0,0,0,17.0,55.79454206189526,0.005844
2347285005,5588953,2H,92,12,01:32:12.562,5604.562737,94,50,14376,450,0,0,0,0,19.4164878389476,33.77931321628475,0.3159
2347285014,5588953,2H,92,56,01:32:56.626,5648.62652,75,67,14376,109203,0,1,0,0,44.598206241955516,15.80251395393553,0.0292
2347285020,5588953,2H,93,23,01:33:23.011,5675.011,97,35,14376,282028,1,0,0,0,8.06225774829855,96.3401917459099,0.0789
2387330934,5588992,1H,2,2,00:02:02.765,123.76571,83,47,1625,14808,0,0,0,0,25.553864678361276,34.69515353123396,0.1057
2387331190,5588992,1H,9,26,00:09:26.148,567.14831,91,45,1625,427097,1,0,0,0,17.804493814764857,46.877877447285364,0.1379
2387331246,5588992,1H,10,30,00:10:30.322,631.322847,93,35,1625,427097,0,0,0,0,12.041594578792296,73.49563861824498,0.0948
2387331272,5588992,1H,12,16,00:12:16.215,737.215521,89,38,1625,11051,0,0,0,0,16.492422502470642,56.44788352249083,0.1875
2387331227,5588992,1H,22,5,00:22:05.486,1326.486538,87,57,12,580163,0,0,0,0,29.206163733020468,22.76726280611052,0.04763
2387331532,5588992,1H,22,44,00:22:44.392,1365.392107,78,47,1625,447205,0,0,0,0,29.966648127543394,30.746688948963556,0.0639
2387331538,5588992,1H,23,7,00:23:07.770,1388.770672,86,28,1625,11051,0,0,0,0,19.924858845171276,47.26278980713946,0.008681
2387331410,5588992,1H,31,20,00:31:20.831,1881.831498,78,40,12,580163,0,0,0,1,27.65863337187866,35.39479584498706,0.1151
2387331441,5588992,1H,34,26,00:34:26.152,2067.15268,81,65,12,758294,0,0,0,0,39.20459156782532,16.525796389925638,0.03102
2387331767,5588992,1H,34,50,00:34:50.339,2091.339141,87,59,1625,447205,0,0,0,0,30.805843601498726,20.46918963248217,0.154
2387331478,5588992,1H,36,17,00:36:17.721,2178.721087,81,31,12,368530,0,0,0,0,24.186773244895647,40.60129464500447,0.01372
2387331801,5588992,1H,37,31,00:37:31.588,2252.588251,89,48,1625,134102,1,0,0,0,21.2602916254693,37.821486206781884,0.06802
2387331849,5588992,1H,40,18,00:40:18.301,2419.301409,86,34,1625,427097,0,0,0,0,19.0,50.69235188389338,0.1121
2387331872,5588992,1H,40,47,00:40:47.777,2448.77776,85,44,1625,134102,0,0,0,0,22.360679774997898,40.66879405950243,0.07443
2387332027,5588992,2H,48,35,00:48:35.279,3066.279091,90,67,1625,589103,0,0,0,0,36.24913792078372,12.35155915003019,0.07671
2387332033,5588992,2H,49,14,00:49:14.482,3105.482002,82,52,1625,14808,0,0,0,0,29.206163733020468,28.203298990557677,0.08619
2387332141,5588992,2H,52,31,00:52:31.336,3302.336262,90,51,1625,427097,0,0,0,0,22.67156809750927,31.945873695297713,0.2429
2387332179,5588992,2H,54,30,00:54:30.075,3421.075231,88,55,1625,568412,0,0,0,0,27.018512172212592,25.24362477224919,0.1702
2387331853,5588992,2H,57,9,00:57:09.255,3580.255858,45,62,12,494334,0,0,0,0,66.2117814289874,14.089492318314177,0.001041
2387331881,5588992,2H,60,16,01:00:16.058,3767.058702,72,34,12,357806,0,0,0,0,33.0,30.510237406115554,0.04024
2387332480,5588992,2H,72,50,01:12:50.149,4521.149136,87,34,1625,38021,0,0,0,0,18.0,53.13010235415598,0.2102
2387332680,5588992,2H,74,5,01:14:05.581,4596.581748,97,36,12,758294,0,0,0,0,8.246211251235321,95.15855178060603,0.1323
2387332521,5588992,2H,79,32,01:19:32.094,4923.094321,75,52,1625,528194,0,0,0,0,34.9857113690718,25.287968261823035,0.05967
2387332212,5588992,2H,81,18,01:21:18.020,5029.020297,98,50,12,516819,1,0,0,0,17.46424919657298,29.357753542791276,0.7811
2387332565,5588992,2H,86,13,01:26:13.385,5324.385898,82,47,1625,38021,0,0,0,0,26.419689627245813,33.86116303685892,0.1091
2387332574,5588992,2H,87,16,01:27:16.832,5387.832567,94,71,1625,427097,0,0,0,0,38.600518131237564,7.9991212754188314,0.05162
2387332300,5588992,2H,88,50,01:28:50.100,5481.100078,93,47,12,357806,1,0,0,0,17.69180601295413,42.95459151111278,0.2598
2387332597,5588992,2H,90,57,01:30:57.682,5608.682165,87,33,1625,11051,0,0,0,0,18.027756377319946,53.017093073655325,0.09764
2447682760,5589064,1H,5,40,00:05:40.443,341.443023,86,50,9608,627713,0,0,0,0,24.839484696748443,32.54030658725726,0.01367
2447682816,5589064,1H,8,22,00:08:22.125,503.125229,95,42,9608,627713,0,0,0,0,12.806248474865697,65.24504821803977,0.2333
2447682982,5589064,1H,10,50,00:10:50.987,651.987499,92,58,2447,18550,1,0,0,0,27.294688127912362,19.412948895977213,0.0742
2447682935,5589064,1H,14,28,00:14:28.797,869.797712,76,41,9608,431540,0,0,0,0,29.832867780352597,32.83176799594827,0.04656
2447682948,5589064,1H,14,59,00:14:59.193,900.193842,76,52,9608,562484,0,0,0,0,34.132096331752024,25.7131321121728,0.08995
2447683097,5589064,1H,17,56,00:17:56.316,1077.316528,76,59,2447,15526,0,0,0,0,38.28837943815329,20.651190740995947,0.004603
2447683002,5589064,1H,19,6,00:19:06.010,1147.010238,78,29,9608,824963,0,0,0,0,27.459060435491963,35.83454445929908,0.03093
2447683210,5589064,1H,34,6,00:34:06.023,2047.023724,72,56,9608,627713,0,0,0,0,39.66106403010388,21.708655067706026,0.03992
2447683233,5589064,1H,36,43,00:36:43.881,2204.88172,87,43,9608,824963,0,0,0,0,20.12461179749811,45.0,0.1825
2447683622,5589064,1H,37,34,00:37:34.432,2255.432626,76,42,2447,622782,0,0,0,0,30.083217912982647,32.35406002225032,0.0536
2447683249,5589064,1H,40,19,00:40:19.463,2420.463988,82,43,9608,431540,0,0,0,0,24.698178070456937,38.04704253182609,0.03518
2447683720,5589064,1H,43,18,00:43:18.855,2599.855561,85,33,2447,622782,0,0,0,0,20.024984394500787,48.366460663429805,0.01702
2447683759,5589064,1H,45,30,00:45:30.733,2731.733879,77,31,2447,263490,0,0,0,0,28.160255680657446,35.29334759066029,0.002359
2447683917,5589064,2H,51,10,00:51:10.264,3174.264308,81,39,2447,622782,0,0,0,0,24.515301344262525,39.71875937155488,0.02024
2447684001,5589064,2H,54,59,00:54:59.540,3403.54093,87,62,2447,496766,0,0,0,0,33.28663395418648,17.509546811150354,0.1159
2447684045,5589064,2H,57,54,00:57:54.475,3578.475502,80,37,2447,622782,0,0,0,0,25.179356624028344,39.1367391051011,0.007073
2447684080,5589064,2H,59,23,00:59:23.679,3667.679615,94,47,2447,263490,1,0,0,0,17.029386365926403,43.451842301022026,0.2288
2447683623,5589064,2H,63,22,01:03:22.557,3906.557025,74,54,9608,636182,0,0,0,0,36.89173349139343,23.55419262887524,0.008023
2447684154,5589064,2H,67,27,01:07:27.961,4151.961003,94,46,2447,15526,0,0,0,0,16.278820596099706,47.09890593320355,0.3365
2447683691,5589064,2H,70,2,01:10:02.739,4306.739328,88,60,9608,472347,0,0,0,0,31.064449134018133,19.093492000485618,0.09059
2447684182,5589064,2H,71,57,01:11:57.791,4421.791942,98,59,2447,565394,0,0,0,0,25.96150997149434,11.995743731716377,0.187
2447683741,5589064,2H,73,5,01:13:05.505,4489.505828,88,69,9608,388986,0,0,0,0,38.91015291668744,12.053792513320268,0.002271
2447683754,5589064,2H,73,46,01:13:46.086,4530.086195,86,45,9608,807210,0,0,0,0,21.95449840010015,40.459794756891306,0.06826
2447684276,5589064,2H,79,33,01:19:33.719,4877.719744,87,50,2447,263490,0,0,0,0,24.08318915758459,32.99560723843002,0.09727
2447684290,5589064,2H,81,42,01:21:42.251,5006.251924,95,43,2447,496766,0,0,0,0,13.45362404707371,60.94539590092286,0.617
2447684027,5589064,2H,89,49,01:29:49.923,5493.923518,80,46,9608,431540,0,0,0,0,27.730849247724095,33.18748585925876,0.09184
2447684371,5589064,2H,90,29,01:30:29.035,5533.035517,73,49,2447,65596,0,0,0,0,35.34119409414458,26.250242369688888,0.03962
2510021830,5590082,1H,6,46,00:06:46.451,407.451135,90,65,11958,657334,0,0,0,0,34.438350715445125,13.730831757625499,0.04935
2510021924,5590082,1H,11,31,00:11:31.468,692.468613,90,71,11958,422527,0,1,0,0,39.92492955535426,10.118118173759981,0.07058
2510021930,5590082,1H,12,12,00:12:12.709,733.709915,76,60,11958,334157,0,0,0,0,38.948684188300895,19.97669903148685,0.02895
2510022035,5590082,1H,13,28,00:13:28.296,809.296218,91,65,3176,585048,0,0,0,0,34.0147027033899,13.181146071659764,0.1131
2510022320,5590082,1H,26,38,00:26:38.537,1599.537045,96,32,3176,523086,0,0,0,0,9.219544457292887,88.58557678859785,0.058
2510022478,5590082,1H,33,41,00:33:41.274,2022.274704,92,23,3176,491083,0,0,0,0,17.029386365926403,48.22997018164815,0.04089
2510022571,5590082,1H,39,12,00:39:12.418,2353.41817,76,37,3176,585048,0,0,0,0,29.154759474226502,34.16880357254231,0.008629
2510022576,5590082,1H,39,15,00:39:15.285,2356.285546,81,64,3176,302799,0,0,0,0,38.41874542459709,17.20657258804145,0.09395
2510022676,5590082,1H,44,40,00:44:40.505,2681.505924,77,58,3176,302799,0,0,0,0,36.87817782917155,21.50730972954353,0.01121
2510022476,5590082,1H,45,49,00:45:49.356,2750.356499,88,31,11958,234131,0,0,0,1,17.26267650163207,54.65762779636891,0.1208
2510022592,5590082,2H,50,35,00:50:35.101,3122.101667,87,59,11958,173284,1,0,0,0,30.805843601498726,20.46918963248217,0.0609
2510022680,5590082,2H,54,7,00:54:07.689,3334.689301,74,35,11958,480108,0,0,0,0,31.016124838541646,32.348990695907226,0.04289
2510022707,5590082,2H,56,16,00:56:16.522,3463.522138,84,66,11958,657334,0,0,0,0,38.27531841800928,15.276134393341529,0.009363
2510022781,5590082,2H,70,20,01:10:20.689,4307.6893,85,41,11958,422527,0,1,0,1,21.18962010041709,44.37040139158974,0.001888
2510023147,5590082,2H,74,12,01:14:12.751,4539.751363,80,37,3176,746790,0,0,0,0,25.179356624028344,39.1367391051011,0.06751
2510023188,5590082,2H,76,15,01:16:15.116,4662.116408,82,30,3176,532465,0,0,0,0,23.345235059857504,41.740662731138144,0.008119
2510023194,5590082,2H,76,21,01:16:21.265,4668.265005,81,67,3176,491083,0,0,0,0,40.80441152620633,15.255118703057784,0.03006
2510023035,5590082,2H,86,55,01:26:55.975,5302.975644,93,56,11958,173284,1,0,0,0,25.059928172283335,21.548130140533196,0.1465
2510023196,5590082,2H,96,0,01:36:00.144,5847.144951,90,46,11958,600742,0,0,0,0,19.209372712298546,43.15238973400541,0.3648
2510061561,5590081,1H,1,50,00:01:50.051,111.051051,86,53,13527,7711,0,0,0,0,26.870057685088806,28.081764853270542,0.06616
2510062371,5590081,1H,8,35,00:08:35.946,516.946172,88,37,684,1016232,0,0,0,0,17.26267650163207,54.65762779636891,0.05844
2510062437,5590081,1H,14,11,00:14:11.783,852.783716,80,54,684,596691,0,0,0,0,32.01562118716424,25.486900306192084,0.08125
2510062475,5590081,1H,17,56,00:17:56.306,1077.306749,84,41,684,1016232,0,0,0,0,22.135943621178654,42.74428030898894,0.05627
2510062494,5590081,1H,19,8,00:19:08.709,1149.709808,75,61,684,529349,0,0,0,0,40.36087214122113,19.230672375661285,0.04169
2510062533,5590081,1H,21,23,00:21:23.217,1284.217379,87,44,684,1016232,0,0,0,0,20.591260281974,43.36832757911374,0.2033
2510062538,5590081,1H,23,34,00:23:34.855,1415.855945,85,46,684,25472,0,0,0,1,23.323807579381203,37.86641541734824,0.4558
2510062570,5590081,1H,27,5,00:27:05.871,1626.871104,86,54,684,25472,0,0,0,0,27.586228448267445,26.699706110158193,0.04988
2510061729,5590081,1H,28,11,00:28:11.402,1692.402055,87,47,13527,481384,0,0,0,0,22.20360331117452,38.181785428348135,0.1321
2510062643,5590081,1H,32,5,00:32:05.655,1926.655057,94,49,684,3563,1,0,0,0,18.601075237738275,36.76597554787117,0.3113
2510062702,5590081,1H,39,38,00:39:38.240,2379.24015,89,59,684,25472,0,0,0,0,29.68164415931166,19.79887635452493,0.3057
2510061864,5590081,1H,41,40,00:41:40.771,2501.771933,76,42,13527,472287,0,0,0,0,30.083217912982647,32.35406002225032,0.0191
2510062756,5590081,1H,45,27,00:45:27.137,2728.137962,96,62,684,28529,0,0,0,1,29.410882339705484,11.674868809750862,0.1108
2510062768,5590081,1H,46,25,00:46:25.140,2786.140082,81,38,684,529349,0,0,0,0,24.331050121192877,40.21121755638399,0.00313
2510062770,5590081,1H,46,27,00:46:27.678,2788.678935,92,44,684,1016232,0,0,0,0,16.401219466856727,51.22094992115961,0.3631
2510062842,5590081,2H,54,17,00:54:17.220,3531.220343,94,33,684,1016232,0,0,0,1,11.045361017187261,78.30106239119735,0.1348
2510062952,5590081,2H,62,0,01:02:00.431,3994.431741,88,32,684,357992,0,0,0,0,17.11724276862369,55.28537797494747,0.05273
2510062960,5590081,2H,62,17,01:02:17.467,4011.467463,90,58,684,3335,1,0,0,0,28.30194339616981,20.556045219583464,0.1606
2510062968,5590081,2H,63,7,01:03:07.494,4061.494833,91,47,684,356237,0,0,0,0,19.1049731745428,41.583411808228654,0.4084
2510062987,5590081,2H,65,15,01:05:15.312,4189.312618,90,43,684,25472,0,0,0,0,17.4928556845359,50.19442890773481,0.2595
2510062989,5590081,2H,65,55,01:05:55.611,4229.611965,91,30,684,14922,0,0,0,0,14.560219778561036,62.53272766139187,0.03922
2510062990,5590081,2H,65,57,01:05:57.651,4231.651034,86,50,684,596691,0,0,0,0,24.839484696748443,32.54030658725726,0.2472
2510063092,5590081,2H,73,2,01:13:02.448,4656.448593,88,33,684,356237,0,0,0,0,17.029386365926403,55.66666856493495,0.03042
2510063096,5590081,2H,74,1,01:14:01.688,4715.688951,92,57,684,596691,1,0,0,0,26.419689627245813,20.769455259586874,0.1743
2510063137,5590081,2H,77,51,01:17:51.564,4945.564909,91,41,684,356237,0,0,0,0,15.652475842498529,56.94417718844633,0.2829
2510063157,5590081,2H,80,14,01:20:14.426,5088.426631,91,47,684,3335,1,0,0,0,19.1049731745428,41.583411808228654,0.09568
2510063159,5590081,2H,80,16,01:20:16.195,5090.195965,94,56,684,25472,0,0,0,0,24.596747752497688,20.699703371145432,0.537
2510063193,5590081,2H,83,4,01:23:04.691,5258.691641,78,39,684,598620,0,0,0,0,27.459060435491963,35.83454445929908,0.05105
2510063195,5590081,2H,83,39,01:23:39.762,5293.762979,84,64,684,356237,0,0,0,0,36.61966684720111,16.69924423399363,0.02089
2510063267,5590081,2H,89,28,01:29:28.233,5642.233852,75,59,684,706732,0,0,0,0,39.05124837953327,20.503847439144398,0.03171
2382135616,5588986,1H,1,52,00:01:52.570,113.570063,80,57,3157,403260,0,0,0,0,33.97057550292606,22.75244122094837,0.09079
2382135682,5588986,1H,5,47,00:05:47.160,348.160641,75,37,3157,525236,0,0,0,0,30.14962686336267,33.11134196037203,0.01747
2382135698,5588986,1H,7,15,00:07:15.049,436.049089,82,68,3157,344132,0,0,0,0,41.048751503547585,14.47245473734946,0.009405
2382135785,5588986,1H,11,41,00:11:41.300,702.300053,77,31,3157,257028,0,0,0,0,28.160255680657446,35.29334759066029,0.01922
2382135819,5588986,1H,13,1,00:13:01.066,782.066378,76,41,3157,520698,0,0,0,0,29.832867780352597,32.83176799594827,0.03294
2382135583,5588986,1H,14,30,00:14:30.054,871.054179,91,58,14376,541249,0,0,0,1,27.784887978899608,20.036349187037388,0.7958
2382135879,5588986,1H,15,31,00:15:31.547,932.547342,90,31,3157,391530,0,0,0,0,15.297058540778355,60.4612177404419,0.08499
2382135980,5588986,1H,20,24,00:20:24.970,1225.970409,87,64,3157,391530,0,0,0,0,34.9857113690718,15.826154076172545,0.1555
2382136022,5588986,1H,23,0,00:23:00.702,1381.702811,79,62,3157,403260,0,0,0,0,38.2099463490856,18.74599777316555,0.002053
2382135731,5588986,1H,23,11,00:23:11.011,1392.011737,87,58,14376,109203,0,0,0,0,30.0,21.583969241769598,0.321
2382135865,5588986,1H,32,44,00:32:44.518,1965.518608,92,44,14376,450,1,0,0,0,16.401219466856727,51.22094992115961,0.07546
2382136321,5588986,1H,36,53,00:36:53.815,2214.815043,87,59,3157,520698,0,0,0,0,30.805843601498726,20.46918963248217,0.1676
2382136424,5588986,1H,43,42,00:43:42.454,2623.454945,93,54,3157,343951,1,0,0,0,23.323807579381203,25.010118524896047,0.1841
2382136536,5588986,2H,47,53,00:47:53.851,2948.851538,76,57,3157,391530,0,0,0,0,37.013511046643494,22.046229059872513,0.01126
2382136745,5588986,2H,62,23,01:02:23.944,3818.944277,85,59,3157,403260,0,0,0,0,32.01562118716424,20.874646826450036,0.04045
2382136832,5588986,2H,67,34,01:07:34.897,4129.897723,86,38,3157,399654,0,0,0,1,19.4164878389476,49.1239075603156,0.3737
2382136859,5588986,2H,70,13,01:10:13.826,4288.826035,89,31,3157,343951,0,0,0,0,16.278820596099706,57.425942865427494,0.102
2382136659,5588986,2H,77,52,01:17:52.202,4747.202393,75,66,14376,109203,0,0,0,0,43.86342439892262,16.33061313307394,0.004014
2382136844,5588986,2H,87,57,01:27:57.057,5352.057782,81,39,14376,678611,0,0,0,0,24.515301344262525,39.71875937155488,0.1092
2450500633,5589060,1H,7,50,00:07:50.227,471.227551,83,35,11,631024,0,0,0,0,22.02271554554524,44.42706130231652,0.08396
2450500773,5589060,1H,14,25,00:14:25.846,866.846772,90,56,11,267,1,1,0,1,26.627053911388696,23.264624805785594,0.157
2450500846,5589060,1H,15,0,00:15:00.141,901.141506,76,46,3159,444669,0,0,0,0,31.38470965295043,30.003581965407182,0.05097
2450500805,5589060,1H,15,23,00:15:23.557,924.557652,86,43,11,631024,0,0,0,0,21.02379604162864,43.45184230102203,0.1505
2450500902,5589060,1H,18,52,00:18:52.048,1133.048505,94,48,11,728551,1,0,0,0,17.804493814764857,39.996080047759655,0.2765
2450500977,5589060,1H,22,16,00:22:16.471,1337.471279,90,45,3159,444669,1,0,0,0,18.601075237738275,45.53545898556453,0.1047
2450501000,5589060,1H,23,54,00:23:54.274,1435.274649,88,31,11,267,0,0,0,0,17.26267650163207,54.65762779636891,0.01447
2450501004,5589060,1H,25,5,00:25:05.497,1506.497867,91,61,11,267,1,0,0,0,30.4138126514911,16.624478143964964,0.079
2450501096,5589060,1H,29,4,00:29:04.655,1745.655319,81,34,3159,759543,0,0,0,0,24.0,41.112090439166934,0.01721
2450501132,5589060,1H,30,7,00:30:07.686,1808.686264,76,51,3159,443324,0,0,0,0,33.61547262794322,26.455708219145624,0.01708
2450501173,5589060,1H,33,6,00:33:06.663,1987.663668,94,53,3159,437490,0,0,0,0,21.95449840010015,26.278574666800914,0.53
2450501177,5589060,1H,33,10,00:33:10.756,1991.756879,83,52,3159,471348,0,0,0,0,28.42534080710379,28.57731837234341,0.1156
2450501271,5589060,1H,39,40,00:39:40.995,2381.995216,91,55,3159,444669,1,0,0,0,25.238858928247925,24.38181187689552,0.1646
2450501330,5589060,1H,44,20,00:44:20.807,2661.807928,81,33,11,439889,0,0,0,0,24.020824298928627,41.05481377096244,0.0514
2450501351,5589060,2H,45,13,00:45:13.233,2783.233466,77,40,11,470779,0,0,0,0,28.635642126552707,34.29409367624458,0.01499
2450502245,5589060,2H,50,45,00:50:45.271,3115.271081,91,41,3159,636204,0,0,0,0,15.652475842498529,56.94417718844633,0.2004
2450501622,5589060,2H,53,24,00:53:24.854,3274.854342,73,62,3159,471774,0,0,0,0,42.5205832509386,18.444901190289883,0.0139
2450501473,5589060,2H,54,22,00:54:22.192,3332.192174,84,65,11,14812,1,0,0,0,37.44329045369811,15.968307338075364,0.03408
2450501497,5589060,2H,55,21,00:55:21.037,3391.037917,75,40,11,475601,0,0,0,0,30.59411708155671,32.27564431457763,0.01897
2450501502,5589060,2H,55,24,00:55:24.771,3394.77196,87,59,11,14812,0,0,0,0,30.805843601498726,20.46918963248217,0.3489
2450501792,5589060,2H,63,34,01:03:34.637,3884.637994,88,65,3159,594931,0,0,0,0,35.35533905932738,14.668748458161136,0.04382
2450501816,5589060,2H,75,8,01:15:08.439,4578.439413,74,37,11,470779,0,0,0,0,31.144823004794873,32.115322460226615,0.002722
2450501855,5589060,2H,78,20,01:18:20.032,4770.032714,77,44,11,595191,0,0,0,0,29.732137494637012,32.114286056782205,0.005747
2450502152,5589060,2H,81,14,01:21:14.281,4944.281485,97,58,3159,636204,0,0,0,0,25.298221281347036,14.44549207596142,0.3323
2450502117,5589060,2H,90,49,01:30:49.591,5519.591784,92,38,11,446065,0,0,0,0,13.601470508735444,66.03751102542181,0.1815
2450502121,5589060,2H,91,22,01:31:22.694,5552.694428,91,54,11,267,1,0,0,0,24.413111231467404,26.07344578829223,0.09333
2350598509,5588952,1H,1,30,00:01:30.795,91.79559,80,48,3166,637858,0,0,0,0,28.653097563788805,31.304123495590975,0.006619
2350598623,5588952,1H,3,18,00:03:18.290,199.290679,95,63,1614,600432,0,0,0,0,30.675723300355934,11.821488340607264,0.2215
2350598563,5588952,1H,6,33,00:06:33.604,394.604666,92,41,3166,539976,0,0,0,1,14.7648230602334,59.65230337632571,0.1937
2350598573,5588952,1H,7,2,00:07:02.682,423.682129,79,42,3166,541676,0,1,0,0,27.202941017470888,35.38110982115855,0.0008823
2350598714,5588952,1H,8,49,00:08:49.656,530.656036,78,31,1614,600432,0,0,0,0,27.16615541441225,36.49129668372969,0.001255
2350598752,5588952,1H,10,40,00:10:40.907,641.907351,76,64,1614,540754,0,0,0,0,41.72529209005013,17.45616304485491,0.001118
2350598889,5588952,1H,20,35,00:20:35.111,1236.111714,89,41,1614,600432,1,0,0,0,17.46424919657298,52.1250163489018,0.07293
2350598952,5588952,1H,22,58,00:22:58.612,1379.612977,86,31,1614,223794,0,0,0,0,19.235384061671343,49.8012126883005,0.09031
2350598992,5588952,1H,24,53,00:24:53.823,1494.823499,78,42,1614,600432,0,0,0,0,28.160255680657446,34.31683033137471,0.06433
2350598817,5588952,1H,27,11,00:27:11.556,1632.556275,86,42,3166,539976,0,0,0,0,20.615528128088304,44.83295738431911,0.1765
2350599150,5588952,1H,32,59,00:32:59.113,1980.113415,78,39,1614,263802,0,0,0,0,27.459060435491963,35.83454445929908,0.04684
2350599379,5588952,1H,45,20,00:45:20.060,2721.060258,71,42,1614,491344,0,0,0,0,34.92849839314596,28.24973549497428,0.03093
2350599386,5588952,1H,46,1,00:46:01.404,2762.404587,82,59,1614,491344,0,0,0,0,33.97057550292606,21.098315562912465,0.1199
2350599450,5588952,2H,47,14,00:47:14.604,2965.60481,90,54,1614,388267,0,1,0,0,25.0,26.396286482485337,0.3129
2350599227,5588952,2H,48,42,00:48:42.415,3053.41516,82,58,3166,282799,0,0,0,0,33.24154027718932,22.01332969502579,0.09694
2350599795,5588952,2H,63,17,01:03:17.626,3928.626107,92,50,1614,600432,0,0,0,0,20.615528128088304,34.22481260771649,0.3027
2350599835,5588952,2H,66,13,01:06:13.191,4104.191576,82,48,1614,491344,0,0,0,0,26.92582403567252,32.7352262721076,0.05783
2350599855,5588952,2H,67,23,01:07:23.236,4174.236353,88,64,1614,606741,0,0,0,0,34.48187929913333,15.43873036961082,0.06195
2350599508,5588952,2H,70,40,01:10:40.679,4371.67901,75,61,3166,352096,0,0,0,0,40.36087214122113,19.230672375661285,0.04132
2350599562,5588952,2H,74,27,01:14:27.684,4598.684626,75,29,3166,644104,0,0,0,0,30.4138126514911,32.611536846691465,0.01389
2350599610,5588952,2H,76,27,01:16:27.868,4718.86868,73,19,3166,92900,0,0,0,0,35.34119409414458,26.250242369688888,0.03315
2350599931,5588952,2H,80,49,01:20:49.401,4980.401724,93,31,1614,491344,0,0,0,0,12.36931687685298,71.56505117707799,0.09575
2350599757,5588952,2H,83,10,01:23:10.601,5121.60172,79,72,3166,399569,0,0,0,0,46.04345773288535,12.926874330417485,0.001509
2350599799,5588952,2H,85,6,01:25:06.297,5237.297509,96,42,3166,523944,1,0,0,0,12.041594578792296,68.44292071496228,0.2236
2350600044,5588952,2H,93,5,01:33:05.222,5716.222646,92,37,1614,470680,0,0,0,0,13.341664064126334,67.4845305261934,0.28
2401204061,5589017,1H,1,35,00:01:35.842,96.842979,76,31,11241,414015,0,0,0,0,29.154759474226502,34.16880357254231,0.01976
2401204089,5589017,1H,2,45,00:02:45.346,166.346057,88,71,11241,418949,0,0,0,0,40.718546143004666,10.981172605460817,0.0456
2401204183,5589017,1H,8,4,00:08:04.775,485.775388,89,37,12,65252,1,0,0,0,16.278820596099706,57.425942865427494,0.0342
2401204190,5589017,1H,9,34,00:09:34.728,575.72849,76,41,12,580163,0,0,0,0,29.832867780352597,32.83176799594827,0.05424
2401204400,5589017,1H,18,33,00:18:33.528,1114.528737,88,52,12,655297,0,0,0,0,24.758836806279895,29.906995034339122,0.1047
2401204359,5589017,1H,20,38,00:20:38.671,1239.671625,74,45,11241,418949,0,0,0,0,32.89376840679705,29.137155804961257,0.04617
2401204527,5589017,1H,25,1,00:25:01.497,1502.497205,76,54,12,655297,0,0,0,0,35.22782990761707,24.22774531795417,0.005443
2401204565,5589017,1H,28,52,00:28:52.418,1733.41886,86,53,12,516819,1,0,0,0,26.870057685088806,28.081764853270542,0.06841
2401204591,5589017,1H,30,6,00:30:06.050,1807.05012,86,75,12,758294,0,0,0,0,45.18849411078001,9.892931538103182,0.02477
2401204631,5589017,1H,32,28,00:32:28.351,1949.351911,86,24,12,580163,0,0,0,0,21.470910553583888,41.98721249581666,0.01625
2401204587,5589017,1H,42,7,00:42:07.561,2528.561665,96,56,11241,750360,0,0,0,0,23.769728648009426,18.505947274207028,0.3618
2401204663,5589017,1H,45,54,00:45:54.608,2755.608214,75,46,11241,750360,0,0,0,0,32.31098884280702,29.28142706105902,0.04823
2401204952,5589017,1H,47,26,00:47:26.533,2847.533239,86,29,12,580163,0,0,0,0,19.6468827043885,48.27300985546386,0.006581
2401205053,5589017,2H,49,23,00:49:23.250,3131.250459,91,61,12,65252,1,0,0,0,30.4138126514911,16.624478143964964,0.1193
2401204728,5589017,2H,51,10,00:51:10.415,3238.415163,85,35,11241,302861,0,0,0,0,20.024984394500787,48.366460663429805,0.008954
2401204764,5589017,2H,53,51,00:53:51.049,3399.049488,75,49,11241,234354,0,0,0,0,33.54101966249684,27.349875780069876,0.07753
2401205213,5589017,2H,58,59,00:58:59.231,3707.231178,95,33,12,516819,0,0,0,0,10.04987562112089,83.6598082540901,0.0359
2401204881,5589017,2H,61,11,01:01:11.064,3839.06451,96,70,11241,418949,0,0,0,0,37.107950630558946,7.1250163489017995,0.0332
2401205285,5589017,2H,62,16,01:02:16.781,3904.781033,94,46,12,516819,0,0,0,0,16.278820596099706,47.09890593320355,0.4659
2401205389,5589017,2H,67,26,01:07:26.401,4214.40147,94,68,12,655297,0,0,0,0,35.73513677041127,9.400162449919629,0.07675
2401205009,5589017,2H,70,58,01:10:58.080,4426.080328,88,25,11241,418949,0,0,0,0,19.235384061671343,46.63657704161672,0.03322
2401205059,5589017,2H,73,8,01:13:08.631,4556.631066,74,34,11241,239189,0,0,0,0,31.0,32.378412514053885,0.0012
2401205394,5589017,2H,92,10,01:32:10.339,5698.339711,85,61,11241,569109,0,0,0,0,33.60059523282288,18.9581834051062,0.0503
2401205574,5589017,2H,93,29,01:33:29.548,5777.548931,90,73,12,580163,0,0,0,0,41.78516483155236,9.211026540816668,0.05378
2471494706,5589329,1H,11,14,00:11:14.860,675.860046,86,38,1611,692543,0,0,0,0,19.4164878389476,49.1239075603156,0.1931
2471493924,5589329,1H,17,34,00:17:34.792,1055.792647,81,34,687,605383,0,0,0,0,24.0,41.112090439166934,0.006545
2471494815,5589329,1H,28,12,00:28:12.803,1693.803326,90,73,1611,692543,0,0,0,0,41.78516483155236,9.211026540816668,0.03121
2471495258,5589329,1H,36,23,00:36:23.625,2184.625176,91,49,1611,243588,0,0,0,0,20.518284528683193,36.54497232282255,0.2039
2471495298,5589329,1H,36,27,00:36:27.856,2188.856974,92,44,1611,543793,0,0,0,0,16.401219466856727,51.22094992115961,0.3469
2471494402,5589329,2H,64,31,01:04:31.997,4059.997258,73,49,687,302550,0,0,0,0,35.34119409414458,26.250242369688888,0.006625
2471494413,5589329,2H,65,50,01:05:50.864,4138.864579,80,36,687,504301,0,0,0,0,25.079872407968907,39.39174095007549,0.01303
2471494458,5589329,2H,76,27,01:16:27.805,4775.805598,73,48,687,302550,0,0,0,0,34.92849839314596,26.82603225008264,0.03147
2471494498,5589329,2H,83,5,01:23:05.568,5173.568359,92,43,687,607496,0,0,0,0,15.811388300841896,54.16234704572171,0.3133
2471494589,5589329,2H,93,29,01:33:29.624,5797.62465,91,31,687,607496,0,1,0,1,14.317821063276353,63.799885158652664,0.0721
2346289942,5588962,1H,1,2,00:01:02.341,63.341954,93,39,676,408307,0,0,0,0,13.0,67.83365417791754,0.4846
2346289957,5588962,1H,7,45,00:07:45.351,466.351166,82,53,2444,8717,0,1,0,1,29.832867780352597,27.10077366056848,0.04884
2346290358,5588962,1H,16,24,00:16:24.884,985.884076,89,31,2444,134397,0,1,0,0,16.278820596099706,57.425942865427494,0.04165
2346290391,5588962,1H,17,36,00:17:36.376,1057.376374,94,54,2444,8717,0,0,0,0,22.825424421026653,24.22774531795417,0.4992
2346290471,5588962,1H,22,11,00:22:11.720,1332.720991,80,56,2444,557016,0,0,0,0,33.301651610693426,23.641071940008274,0.06449
2346290171,5588962,1H,25,6,00:25:06.955,1507.955558,78,52,676,14817,0,0,0,0,32.449961479175904,26.56505117707799,0.05143
2346290308,5588962,1H,35,53,00:35:53.180,2154.180518,89,43,676,14817,0,0,0,0,18.35755975068582,48.366460663429805,0.3197
2346290469,5588962,1H,44,48,00:44:48.683,2689.683668,86,37,676,408307,0,1,0,0,19.235384061671343,49.8012126883005,0.05775
2346290942,5588962,2H,49,54,00:49:54.257,3160.257749,86,72,2444,557016,0,1,0,0,42.485291572496,11.220427870059998,0.03288
2346290946,5588962,2H,49,58,00:49:58.352,3164.352038,87,51,2444,255430,0,0,0,0,24.758836806279895,31.342357494187848,0.2046
2346290704,5588962,2H,55,42,00:55:42.456,3508.45601,84,30,676,408307,0,1,0,0,21.37755832643195,45.151977838563894,0.114
2346291133,5588962,2H,57,37,00:57:37.583,3623.583923,45,46,2444,224593,0,0,0,0,61.18823416311342,16.427640993076984,0.0005372
2346290927,5588962,2H,61,21,01:01:21.298,3847.298218,93,31,676,631404,0,0,0,0,12.36931687685298,71.56505117707799,0.08668
2346291293,5588962,2H,65,9,01:05:09.683,4075.683218,86,50,2444,231139,0,0,0,0,24.839484696748443,32.54030658725726,0.0801
2346291432,5588962,2H,71,45,01:11:45.321,4471.321868,80,49,2444,569593,0,0,0,0,29.154759474226502,30.335127391296773,0.02796
2346291231,5588962,2H,77,28,01:17:28.579,4814.579641,82,63,676,770398,0,1,0,0,37.013511046643494,17.805938439691392,0.06411
2346291277,5588962,2H,79,46,01:19:46.297,4952.297217,93,52,676,373410,0,0,0,0,21.633307652783937,29.1676133795778,0.4468
2346291581,5588962,2H,87,37,01:27:37.969,5423.969204,93,38,2444,231139,0,0,0,0,12.649110640673518,69.91047499067896,0.09247
2346291585,5588962,2H,87,56,01:27:56.938,5442.938013,79,36,2444,569593,0,0,0,0,26.076809620810597,38.00058859708199,0.003157
2497255523,5589337,1H,11,55,00:11:55.593,716.593178,80,64,1611,692543,0,0,0,0,39.05124837953327,17.308828006436496,0.1007
2497255599,5589337,1H,18,36,00:18:36.108,1117.108315,76,58,1611,40756,0,0,0,0,37.64306044943742,21.3415102063814,0.0374
2497255654,5589337,1H,22,53,00:22:53.934,1374.93473,87,55,1611,692543,0,0,0,0,27.65863337187866,25.346175941946697,0.1827
2497255659,5589337,1H,23,45,00:23:45.468,1426.468124,94,57,1611,543793,1,0,0,0,25.495097567963924,19.18681877888252,0.1406
2497255668,5589337,1H,24,1,00:24:01.489,1442.48984,74,42,1611,619987,0,0,0,0,32.01562118716424,30.587405557682644,0.03144
2497255994,5589337,1H,26,44,00:26:44.271,1605.271953,93,73,687,504301,0,0,0,0,40.80441152620633,7.765166018425343,0.02512
2497255788,5589337,1H,29,38,00:29:38.529,1779.529914,93,46,1611,579408,0,0,0,0,16.97056274847714,46.21887523513131,0.4031
2497256105,5589337,1H,31,46,00:31:46.513,1907.513633,82,51,687,504301,0,0,0,0,28.600699292150182,29.324523618973735,0.03815
2497255933,5589337,1H,39,18,00:39:18.397,2359.397857,81,34,1611,619987,0,0,0,0,24.0,41.112090439166934,0.0441
2497255980,5589337,1H,43,14,00:43:14.709,2595.70989,82,35,1611,619987,0,0,0,0,23.021728866442675,42.67757370176282,0.1326
2497256343,5589337,1H,47,26,00:47:26.263,2847.26365,87,76,687,355599,0,0,0,0,45.69463863518345,9.170424837789017,0.001631
2497256347,5589337,1H,47,32,00:47:32.864,2853.864734,85,45,687,713064,0,0,0,0,22.825424421026653,39.28940686250036,0.09944
2497256971,5589337,1H,48,12,00:48:12.101,2893.101784,74,52,687,1720,0,0,0,0,35.84689665786984,24.865607513935494,0.03091
2497256194,5589337,2H,47,7,00:47:07.847,3079.847622,84,51,1611,543793,0,0,0,0,27.018512172212592,30.217998367629356,0.1181
2497256293,5589337,2H,57,21,00:57:21.530,3693.530917,88,29,1611,579408,0,0,0,0,17.72004514666935,52.71297976353103,0.03216
2497256377,5589337,2H,64,33,01:04:33.180,4125.180397,85,67,1611,365443,0,0,0,0,38.58756276314948,14.342226030393581,0.03074
2497256383,5589337,2H,65,16,01:05:16.912,4168.912701,82,48,1611,619987,0,0,0,0,26.92582403567252,32.7352262721076,0.02936
2497256446,5589337,2H,69,36,01:09:36.612,4428.612913,88,57,1611,579408,0,0,0,0,28.600699292150182,22.548065763176027,0.1619
2497256549,5589337,2H,76,49,01:16:49.398,4861.398042,81,56,1611,243588,0,0,0,0,32.55764119219941,23.810265988361987,0.07673
2497256555,5589337,2H,77,4,01:17:04.211,4876.211867,72,61,1611,243588,0,0,0,0,42.638011210655684,18.87909325603394,0.05289
2497256873,5589337,2H,79,31,01:19:31.556,5023.556312,80,77,687,228963,0,0,0,0,49.73932046178355,10.650010270282023,0.007841
2497256606,5589337,2H,80,8,01:20:08.347,5060.347633,86,47,1611,692543,0,0,0,0,23.021728866442675,37.29625808549044,0.04923
2497256615,5589337,2H,80,24,01:20:24.750,5076.750297,87,41,1611,543793,0,0,0,0,19.313207915827967,47.97373108248011,0.1202
2497256620,5589337,2H,80,38,01:20:38.313,5090.313706,94,37,1611,543793,1,0,0,0,11.40175425099138,76.10001258796439,0.1753
2497256708,5589337,2H,86,13,01:26:13.073,5425.073122,88,61,1611,243588,0,0,0,0,31.906112267087632,18.085700722830325,0.2307
2497256762,5589337,2H,90,40,01:30:40.929,5692.929545,90,44,1611,369589,0,0,0,0,18.027756377319946,47.89576197346658,0.2714
2497256801,5589337,2H,94,6,01:34:06.034,5898.034635,77,40,1611,54,0,0,0,0,28.635642126552707,34.29409367624458,0.04247
2431181683,5589030,1H,1,2,00:01:02.496,63.496525,96,35,2445,448127,0,0,0,1,9.055385138137417,89.64632684075355,0.1365
2431181949,5589030,1H,10,52,00:10:52.181,653.181377,92,49,2445,551693,0,0,0,0,19.849433241279208,36.781930806804745,0.2306
2431182050,5589030,1H,14,40,00:14:40.827,881.827086,87,69,2445,551693,0,0,0,0,39.35733730830886,12.446129874021604,0.01043
2431182132,5589030,1H,16,37,00:16:37.220,998.220116,85,29,2445,373581,0,0,0,0,20.615528128088304,46.30195267257888,0.03679
2431182192,5589030,1H,20,17,00:20:17.393,1218.393665,80,54,2445,584765,0,0,0,0,32.01562118716424,25.486900306192084,0.03033
2431182242,5589030,1H,23,43,00:23:43.546,1424.546946,83,64,2445,551693,0,0,0,0,37.20215047547655,16.9047634506799,0.005614
2431182553,5589030,1H,35,15,00:35:15.247,2116.247516,86,40,2445,584765,0,1,0,1,19.924858845171276,47.26278980713946,0.2495
2431182554,5589030,1H,35,16,00:35:16.993,2117.993672,94,51,2445,551693,0,1,0,1,20.248456731316587,31.040526177306614,0.7293
2431182572,5589030,1H,38,2,00:38:02.100,2283.100685,77,36,2445,497350,0,0,0,0,28.071337695236398,35.48397979503183,0.02502
2431182805,5589030,1H,48,8,00:48:08.849,2889.849091,78,35,2445,448127,0,0,0,0,27.018512172212592,36.82749821141796,0.06544
2431182833,5589030,1H,48,47,00:48:47.839,2928.839282,91,71,2445,551693,0,0,0,0,39.56008088970496,9.637538112930946,0.00927
2431182878,5589030,1H,49,40,00:49:40.309,2981.309966,98,58,2445,551693,1,0,0,0,25.0,13.040761033896656,0.1949
2431182281,5589030,2H,48,45,00:48:45.002,3228.002121,90,73,14376,678611,0,0,0,0,41.78516483155236,9.211026540816668,0.009233
2431182471,5589030,2H,59,36,00:59:36.511,3879.511619,87,67,14376,678611,0,0,0,0,37.589892258425,13.671307132195835,0.05179
2431183098,5589030,2H,67,0,01:07:00.948,4323.94885,90,45,2445,337890,0,0,0,0,18.601075237738275,45.53545898556453,0.1564
2431183111,5589030,2H,68,31,01:08:31.148,4414.148365,96,59,2445,373581,1,0,0,0,26.570660511172846,14.531273572435616,0.1679
2431183118,5589030,2H,69,13,01:09:13.206,4456.206121,83,30,2445,551693,0,0,0,0,22.360679774997898,43.38349293777577,0.00292
2431182711,5589030,2H,78,36,01:18:36.240,5019.240987,87,70,14376,109203,0,1,0,0,40.24922359499622,11.888658039627972,0.06543
2431183229,5589030,2H,82,3,01:22:03.408,5226.408955,89,46,2445,352328,0,0,0,0,20.0,42.07639644586144,0.3858
2431183310,5589030,2H,84,32,01:24:32.201,5375.201385,89,38,14376,652503,0,0,0,1,16.492422502470642,56.44788352249083,0.09733
2431183256,5589030,2H,86,32,01:26:32.874,5495.874615,90,61,2445,542209,0,0,0,0,30.886890422961002,17.185706144224763,0.2762
2431182842,5589030,2H,88,5,01:28:05.222,5588.22297,84,71,14376,109203,0,0,0,0,42.5440947723653,12.332169169266237,0.03105
2465720953,5589063,1H,0,27,00:00:27.124,28.124633,80,65,8508,448274,0,0,0,0,39.824615503479755,16.646839572222838,0.06724
2465720910,5589063,1H,3,13,00:03:13.263,194.263271,81,62,2444,557016,0,0,0,0,36.87817782917155,18.66311071167633,0.003006
2465720911,5589063,1H,3,15,00:03:15.717,196.717874,88,71,2444,282804,0,0,0,0,40.718546143004666,10.981172605460817,0.04163
2465721025,5589063,1H,7,28,00:07:28.463,449.463922,84,43,2444,352988,0,0,0,0,22.847319317591726,40.60129464500447,0.08037
2465721137,5589063,1H,12,15,00:12:15.315,736.315309,94,59,2444,557016,0,0,0,0,27.313000567495326,16.580603225661168,0.4197
2465722735,5589063,1H,31,38,00:31:38.765,1899.765811,95,58,2444,8717,1,0,0,0,26.0,16.83166875824151,0.2962
2465721855,5589063,1H,42,28,00:42:28.696,2549.696451,98,38,2444,8717,1,0,0,0,8.06225774829855,97.23692202596801,0.05729
2465721884,5589063,1H,44,53,00:44:53.362,2694.362444,86,68,2444,557016,0,0,0,0,38.948684188300895,13.396093798402946,0.04761
2465721918,5589063,2H,45,41,00:45:41.964,2805.964059,77,71,2444,224593,0,0,0,0,46.400431032480725,13.671307132195842,0.02083
2465721973,5589063,2H,48,12,00:48:12.521,2956.52107,74,44,2444,245364,0,0,0,0,32.57299494980466,29.6566564532096,0.003209
2465721976,5589063,2H,48,45,00:48:45.848,2989.848415,93,57,2444,8717,0,0,0,0,25.942243542145693,20.045249425420998,0.2707
2465721846,5589063,2H,50,46,00:50:46.790,3110.790206,86,43,8508,555120,0,0,0,0,21.02379604162864,43.45184230102203,0.07846
2465722371,5589063,2H,71,6,01:11:06.293,4330.293463,91,66,2444,134397,0,0,0,0,34.92849839314596,12.47553410338505,0.1429
2465722217,5589063,2H,78,41,01:18:41.970,4785.970544,99,55,8508,419853,1,0,0,0,21.840329667841555,15.255118703057784,0.5699
2465722264,5589063,2H,81,1,01:21:01.189,4925.189589,88,63,8508,555120,0,0,0,0,33.61547262794322,16.262302071936215,0.00747
2465722330,5589063,2H,83,47,01:23:47.133,5091.133952,86,35,8508,8501,0,0,0,0,19.026297590440446,50.592194778977564,0.06145
2465722347,5589063,2H,84,14,01:24:14.606,5118.606437,81,49,8508,397109,0,0,0,0,28.30194339616981,30.96375653207352,0.003501
2465722424,5589063,2H,90,16,01:30:16.895,5480.895679,91,69,8508,659608,0,0,0,0,37.69615364994153,10.650631546076253,0.02485
2307824606,5588920,1H,7,47,00:07:47.675,468.67527,81,67,3166,373768,0,0,0,0,40.80441152620633,15.255118703057784,0.01246
2307824611,5588920,1H,7,58,00:07:58.386,479.386428,85,38,3166,352096,0,0,0,0,20.396078054371138,47.060111023723124,0.0248
2307824723,5588920,1H,22,1,00:22:01.368,1322.368335,77,31,3166,352096,0,0,0,0,28.160255680657446,35.29334759066029,0.001594
2307824924,5588920,1H,34,0,00:34:00.730,2041.730745,86,42,3166,368194,0,0,0,0,20.615528128088304,44.83295738431911,0.07956
2307824926,5588920,1H,34,3,00:34:03.335,2044.335448,89,37,3166,282799,0,0,0,0,16.278820596099706,57.425942865427494,0.3141
2307825131,5588920,1H,44,29,00:44:29.536,2670.536291,76,29,3166,373768,0,0,0,0,29.427877939124322,33.62264092631693,0.007961
2307825296,5588920,1H,46,55,00:46:55.298,2816.2987,88,34,14504,831589,0,0,0,0,17.0,55.79454206189526,0.06024
2307825196,5588920,1H,51,18,00:51:18.318,3079.318708,90,40,3166,644104,0,0,0,1,16.15549442140351,56.309932474020215,0.2709
2307825203,5588920,1H,51,53,00:51:53.458,3114.458189,75,57,3166,373768,0,0,0,0,37.8021163428716,21.830716787894577,0.006022
2307825274,5588920,2H,46,8,00:46:08.356,3258.356388,87,58,3166,633804,0,0,0,0,30.0,21.583969241769598,0.1834
2307825410,5588920,2H,51,10,00:51:10.395,3560.395847,96,57,3166,633804,0,0,0,0,24.698178070456937,17.02658844309185,0.2124
2307825507,5588920,2H,55,27,00:55:27.412,3817.412711,87,33,3166,541676,0,0,0,0,18.027756377319946,53.017093073655325,0.09597
2307825516,5588920,2H,55,33,00:55:33.255,3823.255566,94,29,3166,644104,0,0,0,0,12.083045973594572,71.82587993453092,0.05103
2307825528,5588920,2H,55,54,00:55:54.971,3844.971268,91,67,3166,282799,0,0,0,0,35.84689665786984,11.821488340607251,0.05389
2307825769,5588920,2H,60,28,01:00:28.981,4118.981429,79,61,14504,532794,0,0,0,0,37.48332962798263,19.46719351448774,0.01451
2307825578,5588920,2H,60,43,01:00:43.090,4133.090637,83,73,3166,644104,0,1,0,0,44.77722635447622,11.63027295128118,0.06745
2307826050,5588920,2H,88,8,01:28:08.943,5778.943445,89,56,3166,461665,1,0,0,0,27.202941017470888,23.606568902437697,0.07861
2307826107,5588920,2H,88,49,01:28:49.980,5819.98009,68,55,14504,832205,0,0,0,0,42.5440947723653,21.066373158589865,0.002468
2307826211,5588920,2H,94,45,01:34:45.260,6175.26,77,47,3166,541676,0,0,0,0,30.870698080866262,30.027124233213083,0.04377
2432231981,5589282,1H,4,52,00:04:52.162,293.162915,91,56,3162,545564,0,0,0,0,26.076809620810597,22.81654713072474,0.4096
2432232039,5589282,1H,7,51,00:07:51.402,472.40204,79,60,687,582472,0,0,0,0,36.76955262170047,20.21441352799975,0.002017
2432232049,5589282,1H,8,27,00:08:27.142,508.142211,87,67,687,504301,0,0,0,0,37.589892258425,13.671307132195835,0.05334
2432232119,5589282,1H,12,47,00:12:47.148,768.148515,85,43,3162,146588,1,0,0,0,21.93171219946131,41.98721249581666,0.006213
2432232122,5589282,1H,12,50,00:12:50.652,771.652352,89,62,3162,475110,0,0,0,0,32.2490309931942,16.715686488998475,0.08067
2432232131,5589282,1H,13,4,00:13:04.956,785.956511,96,62,3162,515713,0,0,0,0,29.410882339705484,11.674868809750862,0.1035
2432232145,5589282,1H,13,46,00:13:46.621,827.621449,97,40,3162,492443,1,0,0,0,10.0,82.4835582837305,0.1576
2432232149,5589282,1H,13,47,00:13:47.966,828.96699,96,45,3162,545564,0,0,0,0,14.212670403551895,53.24344697289432,0.6464
2432232276,5589282,1H,21,59,00:21:59.662,1320.662152,86,68,687,582472,0,0,0,0,38.948684188300895,13.396093798402946,0.03786
2432232436,5589282,1H,28,17,00:28:17.792,1698.792537,79,43,687,1720,0,0,0,1,27.51363298439521,34.69515353123397,0.2467
2432232447,5589282,1H,31,5,00:31:05.312,1866.312218,89,43,3162,246633,0,0,0,0,18.35755975068582,48.366460663429805,0.2504
2432232495,5589282,1H,33,31,00:33:31.913,2012.913036,92,50,3162,492443,1,0,0,0,20.615528128088304,34.22481260771649,0.1703
2432232532,5589282,1H,45,56,00:45:56.928,2757.92848,66,5,687,355599,0,0,0,0,48.60041152089147,17.106259099328124,0.2515
2432233016,5589282,2H,51,47,00:51:47.999,3298.999114,87,59,3162,475110,0,0,0,0,30.805843601498726,20.46918963248217,0.1685
2432233166,5589282,2H,60,38,01:00:38.351,3829.351238,79,27,3162,3360,0,0,0,0,26.92582403567252,36.006207601244434,0.008225
2432233185,5589282,2H,62,4,01:02:04.649,3915.649656,84,72,3162,567230,0,0,0,0,43.41658669218482,11.834224824098841,0.006089
2432233349,5589282,2H,74,51,01:14:51.864,4682.864802,77,69,3162,228928,0,0,0,0,44.82186966202994,14.649904105812958,0.001296
2432233352,5589282,2H,75,3,01:15:03.108,4694.108588,93,40,3162,3360,0,0,0,0,13.416407864998739,65.37643521383639,0.2697
2432233411,5589282,2H,78,23,01:18:23.954,4894.954236,88,70,3162,586584,0,0,0,0,39.81205847478876,11.500283200649971,0.06897
2432233432,5589282,2H,80,4,01:20:04.905,4995.905043,86,71,3162,3360,0,0,0,0,41.593268686170845,11.716941180375082,0.01534
2432233598,5589282,2H,81,54,01:21:54.929,5105.929687,96,48,687,596052,1,0,0,0,16.64331697709324,39.57477363157967,0.6888
2432233507,5589282,2H,85,47,01:25:47.453,5338.45341,87,52,3162,759409,0,1,0,0,25.45584412271571,29.74488129694223,0.01118
2432233512,5589282,2H,85,58,01:25:58.448,5349.448164,84,52,3162,586584,0,0,0,0,27.65863337187866,28.926425835253614,0.1173
2432233554,5589282,2H,90,39,01:30:39.680,5630.680141,74,56,3162,567230,0,0,0,0,38.01315561749642,22.249023657212366,0.001424
2438499965,5589056,1H,5,45,00:05:45.745,346.745768,99,43,3767,631400,1,0,0,0,10.816653826391969,71.56505117707799,0.3007
2438498312,5589056,1H,11,25,00:11:25.512,686.512235,93,36,2445,448127,0,1,0,1,12.165525060596439,72.76688424153011,0.1526
2438498610,5589056,1H,15,7,00:15:07.286,908.286441,81,63,3767,758282,0,0,0,0,37.64306044943742,17.91878459315718,0.01156
2438498391,5589056,1H,15,48,00:15:48.588,949.588553,92,67,2445,448127,0,0,0,0,35.4682957019364,11.244387404297473,0.3014
2438498642,5589056,1H,16,8,00:16:08.560,969.560482,98,55,3767,286390,0,0,0,0,22.135943621178654,17.12241485713294,0.6199
2438498472,5589056,1H,22,22,00:22:22.728,1343.728802,85,31,2445,551693,0,0,0,0,20.223748416156685,47.66300076606714,0.05549
2438498985,5589056,1H,30,45,00:30:45.195,1846.195304,96,56,3767,758282,0,0,0,0,23.769728648009426,18.505947274207028,0.6113
2438499025,5589056,1H,34,4,00:34:04.341,2045.341154,92,71,3767,286390,0,0,0,0,39.21734310225516,9.124015498579798,0.07536
2438498727,5589056,1H,36,43,00:36:43.619,2204.619786,78,55,2445,373581,0,0,0,0,34.20526275297414,24.050298529605154,0.02101
2438499069,5589056,1H,37,2,00:37:02.382,2223.382868,89,64,3767,286390,0,0,0,0,34.0,14.997743223075787,0.1258
2438499074,5589056,1H,37,37,00:37:37.126,2258.126605,77,66,3767,472577,0,0,0,0,42.5205832509386,16.269122141017245,0.0224
2438498936,5589056,1H,47,56,00:47:56.137,2877.137582,92,65,2445,584765,0,0,0,0,33.61547262794322,12.57506526657563,0.1055
2438499297,5589056,2H,45,24,00:45:24.690,2920.690382,90,31,3767,286390,0,1,0,0,15.297058540778355,60.4612177404419,0.1591
2438499417,5589056,2H,51,12,00:51:12.881,3268.881313,78,55,3767,758282,0,0,0,0,34.20526275297414,24.050298529605154,0.0466
2438499450,5589056,2H,53,13,00:53:13.586,3389.586067,86,44,3767,286390,0,0,0,0,21.470910553583888,41.98721249581666,0.1465
2438499170,5589056,2H,54,56,00:54:56.325,3492.325131,88,36,2445,373581,0,0,0,0,17.11724276862369,55.28537797494747,0.08631
2438499563,5589056,2H,57,48,00:57:48.302,3664.302118,89,31,3767,758282,0,0,0,0,16.278820596099706,57.425942865427494,0.03609
2438499387,5589056,2H,65,30,01:05:30.297,4126.29762,86,49,2445,352328,0,0,0,0,24.20743687382041,34.10694624141559,0.05103
2438499408,5589056,2H,66,46,01:06:46.443,4202.443473,73,43,2445,337890,0,0,0,0,33.24154027718932,29.357753542791276,0.006598
2438499541,5589056,2H,80,38,01:20:38.756,5034.756163,92,29,2445,352328,0,1,0,0,13.92838827718412,64.22382536571382,0.03493
2438499891,5589056,2H,84,44,01:24:44.205,5280.20523,89,41,3767,548134,1,0,0,0,17.46424919657298,52.1250163489018,0.07555
2438499923,5589056,2H,89,1,01:29:01.255,5537.255394,78,59,3767,518746,0,0,0,0,36.796738985948195,20.89562282624117,0.002239
2394898093,5590013,1H,6,32,00:06:32.419,394.419335,87,57,3176,344744,0,1,0,1,29.206163733020468,22.76726280611052,0.1827
2394898126,5590013,1H,8,22,00:08:22.904,504.904709,81,72,3176,410031,0,0,0,0,44.94441010848846,12.560091232940477,0.003795
2394898157,5590013,1H,9,48,00:09:48.015,590.015496,93,48,3176,523085,0,0,0,0,18.439088914585774,39.827323475241776,0.2325
2394898187,5590013,1H,11,23,00:11:23.013,685.013836,90,44,8754,403171,0,0,0,0,18.027756377319946,47.89576197346658,0.2768
2394898281,5590013,1H,19,35,00:19:35.727,1177.727182,89,48,3176,410031,0,0,0,0,21.2602916254693,37.821486206781884,0.3279
2394898340,5590013,1H,21,17,00:21:17.560,1279.560962,91,49,3176,344744,0,0,0,0,20.518284528683193,36.54497232282255,0.4787
2394898467,5590013,1H,25,8,00:25:08.875,1510.875063,86,62,8754,127529,0,0,0,0,33.83784863137726,17.818888914522777,0.04275
2394898695,5590013,1H,34,48,00:34:48.917,2090.917203,79,36,8754,551572,0,0,0,0,26.076809620810597,38.00058859708199,0.02468
2394898526,5590013,1H,39,2,00:39:02.396,2344.396955,93,53,3176,746790,1,0,0,0,22.47220505424423,26.995838394086622,0.2032
2394898824,5590013,1H,40,58,00:40:58.344,2460.344738,90,47,8754,65207,0,0,0,0,19.849433241279208,40.78170584465348,0.3388
2394898677,5590013,1H,46,26,00:46:26.209,2788.209796,99,43,3176,410031,0,0,0,0,10.816653826391969,71.56505117707799,0.3454
2394898704,5590013,1H,47,27,00:47:27.860,2849.860245,93,60,3176,410031,0,0,0,0,28.635642126552707,16.292948552141482,0.1594
2394898947,5590013,1H,48,25,00:48:25.556,2907.556667,81,48,8754,65207,0,0,0,0,27.784887978899608,32.01283583284806,0.07036
2394899107,5590013,2H,53,42,00:53:42.098,3474.098645,86,56,8754,706019,0,0,0,0,29.068883707497267,24.115388556950947,0.06132
2394899027,5590013,2H,57,55,00:57:55.147,3727.147296,91,52,3176,523085,0,0,0,0,22.80350850198276,29.857198290073992,0.3638
2394899029,5590013,2H,57,56,00:57:56.614,3728.614645,91,59,3176,523085,0,0,0,0,28.653097563788805,18.80579011375007,0.2561
2394899255,5590013,2H,66,15,01:06:15.847,4227.847976,79,48,3176,216568,0,0,0,0,29.5296461204668,30.610941300556803,0.0666
2394899358,5590013,2H,68,13,01:08:13.074,4345.074861,85,47,3176,746790,0,0,0,0,23.853720883753127,36.41637851988605,0.1283
2394899365,5590013,2H,68,25,01:08:25.240,4357.240709,88,44,3176,302799,0,0,0,0,19.72308292331602,44.81336945643444,0.1721
2394899774,5590013,2H,71,27,01:11:27.473,4539.47338,79,28,3176,585048,0,0,0,0,26.68332812825267,36.56358402402735,0.009053
2394899427,5590013,2H,71,29,01:11:29.568,4541.568165,88,65,3176,422555,0,0,0,0,35.35533905932738,14.668748458161136,0.1592
2394899618,5590013,2H,79,17,01:19:17.651,5009.651231,94,34,3176,585048,0,0,0,1,11.0,78.57881372500071,0.1535
2394899622,5590013,2H,79,19,01:19:19.346,5011.346379,89,28,3176,544075,0,0,0,1,17.08800749063506,53.77204501016055,0.1173
2394899682,5590013,2H,81,10,01:21:10.164,5122.164576,88,57,3176,422555,0,0,0,0,28.600699292150182,22.548065763176027,0.159
2394899721,5590013,2H,86,40,01:26:40.536,5452.536857,76,59,3176,422555,0,0,0,0,38.28837943815329,20.651190740995947,0.01376
2394899752,5590013,2H,88,1,01:28:01.427,5533.427781,89,60,3176,388064,1,0,0,0,30.528675044947494,18.6971240904703,0.01666
2428611717,5589271,1H,3,11,00:03:11.145,192.14535,77,40,678,4452,0,0,0,0,28.635642126552707,34.29409367624458,0.03504
2428612545,5589271,1H,11,17,00:11:17.338,678.33881,78,70,4489,239191,0,0,0,0,45.0,14.036243467926484,0.01272
2428612695,5589271,1H,16,12,00:16:12.114,973.114627,84,67,4489,239191,0,0,0,0,39.11521443121589,14.62087398863165,0.05685
2428612761,5589271,1H,22,12,00:22:12.007,1333.007508,73,29,4489,560443,0,0,0,0,32.38826948140329,30.754394079558615,0.0121
2428612155,5589271,1H,44,45,00:44:45.680,2686.680382,93,41,678,855222,0,0,0,0,13.892443989449804,62.59242456218159,0.343
2428612985,5589271,2H,45,52,00:45:52.072,2915.072053,91,38,4489,21384,0,0,0,0,14.560219778561036,62.53272766139187,0.1691
2428612202,5589271,2H,49,20,00:49:20.580,3123.580646,91,56,678,339791,1,0,0,0,26.076809620810597,22.81654713072474,0.1247
2428613024,5589271,2H,50,37,00:50:37.915,3200.915319,91,57,4489,222676,0,0,0,0,26.92582403567252,21.370622269343183,0.368
2428613061,5589271,2H,53,49,00:53:49.401,3392.401837,89,67,4489,239191,0,0,0,0,36.6742416417845,12.835609486401438,0.1949
2428613103,5589271,2H,59,27,00:59:27.491,3730.49163,92,58,4489,239191,0,0,0,0,27.294688127912362,19.412948895977213,0.3611
2428612337,5589271,2H,63,0,01:03:00.912,3943.912458,87,47,678,344086,0,1,0,1,22.20360331117452,38.181785428348135,0.1729
2428612352,5589271,2H,64,37,01:04:37.831,4040.831351,85,54,678,339791,1,0,0,0,28.284271247461902,26.596917569517,0.04919
2428613203,5589271,2H,77,3,01:17:03.535,4786.535912,92,43,4489,222676,0,0,0,0,15.811388300841896,54.16234704572171,0.2896
2428613204,5589271,2H,77,5,01:17:05.281,4788.281566,99,51,4489,222676,0,0,0,0,18.027756377319946,23.875280853927517,0.8489
2428612604,5589271,2H,82,46,01:22:46.268,5129.268194,79,47,678,938660,0,0,0,0,29.068883707497267,31.490196046718612,0.03153
2428612669,5589271,2H,85,28,01:25:28.187,5291.187953,82,80,678,631901,0,0,0,0,51.42956348249516,9.172182748511311,0.01202
2304407494,5588917,1H,2,49,00:02:49.842,170.842109,91,71,3157,391530,0,0,0,0,39.56008088970496,9.637538112930946,0.05017
2304407569,5588917,1H,13,42,00:13:42.668,823.668275,87,68,3157,520698,0,0,0,0,38.47076812334269,13.039474901269514,0.02432
2304408033,5588917,1H,16,25,00:16:25.066,986.066486,93,67,1612,120353,0,0,0,0,35.11409973215888,10.619655276155145,0.1187
2304408038,5588917,1H,16,30,00:16:30.127,991.127296,86,35,1612,344181,0,0,0,0,19.026297590440446,50.592194778977564,0.05597
2304408179,5588917,1H,22,55,00:22:55.581,1376.581686,95,50,1612,393247,1,0,0,0,18.867962264113206,33.20657031508953,0.3146
2304408237,5588917,1H,25,49,00:25:49.555,1550.555393,93,36,1612,345621,0,0,0,0,12.165525060596439,72.76688424153011,0.1773
2304408261,5588917,1H,26,39,00:26:39.751,1600.75149,88,69,1612,120353,0,0,0,0,38.91015291668744,12.053792513320268,0.03017
2304408298,5588917,1H,28,59,00:28:59.948,1740.948192,91,25,1612,419213,0,0,0,0,16.64331697709324,52.1250163489018,0.02807
2304408299,5588917,1H,29,2,00:29:02.711,1743.711854,89,62,1612,120353,0,0,0,0,32.2490309931942,16.715686488998475,0.4387
2304408438,5588917,1H,38,19,00:38:19.937,2300.937643,72,28,1612,419213,0,0,0,0,33.54101966249684,29.638383688151343,0.02523
2304408482,5588917,1H,39,52,00:39:52.707,2393.707513,83,61,1612,120353,0,1,0,0,34.828149534535996,19.28102752266113,0.1647
2304408491,5588917,1H,40,41,00:40:41.045,2442.045221,96,51,1612,370,1,0,0,0,19.235384061671343,29.272968662944194,0.2404
2304408560,5588917,1H,42,28,00:42:28.760,2549.760952,74,41,1612,344181,0,0,0,0,31.78049716414141,30.99095819778408,0.02226
2304408666,5588917,1H,48,4,00:48:04.622,2885.622379,83,32,1612,419213,0,1,0,0,22.090722034374522,44.21517539700811,0.0334
2304408693,5588917,2H,47,11,00:47:11.572,3174.572768,92,49,1612,345621,0,0,0,0,19.849433241279208,36.781930806804745,0.2936
2304408750,5588917,2H,56,49,00:56:49.512,3752.512941,83,62,1612,476382,0,1,0,0,35.608987629529715,18.449428423198317,0.03318
2304408810,5588917,2H,63,40,01:03:40.242,4163.242304,90,34,1612,344181,0,0,0,0,15.0,61.92751306414704,0.1118
2304408839,5588917,2H,66,11,01:06:11.776,4314.776693,95,49,1612,476382,0,0,0,0,18.027756377319946,36.416378519886045,0.4016
2304408337,5588917,2H,73,9,01:13:09.236,4732.236926,76,24,3157,520698,0,0,0,0,30.675723300355934,31.256777057097374,0.003857
2304408895,5588917,2H,74,51,01:14:51.270,4834.270796,94,48,1612,370,1,0,0,0,17.804493814764857,39.996080047759655,0.1611
2304408381,5588917,2H,75,48,01:15:48.683,4891.683556,79,60,3157,3324,0,0,0,0,36.76955262170047,20.21441352799975,0.003899
2304408905,5588917,2H,76,32,01:16:32.025,4935.02505,81,71,1612,543978,0,0,0,0,44.10215414239989,13.048483068286671,0.006424
2304408461,5588917,2H,84,26,01:24:26.336,5409.336745,85,42,3157,520698,0,0,0,0,21.540659228538015,43.22694179920911,0.0417
2304408462,5588917,2H,84,30,01:24:30.504,5413.504683,78,27,3157,344132,0,0,0,0,27.892651361962706,34.8870627561117,0.07134
2304408498,5588917,2H,87,48,01:27:48.587,5611.587064,91,49,3157,405603,1,0,0,0,20.518284528683193,36.54497232282255,0.08812
2304409026,5588917,2H,90,1,01:30:01.003,5744.003894,87,69,1612,120353,0,0,0,0,39.35733730830886,12.446129874021604,0.03764
2304409030,5588917,2H,90,17,01:30:17.258,5760.258759,78,36,1612,344181,0,0,0,0,27.073972741361768,36.70080090262258,0.0404
2304409062,5588917,2H,94,24,01:34:24.815,6007.81538,95,33,1612,543978,0,0,0,0,10.04987562112089,83.6598082540901,0.1018
2304408639,5588917,2H,96,35,01:36:35.035,6138.035117,90,29,3157,399654,0,0,0,0,15.811388300841896,57.956483167255584,0.1515
2453718099,5589043,1H,1,46,00:01:46.978,107.978332,88,32,2447,622782,0,0,0,0,17.11724276862369,55.28537797494747,0.05358
2453718197,5589043,1H,11,6,00:11:06.899,667.899247,92,69,14504,283284,0,0,0,0,37.33630940518894,10.105036365037957,0.1235
2453718428,5589043,1H,13,49,00:13:49.175,830.17563,93,60,2447,565394,1,0,0,0,28.635642126552707,16.292948552141482,0.1127
2453718510,5589043,1H,16,22,00:16:22.911,983.911025,96,52,2447,263490,0,0,0,0,20.12461179749811,26.565051177077994,0.7001
2453718663,5589043,1H,27,19,00:27:19.541,1640.541377,87,25,2447,146583,0,0,0,0,20.12461179749811,45.0,0.03882
2453719702,5589043,1H,28,1,00:28:01.925,1682.925528,92,53,2447,448070,1,0,0,0,23.021728866442675,27.526639163077324,0.1277
2453718486,5589043,1H,30,23,00:30:23.036,1824.036229,77,58,14504,495561,0,0,0,0,36.87817782917155,21.50730972954353,0.01582
2453718751,5589043,1H,33,5,00:33:05.987,1986.987634,92,48,2447,448070,1,0,0,0,19.1049731745428,39.48659997133244,0.175
2453718773,5589043,1H,33,59,00:33:59.065,2040.065737,89,28,2447,622782,0,0,0,0,17.08800749063506,53.77204501016055,0.05011
2453718569,5589043,1H,37,46,00:37:46.948,2267.94819,90,65,14504,544823,0,1,0,1,34.438350715445125,13.730831757625499,0.202
2453719715,5589043,1H,43,42,00:43:42.210,2623.210516,86,37,2447,263490,0,0,0,0,19.235384061671343,49.8012126883005,0.1336
2453719177,5589043,2H,45,55,00:45:55.689,2888.689365,95,56,2447,263490,1,0,0,0,24.166091947189145,19.689895432986148,0.2328
2453718753,5589043,2H,49,37,00:49:37.001,3110.001268,92,54,14504,662947,0,0,0,0,23.853720883753127,25.618099730304525,0.5259
2453718792,5589043,2H,51,50,00:51:50.716,3243.716196,87,43,14504,649607,0,0,0,0,20.12461179749811,45.0,0.0976
2453719497,5589043,2H,65,19,01:05:19.374,4052.374784,93,47,2447,334720,1,0,0,0,17.69180601295413,42.95459151111278,0.184
2453719533,5589043,2H,71,22,01:11:22.365,4415.365838,92,35,2447,263490,0,0,0,0,13.038404810405298,69.1760942750764,0.08909
2453719598,5589043,2H,77,27,01:17:27.756,4780.756609,83,52,2447,263490,0,0,0,0,28.42534080710379,28.57731837234341,0.06585
2453719611,5589043,2H,78,18,01:18:18.067,4831.067007,90,42,2447,334720,0,0,0,0,17.0,52.39040920928771,0.306
2453719377,5589043,2H,88,9,01:28:09.811,5422.811568,77,33,14504,544823,0,0,0,0,28.0178514522438,35.599219958976164,0.03799
2381640846,5588994,1H,2,5,00:02:05.418,126.418336,88,29,6408,685611,0,0,0,0,17.72004514666935,52.71297976353103,0.003343
2381640872,5588994,1H,6,55,00:06:55.743,416.743893,92,42,3172,551694,1,0,0,0,15.264337522473747,56.993348723586976,0.138
2381640887,5588994,1H,7,23,00:07:23.501,444.501656,92,65,3172,20751,0,0,0,0,33.61547262794322,12.57506526657563,0.06913
2381642321,5588994,1H,8,7,00:08:07.568,488.568609,88,57,3172,551694,0,0,0,0,28.600699292150182,22.548065763176027,0.2378
2381640999,5588994,1H,10,15,00:10:15.147,616.147624,94,49,6408,341070,1,0,0,0,18.601075237738275,36.76597554787117,0.1696
2381640945,5588994,1H,14,22,00:14:22.081,863.081184,86,53,3172,516161,0,0,1,0,26.870057685088806,28.081764853270542,0.2422
2381641062,5588994,1H,14,45,00:14:45.826,886.826882,78,46,6408,341070,0,0,0,0,29.546573405388315,31.534791905188296,0.01808
2381641040,5588994,1H,21,10,00:21:10.854,1271.854906,97,56,3172,135807,0,0,0,0,23.40939982143925,17.13720814618302,0.3092
2381641076,5588994,1H,22,22,00:22:22.695,1343.695781,75,37,3172,135807,0,0,0,0,30.14962686336267,33.11134196037203,0.006645
2381641169,5588994,1H,27,56,00:27:56.817,1677.817676,90,49,3172,516161,0,0,0,0,21.213203435596427,36.19320730556469,0.2495
2381641190,5588994,1H,29,16,00:29:16.906,1757.906662,95,68,3172,20751,0,0,0,0,35.4400902933387,8.709516422004977,0.0909
2381641195,5588994,1H,29,47,00:29:47.198,1788.198717,92,57,3172,135807,0,0,0,0,26.419689627245813,20.769455259586874,0.1469
2381641220,5588994,1H,31,1,00:31:01.448,1862.448711,81,53,3172,14869,0,0,0,1,30.610455730027933,26.778840406955112,0.2857
2381641307,5588994,1H,38,43,00:38:43.799,2324.799307,90,45,3172,551694,0,0,0,0,18.601075237738275,45.53545898556453,0.1947
2381641605,5588994,2H,55,33,00:55:33.500,3404.500599,87,55,3172,516161,0,0,0,0,27.65863337187866,25.346175941946697,0.2452
2381641616,5588994,2H,57,7,00:57:07.428,3498.428099,89,74,3172,551694,0,0,0,0,43.08131845707603,9.216126828284146,0.03008
2381641909,5588994,2H,62,6,01:02:06.587,3797.587001,79,49,6408,479340,0,0,0,0,30.01666203960727,29.71477316544497,0.005382
2381641994,5588994,2H,67,47,01:07:47.192,4138.192879,81,49,6408,282768,0,0,0,0,28.30194339616981,30.96375653207352,0.02944
2381641899,5588994,2H,72,5,01:12:05.845,4396.845676,91,35,3172,487020,0,0,0,0,14.035668847618199,65.2825590889166,0.1227
2381641921,5588994,2H,73,50,01:13:50.279,4501.279094,89,66,3172,20751,0,0,0,0,35.77708763999664,13.506576881495237,0.1158
2381641945,5588994,2H,75,56,01:15:56.473,4627.473666,82,54,3172,522257,0,0,0,0,30.479501308256342,26.0219794833542,0.1186
2381641949,5588994,2H,76,47,01:16:47.736,4678.736113,92,46,3172,590721,0,0,0,0,17.69180601295413,45.24590312327071,0.2114
2381641952,5588994,2H,76,49,01:16:49.532,4680.532102,93,40,3172,602074,0,0,0,0,13.416407864998739,65.37643521383639,0.3309
2381642219,5588994,2H,78,54,01:18:54.111,4805.111439,89,39,6408,614379,0,0,0,0,16.76305461424021,55.22216863363612,0.009039
2381642225,5588994,2H,80,10,01:20:10.802,4881.802182,84,46,6408,479340,0,0,0,0,24.186773244895647,36.86989764584402,0.07679
2381642260,5588994,2H,85,14,01:25:14.594,5185.594175,80,64,6408,413081,0,0,0,0,39.05124837953327,17.308828006436496,0.09722
2381642172,5588994,2H,90,0,01:30:00.915,5471.915105,90,60,3172,522257,0,0,0,0,30.01666203960727,18.22507511135446,0.1904
2497586780,5589081,1H,29,53,00:29:53.500,1794.500593,79,67,9607,532757,0,0,0,0,42.01190307520001,15.53112995782574,0.004817
2497587414,5589081,2H,88,28,01:28:28.493,5797.493931,96,53,9607,381492,1,0,0,0,21.02379604162864,24.16832358129388,0.2784
2323087555,5588938,1H,13,15,00:13:15.687,796.687337,93,65,11,446065,0,0,0,0,33.24154027718932,11.911215431971593,0.1812
2323087601,5588938,1H,14,38,00:14:38.793,879.793429,77,59,11,439889,0,0,0,0,37.53664875824692,20.78265885471395,0.0524
2323087681,5588938,1H,19,50,00:19:50.956,1191.956629,79,59,11,595191,0,0,0,0,36.069377593742864,20.987141122342546,0.06146
2323087781,5588938,1H,29,1,00:29:01.251,1742.251426,85,29,11,522407,0,0,0,0,20.615528128088304,46.30195267257888,0.06031
2323087678,5588938,1H,34,16,00:34:16.337,2057.337657,88,67,9608,388986,0,0,0,0,37.12142238654117,13.274986499487751,0.05502
2323087907,5588938,1H,45,14,00:45:14.209,2715.209487,86,30,9608,279365,0,0,0,0,19.4164878389476,49.1239075603156,0.005899
2323087915,5588938,1H,45,42,00:45:42.348,2743.348084,91,42,9608,647122,1,0,0,0,16.1245154965971,54.61315693163105,0.1254
2323088155,5588938,2H,45,38,00:45:38.627,2932.627733,79,47,11,631024,0,0,0,0,29.068883707497267,31.490196046718612,0.06795
2323088206,5588938,2H,47,27,00:47:27.197,3041.19736,89,46,11,446065,0,0,0,0,20.0,42.07639644586144,0.07099
2323088291,5588938,2H,50,30,00:50:30.767,3224.767734,90,42,11,631024,1,0,0,0,17.0,52.39040920928771,0.1085
2323088381,5588938,2H,55,4,00:55:04.001,3498.001679,92,46,11,267,0,0,0,0,17.69180601295413,45.24590312327071,0.4318
2323088432,5588938,2H,57,29,00:57:29.344,3643.344903,83,32,11,595191,0,0,0,0,22.090722034374522,44.21517539700811,0.07936
2323088208,5588938,2H,58,51,00:58:51.328,3725.328811,89,63,9608,472347,0,0,0,0,33.12099032335839,15.826154076172545,0.06038
2323088211,5588938,2H,58,53,00:58:53.511,3727.511985,85,52,9608,431540,0,0,0,0,26.90724809414742,29.243399315060664,0.149
2323088632,5588938,2H,69,6,01:09:06.108,4340.108969,93,48,11,446065,1,0,0,0,18.439088914585774,39.827323475241776,0.07697
2323088664,5588938,2H,71,0,01:11:00.489,4454.489338,92,29,11,475601,0,1,0,0,13.92838827718412,64.22382536571382,0.04888
2323088710,5588938,2H,73,0,01:13:00.946,4574.946909,96,46,11,475601,1,0,0,0,15.0,48.366460663429805,0.3907
2323088712,5588938,2H,73,4,01:13:04.123,4578.123511,93,55,11,267,0,0,0,0,24.186773244895647,23.198590513648185,0.5792
2323088554,5588938,2H,75,34,01:15:34.814,4728.814578,87,69,9608,878211,0,0,0,0,39.35733730830886,12.446129874021604,0.07931
2323088778,5588938,2H,77,29,01:17:29.507,4843.507747,77,49,11,475601,0,0,0,0,31.76476034853718,28.506537567992368,0.04446
2323088793,5588938,2H,79,51,01:19:51.905,4985.905712,83,69,11,595191,0,0,0,0,41.340053217188775,13.671307132195828,0.05603
2323088805,5588938,2H,80,42,01:20:42.173,5036.173034,87,62,11,595191,0,0,0,0,33.28663395418648,17.509546811150354,0.1571
2323088811,5588938,2H,81,25,01:21:25.883,5079.883511,91,28,11,595191,0,0,0,0,15.231546211727817,59.069691087894086,0.103
2323088638,5588938,2H,81,59,01:21:59.313,5113.313314,87,35,9608,627713,0,0,0,0,18.027756377319946,53.017093073655325,0.112
2323088666,5588938,2H,83,5,01:23:05.764,5179.764098,93,44,9608,472347,0,0,0,0,15.620499351813308,52.96071399469619,0.3283
2323088862,5588938,2H,87,32,01:27:32.686,5446.686573,91,55,11,475601,0,0,0,0,25.238858928247925,24.38181187689552,0.3609
2323088911,5588938,2H,91,22,01:31:22.041,5676.041243,79,69,11,595191,0,0,0,0,43.60045871318328,14.42077312751099,0.03397
2323088780,5588938,2H,92,43,01:32:43.907,5757.907645,87,27,9608,627713,0,0,0,0,19.313207915827967,47.97373108248011,0.04395
2346287837,5588964,1H,4,31,00:04:31.940,272.940388,95,33,9417,69398,0,0,0,1,10.04987562112089,83.6598082540901,0.0651
2346287935,5588964,1H,5,31,00:05:31.406,332.40616,94,57,8743,762032,1,0,0,0,25.495097567963924,19.18681877888252,0.2025
2346288216,5588964,1H,14,9,00:14:09.806,850.806942,85,69,8743,581004,0,0,0,0,40.311288741492746,13.124637248410952,0.01781
2346288221,5588964,1H,14,39,00:14:39.733,880.733943,79,74,8743,504546,0,0,0,0,47.70744176750625,12.035917217074017,0.001735
2346288092,5588964,1H,18,28,00:18:28.105,1109.105449,80,61,9417,25643,0,0,0,0,36.796738985948195,19.468281379199375,0.04046
2346288331,5588964,1H,20,10,00:20:10.257,1211.257693,75,71,8743,581004,0,0,0,0,47.634021455258214,13.86359205050995,0.02942
2346288710,5588964,1H,30,8,00:30:08.984,1809.984575,81,35,8743,762032,0,0,0,0,24.020824298928627,41.05481377096244,0.05471
2346288362,5588964,1H,34,54,00:34:54.459,2095.459449,96,42,9417,406028,0,0,0,0,12.041594578792296,68.44292071496228,0.4906
2346288864,5588964,1H,36,24,00:36:24.021,2185.021174,76,33,8743,504546,0,0,0,0,29.017236257093817,34.44776735630735,0.00953
2346288414,5588964,1H,39,46,00:39:46.810,2387.810827,91,57,9417,406028,0,0,0,0,26.92582403567252,21.370622269343183,0.219
2346288446,5588964,1H,42,33,00:42:33.354,2554.354585,80,55,9417,699844,0,0,0,0,32.64965543462902,24.55342308342952,0.06689
2346288457,5588964,1H,43,26,00:43:26.256,2607.256178,74,45,9417,560931,0,0,0,0,32.89376840679705,29.137155804961257,0.005078
2346288482,5588964,1H,44,27,00:44:27.170,2668.170633,92,76,9417,22651,0,0,0,0,43.965895873961216,7.201156874862328,0.01714
2346288571,5588964,2H,48,8,00:48:08.271,2912.271207,90,52,9417,69398,1,0,0,0,23.430749027719962,29.981639368849336,0.1066
2346288592,5588964,2H,48,32,00:48:32.269,2936.269032,90,49,9417,406028,0,0,0,0,21.213203435596427,36.19320730556469,0.3609
2346288634,5588964,2H,52,29,00:52:29.623,3173.623831,91,49,9417,694310,1,0,0,0,20.518284528683193,36.54497232282255,0.03446
2346289195,5588964,2H,60,16,01:00:16.955,3640.955321,93,39,8743,621000,1,0,0,0,13.0,67.83365417791754,0.1521
2346289242,5588964,2H,64,13,01:04:13.894,3877.894241,67,42,8743,581004,0,0,0,0,38.8329756778952,25.60967025993611,0.03347
2346289271,5588964,2H,70,35,01:10:35.524,4259.524899,87,53,8743,762032,0,0,0,0,26.1725046566048,28.21016962881526,0.1452
2346289356,5588964,2H,78,19,01:18:19.161,4723.161928,81,54,8743,581004,0,0,0,0,31.240998703626616,25.765746973809794,0.01532
2346288921,5588964,2H,83,9,01:23:09.050,5013.05004,87,56,9417,252589,0,0,0,0,28.42534080710379,24.02096149364637,0.1655
2346289048,5588964,2H,91,56,01:31:56.183,5540.183227,91,67,9417,284315,0,0,0,0,35.84689665786984,11.821488340607251,0.135
2346289049,5588964,2H,91,58,01:31:58.497,5542.49711,89,46,9417,729709,0,0,0,0,20.0,42.07639644586144,0.5466
2346289054,5588964,2H,92,10,01:32:10.062,5554.062154,75,41,9417,284315,0,0,0,0,30.805843601498726,31.886561770143313,0.03514
2346289086,5588964,2H,94,8,01:34:08.128,5672.128243,82,36,9417,729709,0,0,0,0,23.08679276123039,42.487478235970855,0.08168
2428633079,5589031,1H,2,17,00:02:17.399,138.399519,86,38,9608,627713,0,0,0,0,19.4164878389476,49.1239075603156,0.09217
2428633096,5589031,1H,2,50,00:02:50.865,171.865699,73,40,9608,627713,0,0,0,0,32.55764119219941,30.470659928999755,0.04264
2428632744,5589031,1H,5,15,00:05:15.604,316.604501,80,65,2975,590472,0,0,0,0,39.824615503479755,16.646839572222838,0.04325
2428632763,5589031,1H,7,9,00:07:09.455,430.455183,88,70,2975,422515,0,0,0,0,39.81205847478876,11.500283200649971,0.0293
2428633235,5589031,1H,9,14,00:09:14.628,555.628002,80,68,9608,627713,0,0,0,0,42.20189569201838,14.826479970355672,0.03748
2428632906,5589031,1H,19,1,00:19:01.818,1142.818506,97,53,2975,590472,0,0,0,0,20.615528128088304,22.71441235316724,0.7093
2428632950,5589031,1H,22,52,00:22:52.103,1373.103256,83,54,2975,403696,0,0,0,0,29.732137494637012,26.250242369688888,0.006297
2428632954,5589031,1H,23,31,00:23:31.191,1412.191279,74,53,2975,626551,0,0,0,0,36.359317925395686,24.210465577990906,0.04439
2428632992,5589031,1H,26,49,00:26:49.915,1610.915109,83,58,2975,626551,0,0,0,0,32.55764119219941,22.023055496811253,0.01032
2428633725,5589031,1H,37,48,00:37:48.064,2269.064023,86,72,9608,627713,0,0,0,0,42.485291572496,11.220427870059998,0.0634
2428633801,5589031,1H,42,15,00:42:15.942,2536.942687,90,66,9608,786686,0,1,0,1,35.34119409414458,13.016110768467204,0.005935
2428633864,5589031,1H,43,55,00:43:55.488,2636.488065,86,67,9608,786686,0,0,0,0,38.07886552931954,14.026395448169028,0.0007808
2428633922,5589031,1H,46,29,00:46:29.884,2790.884952,79,63,9608,636182,0,0,0,0,38.948684188300895,18.051063247327644,0.02225
2428633308,5589031,2H,47,51,00:47:51.049,3013.049452,87,47,2975,626551,0,0,0,0,22.20360331117452,38.181785428348135,0.1221
2428634020,5589031,2H,55,49,00:55:49.206,3491.206825,94,42,9608,388986,1,0,0,0,13.601470508735444,62.28918598474691,0.1087
2428634041,5589031,2H,57,59,00:57:59.684,3621.684193,86,36,9608,471967,0,0,0,0,19.1049731745428,50.29344225303053,0.03744
2428634086,5589031,2H,65,7,01:05:07.743,4049.743915,86,73,9608,786686,0,0,1,0,43.382023926967726,10.75213305047435,0.03018
2428634163,5589031,2H,70,37,01:10:37.529,4379.529997,80,28,9608,562484,0,0,0,0,25.709920264364882,37.806529944704465,0.03216
2428634196,5589031,2H,74,28,01:14:28.503,4610.503,91,39,9608,388986,0,0,0,0,14.866068747318506,60.94539590092286,0.2255
2428633718,5589031,2H,77,27,01:17:27.417,4789.417402,92,48,2975,56274,0,0,0,0,19.1049731745428,39.48659997133244,0.5521
2428633749,5589031,2H,80,14,01:20:14.415,4956.415182,75,39,2975,590472,0,0,0,0,30.4138126514911,32.611536846691465,0.04841
2428634268,5589031,2H,81,40,01:21:40.346,5042.346176,86,74,9608,431540,0,0,0,0,44.28317965096906,10.31021023766191,0.003316
2428634302,5589031,2H,84,32,01:24:32.715,5214.715225,78,47,9608,647122,0,0,0,0,29.966648127543394,30.746688948963556,0.002844
2428634306,5589031,2H,84,51,01:24:51.157,5233.157131,94,44,9608,388986,1,0,0,0,14.866068747318506,54.73698827040275,0.1867
2428634403,5589031,2H,94,5,01:34:05.761,5787.761427,88,34,9608,472347,0,0,0,0,17.0,55.79454206189526,0.004916
2428634405,5589031,2H,94,10,01:34:10.577,5792.577448,91,51,9608,647122,1,0,0,0,22.02271554554524,31.954362937051407,0.1598
2471390928,5589078,1H,1,37,00:01:37.069,98.069832,75,58,3776,25826,0,0,0,0,38.41874542459709,21.16125981682828,0.007558
2471390788,5589078,1H,2,31,00:02:31.425,152.425831,78,64,2447,496766,0,1,0,0,40.36087214122113,17.42986281766783,0.01919
2471391085,5589078,1H,7,36,00:07:36.077,457.077232,71,39,3776,600547,0,0,0,0,34.36568055487916,29.08997185971651,0.04112
2471390846,5589078,1H,9,44,00:09:44.072,585.072686,90,41,2447,263490,0,0,0,1,16.55294535724685,54.442253634586045,0.215
2471391064,5589078,1H,21,15,00:21:15.018,1276.018598,81,38,2447,496766,0,0,0,0,24.331050121192877,40.21121755638399,0.04264
2471391385,5589078,1H,25,53,00:25:53.518,1554.518218,75,67,3776,799718,0,0,0,0,44.598206241955516,15.80251395393553,0.0235
2471391360,5589078,1H,37,25,00:37:25.555,2246.555385,80,37,2447,448070,0,0,0,0,25.179356624028344,39.1367391051011,0.08633
2471391789,5589078,1H,42,59,00:42:59.052,2580.052979,87,70,3776,37824,0,0,0,0,40.24922359499622,11.888658039627972,0.02597
2471392016,5589078,2H,53,2,00:53:02.776,3300.776085,88,51,3776,502961,0,0,0,0,24.041630560342615,31.620364695132185,0.137
2471392235,5589078,2H,67,10,01:07:10.346,4148.346636,87,43,3776,599991,0,0,0,0,20.12461179749811,45.0,0.07564
2471391825,5589078,2H,73,44,01:13:44.908,4542.908872,84,69,2447,565394,0,0,0,0,40.8166632639171,13.413673165258052,0.025
2471392385,5589078,2H,88,1,01:28:01.824,5399.824566,94,56,3776,502961,1,0,0,0,24.596747752497688,20.699703371145432,0.1145
2320793394,5588942,1H,11,4,00:11:04.950,665.950089,95,32,3172,406682,0,0,0,0,10.198039027185569,82.71833119246493,0.06788
2320793459,5588942,1H,14,2,00:14:02.779,843.779164,78,41,3172,498456,0,0,0,0,27.892651361962706,34.8870627561117,0.02961
2320793583,5588942,1H,20,9,00:20:09.436,1210.436052,96,52,3172,50007,0,0,0,0,20.12461179749811,26.565051177077994,0.5278
2320793635,5588942,1H,23,35,00:23:35.031,1416.031502,87,34,3172,522257,0,0,0,0,18.0,53.13010235415598,0.0323
2320793663,5588942,1H,24,39,00:24:39.175,1480.175841,90,61,3172,522257,0,0,0,0,30.886890422961002,17.185706144224763,0.1823
2320793678,5588942,1H,25,22,00:25:22.199,1523.199965,96,32,3172,406682,0,0,0,0,9.219544457292887,88.58557678859785,0.02766
2320793763,5588942,1H,31,19,00:31:19.553,1880.553806,87,59,3172,516161,0,0,0,0,30.805843601498726,20.46918963248217,0.0901
2320793785,5588942,1H,32,36,00:32:36.931,1957.931325,92,44,3172,602074,1,0,0,0,16.401219466856727,51.22094992115961,0.01873
2320793830,5588942,1H,34,55,00:34:55.338,2096.338282,87,37,3172,22889,0,0,0,0,18.24828759089466,52.1250163489018,0.09491
2320793849,5588942,1H,35,17,00:35:17.342,2118.342391,94,52,3172,406682,0,0,0,0,21.095023109728988,28.544247315417184,0.3373
2320793856,5588942,1H,35,20,00:35:20.059,2121.059691,91,35,3172,498456,0,0,0,0,14.035668847618199,65.2825590889166,0.2421
2320793955,5588942,1H,38,47,00:38:47.107,2328.107902,93,51,3172,516161,1,0,0,0,20.808652046684813,31.534791905188296,0.1111
2320794018,5588942,1H,43,37,00:43:37.214,2618.214903,91,52,3172,406682,0,0,0,0,22.80350850198276,29.857198290073992,0.1915
2320794174,5588942,2H,46,50,00:46:50.077,2833.077778,88,64,14504,532716,0,0,0,0,34.48187929913333,15.43873036961082,0.1081
2320794055,5588942,2H,47,42,00:47:42.379,2885.379675,92,54,3172,405598,1,0,0,0,23.853720883753127,25.618099730304525,0.2094
2320794104,5588942,2H,51,13,00:51:13.775,3096.775233,88,31,3172,22889,0,0,0,0,17.26267650163207,54.65762779636891,0.07968
2320794265,5588942,2H,51,34,00:51:34.649,3117.649708,77,34,14504,544823,0,0,0,0,28.0,35.63777782904556,0.07335
2320794136,5588942,2H,53,27,00:53:27.203,3230.203927,80,51,3172,406682,0,0,0,0,30.23243291566195,28.378631089018498,0.04313
2320794240,5588942,2H,57,56,00:57:56.143,3499.143232,78,28,3172,22889,0,0,0,0,27.65863337187866,35.39479584498706,0.008922
2320794269,5588942,2H,60,2,01:00:02.919,3625.919568,81,48,3172,522257,0,0,0,0,27.784887978899608,32.01283583284806,0.05189
2320794300,5588942,2H,65,46,01:05:46.755,3969.755436,80,49,3172,487020,0,0,0,0,29.154759474226502,30.335127391296773,0.02498
2320794395,5588942,2H,70,18,01:10:18.734,4241.734174,80,38,3172,551694,0,0,0,0,25.317977802344327,38.784364100297346,0.003244
2320794603,5588942,2H,71,15,01:11:15.550,4298.550912,82,70,14504,283284,0,0,0,0,42.720018726587654,13.353998502106373,0.002986
2320794725,5588942,2H,76,59,01:16:59.329,4642.329688,82,31,14504,649607,0,0,0,0,23.194827009486403,42.17368556534946,0.005712
2320794774,5588942,2H,84,36,01:24:36.300,5099.300129,72,49,14504,532723,0,0,0,0,36.24913792078372,25.722526916337575,0.007286
2320794802,5588942,2H,87,8,01:27:08.109,5251.109388,77,63,14504,532794,0,0,0,0,40.311288741492746,18.077970392189727,0.0127
2320794721,5588942,2H,92,52,01:32:52.680,5595.68075,88,28,3172,135807,0,0,0,0,18.027756377319946,51.43164542644399,0.02009
2486427740,5590077,1H,2,52,00:02:52.850,173.850993,84,35,6713,570830,0,0,0,0,21.02379604162864,46.31780310144996,0.1821
2486427993,5590077,1H,10,10,00:10:10.208,611.208983,76,60,34760,302033,0,0,0,0,38.948684188300895,19.97669903148685,0.01091
2486427890,5590077,1H,14,34,00:14:34.315,875.31516,92,52,6713,54783,0,0,0,0,22.20360331117452,29.59489268795477,0.2317
2486428238,5590077,1H,23,53,00:23:53.652,1434.652077,93,49,34760,289120,1,0,0,0,19.209372712298546,36.86989764584401,0.266
2486428083,5590077,1H,24,39,00:24:39.555,1480.555514,90,35,6713,54783,0,0,0,0,15.033296378372908,61.76255446183274,0.1696
2486428297,5590077,1H,28,7,00:28:07.580,1688.5805,90,41,34760,51253,0,0,0,0,16.55294535724685,54.442253634586045,0.01377
2486428987,5590077,1H,34,49,00:34:49.065,2090.065418,94,43,6713,570830,0,0,0,1,14.212670403551895,58.57043438516149,0.3957
2486428307,5590077,1H,40,4,00:40:04.648,2405.648231,94,45,6713,329527,1,0,0,0,15.556349186104045,50.88435978826091,0.1804
2486428339,5590077,1H,41,38,00:41:38.934,2499.934389,73,34,6713,627932,0,0,0,0,32.0,31.41727565803149,0.03397
2486428568,5590077,1H,46,6,00:46:06.260,2767.260252,82,53,34760,302033,0,0,0,0,29.832867780352597,27.10077366056848,0.03464
2486428491,5590077,2H,50,37,00:50:37.320,3173.320904,81,62,6713,627932,0,0,0,0,36.87817782917155,18.66311071167633,0.002356
2486428924,5590077,2H,63,57,01:03:57.656,3973.656165,92,51,34760,416568,1,0,0,0,21.400934559032695,31.827446576673108,0.1573
2486428661,5590077,2H,64,43,01:04:43.648,4019.648595,87,36,6713,570830,0,0,0,0,18.110770276274835,52.68007112197176,0.09676
2486428696,5590077,2H,66,31,01:06:31.328,4127.328076,82,61,6713,627932,0,0,0,0,35.4682957019364,19.378900333601408,0.03455
2486428731,5590077,2H,68,25,01:08:25.265,4241.265765,76,44,6713,332628,0,0,0,0,30.675723300355934,31.256777057097374,0.04396
2486429033,5590077,2H,79,13,01:19:13.853,4889.853093,86,51,34760,416568,0,0,0,0,25.495097567963924,31.00816038227413,0.0865
2486428852,5590077,2H,85,47,01:25:47.501,5283.501727,87,34,6713,570830,0,0,0,0,18.0,53.13010235415598,0.1545
2486428854,5590077,2H,85,49,01:25:49.856,5285.856287,97,56,6713,54783,1,0,0,0,23.40939982143925,17.13720814618302,0.6931
2438140830,5589046,1H,4,31,00:04:31.500,272.500586,89,53,2444,681063,1,0,0,0,24.839484696748443,28.24973549497429,0.1062
2438140859,5589046,1H,6,6,00:06:06.601,367.601757,92,84,2444,8717,0,1,0,0,51.66236541235796,5.166481696754115,0.0305
2438140883,5589046,1H,7,39,00:07:39.027,460.027189,93,48,2444,14732,1,0,0,0,18.439088914585774,39.827323475241776,0.1236
2438140942,5589046,1H,11,40,00:11:40.523,701.523454,89,64,2444,557016,0,0,0,0,34.0,14.997743223075787,0.099
2438140984,5589046,1H,13,59,00:13:59.010,840.010355,89,46,2444,681063,0,0,0,0,20.0,42.07639644586144,0.1755
2438141118,5589046,1H,20,33,00:20:33.832,1234.832221,94,50,2444,8717,0,0,0,0,19.4164878389476,33.77931321628475,0.5367
2438141150,5589046,1H,21,40,00:21:40.053,1301.05302,71,73,2444,245364,0,0,0,0,51.73973328110612,13.265120935364154,0.004834
2438141382,5589046,1H,25,32,00:25:32.803,1533.803457,90,54,14376,109203,0,1,0,0,25.0,26.396286482485337,0.4158
2438141394,5589046,1H,25,44,00:25:44.572,1545.572888,88,52,14376,678611,0,0,0,0,24.758836806279895,29.906995034339122,0.2211
2438141416,5589046,1H,26,41,00:26:41.592,1602.592516,88,64,14376,418105,0,0,0,0,34.48187929913333,15.43873036961082,0.1352
2438141263,5589046,1H,27,6,00:27:06.004,1627.004593,89,68,2444,245364,0,0,0,0,37.57658845611187,12.209360237388847,0.04673
2438141304,5589046,1H,29,45,00:29:45.182,1786.182676,95,42,2444,441077,0,0,0,0,12.806248474865697,65.24504821803977,0.4341
2438141388,5589046,1H,33,48,00:33:48.287,2029.287244,85,65,2444,245364,0,0,0,0,36.89173349139343,15.70863782901574,0.04031
2438141392,5589046,1H,33,54,00:33:54.059,2035.059453,83,41,2444,681063,0,0,0,0,23.08679276123039,41.22180229283842,0.08209
2438141426,5589046,1H,35,33,00:35:33.492,2134.492006,91,52,2444,8717,1,0,0,0,22.80350850198276,29.857198290073992,0.1356
2438141529,5589046,1H,40,43,00:40:43.445,2444.445567,98,39,2444,517581,1,0,0,0,8.602325267042627,93.17983011986423,0.08969
2438141560,5589046,1H,42,31,00:42:31.291,2552.291095,76,65,2444,441077,0,0,0,0,42.44997055358225,16.873181675384537,0.01395
2438141853,5589046,2H,53,41,00:53:41.602,3290.602672,90,47,2444,245364,0,0,0,0,19.849433241279208,40.78170584465348,0.2664
2438141869,5589046,2H,54,47,00:54:47.220,3356.220144,79,31,2444,681063,0,0,0,0,26.1725046566048,37.76975736074843,0.04939
2438141893,5589046,2H,55,26,00:55:26.822,3395.822569,75,58,2444,557016,0,0,0,0,38.41874542459709,21.16125981682828,0.007137
2438141926,5589046,2H,56,50,00:56:50.852,3479.852577,94,46,2444,14732,1,0,0,0,16.278820596099706,47.09890593320355,0.2714
2438141920,5589046,2H,57,51,00:57:51.278,3540.278603,92,72,14376,418105,0,0,0,0,40.162171256046406,8.68432421997975,0.06901
2438141930,5589046,2H,58,39,00:58:39.706,3588.706138,88,55,14376,418105,0,0,0,0,27.018512172212592,25.24362477224919,0.04058
2438141990,5589046,2H,60,36,01:00:36.353,3705.353707,89,25,2444,681063,0,0,0,0,18.35755975068582,48.366460663429805,0.02423
2438142029,5589046,2H,62,35,01:02:35.671,3824.671849,96,50,2444,8717,1,0,0,0,18.35755975068582,32.32613999437687,0.2633
2438142038,5589046,2H,63,40,01:03:40.313,3889.313712,89,58,2444,224593,0,0,0,0,28.844410203711913,20.98125347190007,0.2035
2438142047,5589046,2H,64,8,01:04:08.690,3917.690498,91,32,2444,569593,0,0,0,0,14.142135623730951,64.72227776444704,0.02515
2438142050,5589046,2H,64,12,01:04:12.398,3921.398704,88,29,2444,245364,0,0,0,0,17.72004514666935,52.71297976353103,0.02017
2438142074,5589046,2H,65,20,01:05:20.140,3989.140474,78,45,2444,245364,0,0,0,0,29.154759474226502,32.29246056792633,0.0174
2438142077,5589046,2H,65,21,01:05:21.899,3990.89995,81,45,2444,245364,0,0,0,0,26.40075756488817,35.041929401539015,0.09299
2438142159,5589046,2H,68,41,01:08:41.374,4190.374399,78,62,2444,557016,0,0,0,0,38.897300677553446,18.746466093604607,0.004595
2438142318,5589046,2H,78,9,01:18:09.286,4758.286954,88,52,2444,134397,0,1,0,0,24.758836806279895,29.906995034339122,0.193
2438142357,5589046,2H,79,40,01:19:40.657,4849.657492,78,42,2444,517581,0,0,0,0,28.160255680657446,34.31683033137471,0.01897
2438142366,5589046,2H,82,15,01:22:15.720,5004.720713,82,37,14376,652503,0,1,0,0,23.194827009486403,42.17368556534946,0.07537
2438142504,5589046,2H,83,27,01:23:27.037,5076.037725,90,54,2444,134397,0,0,0,0,25.0,26.396286482485337,0.3561
2438142507,5589046,2H,83,28,01:23:28.315,5077.315604,92,37,2444,231139,0,0,0,0,13.341664064126334,67.4845305261934,0.438
2438142524,5589046,2H,85,22,01:25:22.076,5191.07672,88,40,2444,245364,0,0,0,0,18.027756377319946,51.43164542644399,0.159
2438142424,5589046,2H,85,55,01:25:55.335,5224.335186,81,52,14376,408227,0,0,0,0,30.0,27.81041544384634,0.00726
2438142459,5589046,2H,89,43,01:29:43.836,5452.83698,95,71,14376,408227,0,0,0,0,38.3275357934736,7.3890503301609085,0.06842
2438142582,5589046,2H,90,59,01:30:59.610,5528.610573,79,21,2444,231139,0,0,0,0,29.068883707497267,31.490196046718612,0.01487
2449197136,5589310,1H,0,39,00:00:39.957,40.957779,77,30,5120,805050,0,0,0,0,28.284271247461902,35.029440463493,0.01095
2449197150,5589310,1H,1,19,00:01:19.281,80.281869,92,69,5120,620734,0,0,0,0,37.33630940518894,10.105036365037957,0.0505
2449197350,5589310,1H,12,20,00:12:20.805,741.805444,85,38,9,704,0,0,0,0,20.396078054371138,47.060111023723124,0.004638
2449197711,5589310,1H,24,3,00:24:03.226,1444.226125,86,66,5120,805050,0,0,0,0,37.21558813185679,14.695971397242621,0.03908
2449197830,5589310,1H,30,36,00:30:36.698,1837.698708,73,45,5120,549496,0,0,0,0,33.83784863137726,28.429048833086146,0.03287
2449197965,5589310,1H,40,20,00:40:20.323,2421.323629,87,36,5120,780691,0,0,0,0,18.110770276274835,52.68007112197176,0.01548
2449198231,5589310,2H,53,39,00:53:39.103,3386.103802,76,35,5120,575578,0,0,0,0,29.017236257093817,34.44776735630735,0.03616
2449198296,5589310,2H,58,15,00:58:15.289,3662.289128,81,46,9,561035,0,0,0,0,26.832815729997478,34.060908816807846,0.08422
2449198568,5589310,2H,70,16,01:10:16.152,4383.152337,95,54,9,775203,1,0,0,0,22.360679774997898,23.248082968525054,0.2008
2449198561,5589310,2H,70,18,01:10:18.008,4385.008428,81,44,9,761607,0,0,0,0,26.0,35.98154135447273,0.1332
2449198555,5589310,2H,73,16,01:13:16.924,4563.92412,87,61,5120,880706,0,0,0,0,32.449961479175904,18.434948822922006,0.008816
2449198767,5589310,2H,81,20,01:21:20.918,5047.918001,83,37,9,594262,0,0,0,0,22.20360331117452,43.86557836902299,0.1059
2449198720,5589310,2H,84,6,01:24:06.111,5213.11171,93,50,5120,248935,1,0,0,0,20.0,34.10255701216545,0.2018
2449198837,5589310,2H,86,21,01:26:21.196,5348.196681,76,43,9,142755,0,0,0,0,30.364452901377952,31.827446576673108,0.02285
2449198775,5589310,2H,87,52,01:27:52.216,5439.21647,76,57,5120,620734,0,0,0,0,37.013511046643494,22.046229059872513,0.0331
2449198815,5589310,2H,90,52,01:30:52.854,5619.854698,94,60,5120,620734,1,1,0,0,28.231188426986208,15.4580544997057,0.06265
2449198847,5589310,2H,92,16,01:32:16.041,5703.041796,84,53,5120,880706,0,0,0,0,28.319604517012593,27.666757292284363,0.142
2385286747,5588995,1H,1,28,00:01:28.303,89.303667,70,53,17090,582188,0,0,0,0,39.824615503479755,22.714412353167237,0.01181
2385286729,5588995,1H,3,43,00:03:43.252,224.252031,98,42,2445,448127,0,1,0,0,10.63014581273465,75.74996730219641,0.4918
2385286748,5588995,1H,4,15,00:04:15.170,256.170674,89,56,2445,352328,0,0,0,0,27.202941017470888,23.606568902437697,0.2993
2385287008,5588995,1H,11,50,00:11:50.523,711.523257,82,57,17090,582188,0,0,0,0,32.526911934581186,22.964615731592943,0.142
2385287196,5588995,1H,22,10,00:22:10.313,1331.313666,91,27,17090,507602,0,0,0,0,15.652475842498529,56.94417718844633,0.03053
2385287379,5588995,1H,30,26,00:30:26.748,1827.748777,91,47,17090,254493,0,0,0,0,19.1049731745428,41.583411808228654,0.2211
2385287221,5588995,1H,34,26,00:34:26.632,2067.632862,77,55,2445,532559,0,0,0,0,35.0,23.77634349723379,0.03058
2385287355,5588995,1H,41,5,00:41:05.705,2466.705487,93,32,2445,584765,0,0,0,1,12.165525060596439,72.76688424153011,0.1107
2385287547,5588995,2H,48,11,00:48:11.487,3189.487891,86,63,2445,503185,0,1,0,0,34.66987164671943,16.966148108536178,0.06271
2385287559,5588995,2H,48,33,00:48:33.155,3211.155681,88,37,2445,584765,0,0,0,0,17.26267650163207,54.65762779636891,0.08192
2385287837,5588995,2H,51,31,00:51:31.416,3389.416359,89,65,17090,582188,0,0,0,0,34.88552708502482,14.225963898751795,0.1796
2385287765,5588995,2H,59,15,00:59:15.362,3853.36232,74,45,2445,391740,0,0,0,0,32.89376840679705,29.137155804961257,0.01741
2385288045,5588995,2H,62,29,01:02:29.562,4047.562207,88,61,17090,582188,0,0,0,0,31.906112267087632,18.085700722830325,0.08124
2385288076,5588995,2H,63,39,01:03:39.529,4117.529929,88,59,17090,228932,0,1,0,1,30.23243291566195,20.17065341185039,0.4017
2385288084,5588995,2H,64,58,01:04:58.661,4196.661379,98,42,17090,228932,1,0,0,0,10.63014581273465,75.74996730219641,0.146
2385288144,5588995,2H,68,40,01:08:40.104,4418.10454,86,41,17090,237274,0,0,0,0,20.248456731316587,46.109913503706764,0.1823
2385288072,5588995,2H,80,5,01:20:05.569,5103.569628,89,62,2445,391740,1,0,0,0,32.2490309931942,16.715686488998475,0.01866
2385288315,5588995,2H,82,2,01:22:02.874,5220.874334,76,59,17090,359545,0,0,0,0,38.28837943815329,20.651190740995947,0.004723
2385288223,5588995,2H,87,18,01:27:18.996,5536.996103,79,62,2445,618919,0,0,0,0,38.2099463490856,18.74599777316555,0.02949
2385288367,5588995,2H,87,34,01:27:34.956,5552.956984,91,65,17090,237274,0,0,0,0,34.0147027033899,13.181146071659764,0.2686
2385288297,5588995,2H,92,51,01:32:51.921,5869.921518,76,52,2445,542209,0,0,0,0,34.132096331752024,25.7131321121728,0.01279
2525409475,5589342,1H,0,54,00:00:54.744,55.744782,80,41,7099,496678,0,0,0,0,25.96150997149434,37.19316433109369,0.08026
2525409674,5589342,1H,10,28,00:10:28.483,629.48335,73,64,3162,492443,0,0,0,0,43.86342439892262,17.355794772800337,0.009339
2525409622,5589342,1H,10,42,00:10:42.097,643.097488,89,34,7099,432073,0,0,0,0,16.0,58.71550708558255,0.1779
2525409700,5589342,1H,11,15,00:11:15.084,676.084246,92,40,3162,246633,1,0,0,0,14.317821063276353,62.08023357189139,0.1808
2525409859,5589342,1H,17,51,00:17:51.783,1072.783783,94,34,3162,3360,0,0,0,0,11.0,78.57881372500071,0.1535
2525409889,5589342,1H,20,2,00:20:02.669,1203.66966,92,47,3162,492443,0,0,0,0,18.384776310850235,42.31804415845862,0.4728
2525409773,5589342,1H,22,55,00:22:55.607,1376.607333,92,52,7099,629771,1,0,0,0,22.20360331117452,29.59489268795477,0.1689
2525409900,5589342,1H,23,15,00:23:15.375,1396.375676,81,52,3162,492443,0,0,0,0,30.0,27.81041544384634,0.02275
2525409916,5589342,1H,25,27,00:25:27.169,1528.169467,87,70,3162,3360,0,0,0,0,40.24922359499622,11.888658039627972,0.003625
2525409956,5589342,1H,27,5,00:27:05.679,1626.679753,84,67,3162,475110,0,1,0,0,39.11521443121589,14.62087398863165,0.004956
2525410225,5589342,1H,37,55,00:37:55.367,2276.367298,79,52,3162,226200,0,0,0,0,31.622776601683793,26.987432186175077,0.0794
2525410310,5589342,1H,42,42,00:42:42.382,2563.382295,89,31,3162,492443,0,0,0,0,16.278820596099706,57.425942865427494,0.00877
2525410317,5589342,1H,42,48,00:42:48.811,2569.811873,88,53,3162,228928,0,0,0,0,25.495097567963924,28.270723386162697,0.226
2525410320,5589342,1H,42,50,00:42:50.312,2571.312416,87,50,3162,246633,0,0,0,0,24.08318915758459,32.99560723843002,0.248
2525410344,5589342,1H,44,58,00:44:58.225,2699.22535,92,46,3162,246633,1,0,0,0,17.69180601295413,45.24590312327071,0.2123
2525410451,5589342,2H,46,55,00:46:55.561,3000.561341,93,25,3162,228928,0,0,0,1,15.0,56.309932474020215,0.012
2525410460,5589342,2H,47,26,00:47:26.089,3031.089917,92,69,3162,475110,0,0,0,0,37.33630940518894,10.105036365037957,0.008246
2525410579,5589342,2H,52,36,00:52:36.291,3341.291336,89,59,3162,246633,0,0,0,0,29.68164415931166,19.79887635452493,0.32
2525410457,5589342,2H,60,51,01:00:51.868,3836.868305,93,59,7099,449343,0,0,0,0,27.730849247724095,17.42986281766783,0.3857
2525410461,5589342,2H,61,36,01:01:36.305,3881.305486,94,29,7099,357546,1,0,0,0,12.083045973594572,71.82587993453092,0.01641
2525410743,5589342,2H,62,6,01:02:06.294,3911.294307,93,72,3162,3360,0,0,0,0,39.84971769034255,8.156714418899558,0.07648
2525410763,5589342,2H,63,48,01:03:48.247,4013.247581,87,56,3162,492443,0,0,0,0,28.42534080710379,24.02096149364637,0.2265
2525410800,5589342,2H,65,23,01:05:23.075,4108.075285,95,34,3162,246633,0,0,0,1,10.0,83.97442499163331,0.04298
2525410895,5589342,2H,71,38,01:11:38.637,4483.637302,88,52,3162,492443,0,0,0,0,24.758836806279895,29.906995034339122,0.1397
2525410914,5589342,2H,72,45,01:12:45.669,4550.669314,79,38,3162,532604,0,0,0,0,26.30589287593181,37.45057823173673,0.00472
2525410934,5589342,2H,73,53,01:13:53.978,4618.978118,88,69,3162,226200,0,0,0,0,38.91015291668744,12.053792513320268,0.003321
2525411241,5589342,2H,89,43,01:29:43.125,5568.125966,91,60,3162,116349,1,0,0,0,29.5296461204668,17.671050361992013,0.008726
2525410890,5589342,2H,91,3,01:31:03.636,5648.636747,95,48,7099,348044,0,0,0,0,17.204650534085253,39.936383146969916,0.4957
2525411319,5589342,2H,92,34,01:32:34.968,5739.968625,97,57,3162,759409,0,0,0,0,24.351591323771842,15.708637829015744,0.4652
2525410969,5589342,2H,95,19,01:35:19.610,5904.610681,84,44,7099,432073,0,0,0,0,23.259406699226016,39.41128377998199,0.1803
2401294255,5589007,1H,2,58,00:02:58.265,179.265042,90,55,2446,346157,0,0,0,0,25.80697580112788,24.77514056883192,0.1614
2401294383,5589007,1H,10,54,00:10:54.220,655.220105,76,32,2446,4787,0,0,0,0,29.068883707497267,34.34268906720732,0.02366
2401294180,5589007,1H,11,41,00:11:41.215,702.215085,91,55,3161,79320,0,0,0,0,25.238858928247925,24.38181187689552,0.3789
2401294206,5589007,1H,13,21,00:13:21.875,802.875811,74,57,3161,15524,0,0,0,0,38.600518131237564,21.604831183262426,0.009857
2401294551,5589007,1H,18,42,00:18:42.208,1123.208656,83,35,2446,4787,0,0,0,0,22.02271554554524,44.42706130231652,0.003754
2401294553,5589007,1H,18,47,00:18:47.711,1128.711924,81,33,2446,49876,0,0,0,0,24.020824298928627,41.05481377096244,0.05182
2401294474,5589007,1H,23,58,00:23:58.223,1439.223573,81,29,3161,15524,0,0,0,0,24.515301344262525,39.71875937155488,0.2848
2401294635,5589007,1H,25,30,00:25:30.692,1531.692271,86,54,2446,364082,0,0,0,0,27.586228448267445,26.699706110158193,0.1749
2401294570,5589007,1H,28,53,00:28:53.203,1734.203862,87,41,3161,423151,1,0,0,0,19.313207915827967,47.97373108248011,0.02372
2401294690,5589007,1H,31,5,00:31:05.783,1866.783617,90,33,2446,547582,0,0,0,0,15.033296378372908,61.76255446183274,0.05053
2401295910,5589007,1H,34,34,00:34:34.088,2075.088785,91,20,2446,577394,0,0,0,0,19.79898987322333,39.01748307414253,0.03241
2401294905,5589007,1H,39,55,00:39:55.049,2396.049734,96,56,3161,405597,1,0,0,0,23.769728648009426,18.505947274207028,0.1848
2401295061,5589007,2H,48,52,00:48:52.954,3003.954694,77,48,2446,346157,0,0,0,0,31.304951684997057,29.275989008081613,0.02051
2401295082,5589007,2H,49,22,00:49:22.720,3033.720372,86,57,2446,341973,0,0,0,0,29.832867780352597,22.915925633349705,0.07029
2401295153,5589007,2H,52,36,00:52:36.302,3227.302883,94,66,2446,447207,0,0,0,1,33.83784863137726,10.541604540673138,0.1702
2401295243,5589007,2H,57,26,00:57:26.187,3517.18773,87,36,2446,508140,0,0,0,0,18.110770276274835,52.68007112197176,0.01726
2401295421,5589007,2H,64,30,01:04:30.709,3941.709134,74,63,2446,228768,0,0,0,0,42.44997055358225,17.96425470361963,0.04039
2401295623,5589007,2H,72,44,01:12:44.982,4435.982451,86,64,2446,577394,0,0,0,0,35.510561809129406,16.163200811456928,0.02173
2401295669,5589007,2H,73,51,01:13:51.379,4502.379302,81,32,2446,577394,0,0,0,0,24.08318915758459,40.88376949447557,0.05082
2401295811,5589007,2H,83,47,01:23:47.812,5098.812484,75,29,2446,577394,0,0,0,0,30.4138126514911,32.611536846691465,0.03269
2401295893,5589007,2H,89,20,01:29:20.139,5431.1399,90,55,2446,341973,0,0,0,0,25.80697580112788,24.77514056883192,0.2513
2432739660,5589037,1H,4,42,00:04:42.212,283.212054,77,52,11241,239189,0,0,0,0,33.28663395418648,26.139484409467244,0.03997
2432738467,5589037,1H,11,57,00:11:57.217,718.217854,95,64,3161,372255,0,0,0,0,31.622776601683793,11.081950470781008,0.1175
2432738135,5589037,1H,20,24,00:20:24.629,1225.629719,91,69,11241,402689,0,0,0,0,37.69615364994153,10.650631546076253,0.03275
2432738825,5589037,1H,26,17,00:26:17.051,1578.051765,85,43,3161,588819,0,0,0,0,21.93171219946131,41.98721249581666,0.1409
2432738315,5589037,1H,33,41,00:33:41.706,2022.706131,86,48,11241,418949,0,0,0,0,23.600847442411894,35.696769194534774,0.1413
2432739014,5589037,1H,34,36,00:34:36.623,2077.623463,87,42,3161,286223,0,0,0,0,19.697715603592208,46.543253078247524,0.1714
2432738364,5589037,1H,38,36,00:38:36.624,2317.624261,69,55,11241,402689,0,0,0,0,41.677331968349414,21.37062226934318,0.007241
2432738475,5589037,2H,45,21,00:45:21.348,2734.348915,87,35,11241,569109,0,0,0,0,18.027756377319946,53.017093073655325,0.1254
2432738489,5589037,2H,46,6,00:46:06.429,2779.429088,85,44,11241,536024,0,0,0,0,22.360679774997898,40.66879405950243,0.0938
2432739221,5589037,2H,49,43,00:49:43.798,2996.798619,79,56,3161,105338,0,0,0,0,34.058772731852805,23.448062577957817,0.002813
2432739245,5589037,2H,53,26,00:53:26.849,3219.849152,95,36,3161,301017,0,0,0,0,10.198039027185569,82.71833119246493,0.06012
2432738602,5589037,2H,54,32,00:54:32.635,3285.635899,95,30,11241,418949,0,0,0,0,10.770329614269007,78.99645914825051,0.03591
2432739275,5589037,2H,57,27,00:57:27.322,3460.322152,91,45,3161,372255,0,0,0,0,17.804493814764857,46.877877447285364,0.4351
2432738668,5589037,2H,64,21,01:04:21.869,3874.869848,75,32,11241,239189,0,0,0,0,30.066592756745816,33.27032573464446,0.006625
2432738686,5589037,2H,67,23,01:07:23.123,4056.123964,86,45,11241,617621,0,0,0,0,21.95449840010015,40.459794756891306,0.01802
2432739344,5589037,2H,68,14,01:08:14.626,4107.626838,89,47,3161,372255,0,0,0,0,20.615528128088304,39.936383146969916,0.1421
2432739356,5589037,2H,69,38,01:09:38.723,4191.723721,74,44,3161,239291,0,0,0,0,32.57299494980466,29.6566564532096,0.01582
2432739357,5589037,2H,69,40,01:09:40.415,4193.415165,80,56,3161,239291,0,0,0,0,33.301651610693426,23.641071940008274,0.1068
2432739380,5589037,2H,71,37,01:11:37.660,4310.660814,87,47,3161,372255,0,0,0,0,22.20360331117452,38.181785428348135,0.1872
2432739425,5589037,2H,77,8,01:17:08.607,4641.607254,76,48,3161,423151,0,0,0,0,32.202484376209235,28.635648313014702,0.044
2440452000,5589057,1H,2,1,00:02:01.636,122.636915,84,64,17090,228932,0,0,0,0,36.61966684720111,16.69924423399363,0.00691
2440452002,5589057,1H,2,7,00:02:07.273,128.273897,76,44,17090,657014,0,0,0,0,30.675723300355934,31.256777057097374,0.04205
2440451991,5589057,1H,4,40,00:04:40.742,281.742532,74,48,6408,614379,0,0,0,0,34.0147027033899,27.41068393279762,0.009978
2440452257,5589057,1H,19,47,00:19:47.030,1188.03091,92,44,6408,614379,1,0,0,0,16.401219466856727,51.22094992115961,0.1176
2440452558,5589057,1H,36,16,00:36:16.165,2177.165062,87,31,17090,657014,0,0,0,0,18.24828759089466,52.1250163489018,0.01265
2440452566,5589057,1H,36,31,00:36:31.214,2192.214117,73,30,17090,228932,0,0,0,0,32.2490309931942,30.99010749427192,0.003272
2440452635,5589057,1H,38,41,00:38:41.768,2322.76863,88,45,17090,228932,1,0,0,0,20.248456731316587,42.92562661914572,0.08732
2440452661,5589057,1H,40,39,00:40:39.250,2440.250264,74,54,17090,489447,0,0,0,0,36.89173349139343,23.55419262887524,0.05003
2440452740,5589057,1H,43,4,00:43:04.608,2585.608417,96,44,17090,489447,0,0,0,0,13.45362404707371,58.3136323121434,0.5608
2440452849,5589057,2H,47,18,00:47:18.790,2906.790023,86,64,17090,823527,0,0,0,0,35.510561809129406,16.163200811456928,0.03338
2440452881,5589057,2H,49,36,00:49:36.642,3044.642416,83,35,17090,823527,0,0,0,0,22.02271554554524,44.42706130231652,0.09802
2440452911,5589057,2H,53,12,00:53:12.584,3260.584544,87,64,17090,582188,0,0,0,0,34.9857113690718,15.826154076172545,0.01173
2440452953,5589057,2H,55,52,00:55:52.438,3420.438557,82,50,17090,582188,0,0,0,0,28.0178514522438,30.458430966241778,0.02406
2440452963,5589057,2H,56,25,00:56:25.365,3453.365305,94,51,17090,489447,1,0,0,0,20.248456731316587,31.040526177306614,0.1614
2440452981,5589057,2H,58,19,00:58:19.131,3567.131403,75,66,17090,345819,0,0,0,0,43.86342439892262,16.33061313307394,0.00207
2440452883,5589057,2H,58,45,00:58:45.523,3593.52395,79,35,6408,341070,0,0,0,0,26.019223662515376,38.14023999447419,0.0663
2440453110,5589057,2H,63,49,01:03:49.261,3897.261775,96,59,17090,582188,1,0,0,0,26.570660511172846,14.531273572435616,0.206
2440453157,5589057,2H,68,38,01:08:38.711,4186.711915,74,42,17090,217886,0,0,0,0,32.01562118716424,30.587405557682644,0.03296
2440453319,5589057,2H,87,21,01:27:21.142,5309.142346,81,60,6408,655739,0,0,0,0,35.38361202590826,20.249797251563184,0.09677
2440453345,5589057,2H,88,29,01:28:29.640,5377.640994,80,37,6408,685611,0,0,0,0,25.179356624028344,39.1367391051011,0.005527
2440453406,5589057,2H,92,45,01:32:45.381,5633.381591,86,45,6408,383880,0,0,0,0,21.95449840010015,40.459794756891306,0.07164
2481585550,5590051,1H,1,23,00:01:23.513,84.513792,86,67,34760,302033,0,0,0,0,38.07886552931954,14.026395448169028,0.01867
2481585622,5590051,1H,6,27,00:06:27.706,388.706268,97,32,34760,42905,0,0,0,0,8.246211251235321,95.15855178060603,0.06119
2481585885,5590051,1H,17,44,00:17:44.713,1065.713049,92,47,10690,20948,1,0,0,0,18.384776310850235,42.31804415845862,0.09091
2481586016,5590051,1H,29,19,00:29:19.551,1760.551944,75,29,34760,51253,0,0,0,0,30.4138126514911,32.611536846691465,0.005573
2481587050,5590051,1H,31,24,00:31:24.720,1885.720913,80,75,34760,555352,0,0,0,0,48.02082881417188,11.433681265426666,0.01495
2481586057,5590051,1H,32,26,00:32:26.455,1947.455405,93,33,34760,51253,0,0,0,0,12.041594578792296,73.49563861824498,0.1371
2481586095,5590051,1H,35,24,00:35:24.437,2125.437457,76,65,34760,42905,0,0,0,0,42.44997055358225,16.873181675384537,0.001883
2481586355,5590051,2H,52,4,00:52:04.454,3192.454878,86,41,34760,51253,0,0,0,0,20.248456731316587,46.109913503706764,0.1305
2481586381,5590051,2H,53,41,00:53:41.933,3289.933093,75,28,34760,284707,0,0,0,0,30.59411708155671,32.27564431457763,0.007613
2481586436,5590051,2H,56,23,00:56:23.065,3451.06571,91,41,34760,137298,1,0,0,0,15.652475842498529,56.94417718844633,0.1616
2481586616,5590051,2H,59,2,00:59:02.492,3610.492161,67,74,10690,599604,0,0,0,0,55.17245689653489,12.998853496415427,0.0582
2481586638,5590051,2H,59,54,00:59:54.502,3662.502982,93,38,10690,544330,0,0,0,0,12.649110640673518,69.91047499067896,0.1599
2481586725,5590051,2H,64,50,01:04:50.405,3958.405596,87,67,10690,599604,0,0,0,0,37.589892258425,13.671307132195835,0.005729
2481586576,5590051,2H,65,53,01:05:53.575,4021.5757,76,31,34760,69514,0,0,0,0,29.154759474226502,34.16880357254231,0.008007
2481586611,5590051,2H,67,39,01:07:39.724,4127.724985,78,32,34760,69514,0,0,0,0,27.073972741361768,36.70080090262258,0.01901
2481587055,5590051,2H,68,49,01:08:49.025,4197.025053,90,54,10690,20948,1,0,0,0,25.0,26.396286482485337,0.09885
2481586836,5590051,2H,69,45,01:09:45.395,4253.395041,86,40,10690,524304,0,0,0,0,19.924858845171276,47.26278980713946,0.1688
2481586840,5590051,2H,83,51,01:23:51.231,5099.23126,89,33,34760,69514,0,0,0,0,16.0312195418814,58.57043438516149,0.08339
2481586860,5590051,2H,85,37,01:25:37.778,5205.778012,85,30,34760,69514,0,0,0,0,20.396078054371138,47.060111023723124,0.04719
2481586911,5590051,2H,91,16,01:31:16.214,5544.214006,91,52,34760,416568,0,0,0,0,22.80350850198276,29.857198290073992,0.2696
2532531802,5589347,1H,2,10,00:02:10.697,131.697886,76,47,678,3418,0,0,0,0,31.78049716414141,29.331393151254904,0.0335
2532531831,5589347,1H,6,42,00:06:42.021,403.021324,81,45,678,339791,0,0,0,0,26.40075756488817,35.041929401539015,0.08386
2532531841,5589347,1H,7,26,00:07:26.068,447.068586,94,54,678,4452,1,0,0,0,22.825424421026653,24.22774531795417,0.212
2532531872,5589347,1H,10,24,00:10:24.843,625.843869,90,45,678,247141,1,0,0,0,18.601075237738275,45.53545898556453,0.1032
2532531929,5589347,1H,18,2,00:18:02.141,1083.141532,89,57,678,339791,0,1,0,0,28.0178514522438,22.24902365721236,0.2144
2532532480,5589347,1H,29,26,00:29:26.514,1767.514131,98,44,1611,40756,1,0,0,0,12.206555615733702,61.645038214675935,0.4969
2532532024,5589347,1H,38,19,00:38:19.835,2300.835253,87,36,678,654823,0,0,0,0,18.110770276274835,52.68007112197176,0.1131
2532532029,5589347,1H,39,30,00:39:30.360,2371.36013,78,29,678,247141,0,0,0,0,27.459060435491963,35.83454445929908,0.001586
2532532663,5589347,1H,44,43,00:44:43.638,2684.638597,89,44,1611,243588,0,0,0,0,18.867962264113206,46.322758078790415,0.29
2532532768,5589347,1H,48,46,00:48:46.833,2927.833849,84,39,1611,349142,0,0,0,0,21.587033144922902,44.474365393542385,0.06675
2532532974,5589347,2H,61,11,01:01:11.776,3932.776168,80,55,1611,446705,0,0,0,0,32.64965543462902,24.55342308342952,0.09267
2532533003,5589347,2H,62,39,01:02:39.332,4020.332602,76,53,1611,40756,0,0,0,0,34.66987164671943,24.96930795717714,0.04399
2532533005,5589347,2H,63,14,01:03:14.308,4055.308615,96,57,1611,40756,1,0,0,0,24.698178070456937,17.02658844309185,0.1969
2532533054,5589347,2H,68,18,01:08:18.675,4359.675838,84,36,1611,692543,0,0,0,0,21.095023109728988,46.08092418666069,0.01737
2532533193,5589347,2H,80,2,01:20:02.365,5063.365956,74,42,1611,243588,0,0,0,0,32.01562118716424,30.587405557682644,0.04164
2532533200,5589347,2H,81,57,01:21:57.767,5178.767848,82,53,1611,619987,0,0,0,0,29.832867780352597,27.10077366056848,0.04253
2532533213,5589347,2H,82,39,01:22:39.640,5220.640383,90,37,1611,692543,0,0,0,0,15.297058540778355,60.4612177404419,0.08226
2532533255,5589347,2H,85,53,01:25:53.271,5414.271046,91,41,1611,243588,0,0,0,0,15.652475842498529,56.94417718844633,0.1582
2532532741,5589347,2H,91,40,01:31:40.003,5761.003262,92,41,678,855222,1,0,0,0,14.7648230602334,59.65230337632571,0.1201
2384340922,5588999,1H,4,15,00:04:15.644,256.644187,79,54,5072,569212,0,0,0,0,32.802438933713454,25.190030024525928,0.06795
2384340967,5588999,1H,6,12,00:06:12.556,373.556044,82,58,5072,512740,0,0,0,0,33.24154027718932,22.01332969502579,0.03414
2384341072,5588999,1H,13,20,00:13:20.089,801.089344,89,49,8508,595198,0,0,0,0,21.93171219946131,35.75388725443675,0.1163
2384341427,5588999,1H,23,37,00:23:37.879,1418.879739,88,62,5072,512740,0,0,0,0,32.7566787083184,17.14330670979871,0.1811
2384341423,5588999,1H,36,18,00:36:18.509,2179.509429,90,59,8508,555120,1,1,0,1,29.154759474226502,19.34644621554769,0.09934
2384342000,5588999,2H,46,15,00:46:15.830,2851.830411,82,44,5072,563527,0,0,0,0,25.079872407968907,37.07011504699534,0.1575
2384341649,5588999,2H,49,8,00:49:08.774,3024.774131,76,45,8508,555120,0,0,0,0,31.016124838541646,30.647102458472382,0.04161
2384342249,5588999,2H,58,15,00:58:15.531,3571.53159,92,61,5072,512740,0,0,0,0,29.966648127543394,15.982438584957237,0.1485
2384341861,5588999,2H,59,41,00:59:41.134,3657.134338,89,24,8508,419853,0,0,0,0,18.867962264113206,46.322758078790415,0.0398
2384342316,5588999,2H,61,51,01:01:51.667,3787.667196,91,30,5072,569212,0,0,0,0,14.560219778561036,62.53272766139187,0.07495
2384341998,5588999,2H,73,57,01:13:57.562,4513.562888,80,57,8508,589019,0,0,0,0,33.97057550292606,22.75244122094837,0.03254
2384342497,5588999,2H,84,18,01:24:18.952,5134.952035,72,49,5072,633224,0,0,0,0,36.24913792078372,25.722526916337575,0.03807
2384342233,5588999,2H,88,44,01:28:44.851,5400.851513,88,34,8508,555120,0,0,0,0,17.0,55.79454206189526,0.00983
2456151573,5590059,1H,10,37,00:10:37.425,638.425554,99,43,34760,302033,0,0,0,0,10.816653826391969,71.56505117707799,0.1374
2456151574,5590059,1H,10,38,00:10:38.385,639.385439,94,47,34760,369569,0,0,0,0,17.029386365926403,43.451842301022026,0.6389
2456151594,5590059,1H,13,24,00:13:24.297,805.297055,79,45,34760,42905,0,0,0,0,28.231188426986208,33.16988667383196,0.08634
2456151655,5590059,1H,18,14,00:18:14.007,1095.007753,88,60,34760,369569,0,0,0,0,31.064449134018133,19.093492000485618,0.1074
2456152211,5590059,1H,18,59,00:18:59.787,1140.787928,79,51,10690,544330,0,0,0,0,31.064449134018133,27.897271030947625,0.1136
2456151677,5590059,1H,19,55,00:19:55.669,1196.669111,79,31,34760,137298,0,0,0,0,26.1725046566048,37.76975736074843,0.05046
2456151689,5590059,1H,20,35,00:20:35.527,1236.527802,82,81,34760,51253,0,0,0,0,52.32590180780452,8.856318280719247,0.02958
2456151766,5590059,1H,25,38,00:25:38.840,1539.840861,75,42,34760,284707,0,0,0,0,31.04834939252005,31.447934692554472,0.03364
2456151776,5590059,1H,26,37,00:26:37.222,1598.222473,91,65,34760,289120,1,0,0,0,34.0147027033899,13.181146071659764,0.0998
2456151780,5590059,1H,27,19,00:27:19.702,1640.702682,91,53,34760,380956,0,0,0,0,23.600847442411894,27.897271030947625,0.3126
2456151797,5590059,1H,30,30,00:30:30.432,1831.432923,81,35,34760,51253,0,0,0,0,24.020824298928627,41.05481377096244,0.01657
2456151822,5590059,1H,34,9,00:34:09.608,2050.608497,94,32,34760,51253,0,0,0,0,11.180339887498949,77.47119229084849,0.01359
2456152447,5590059,1H,38,28,00:38:28.941,2309.941979,73,27,10690,20948,0,0,0,0,32.7566787083184,30.141385552075338,0.005252
2456151893,5590059,1H,40,36,00:40:36.380,2437.380801,80,42,34760,302033,0,0,0,0,26.248809496813376,36.50631217507593,0.05809
2456151938,5590059,1H,42,51,00:42:51.272,2572.272892,90,38,34760,42905,0,0,0,0,15.524174696260024,59.34933204294713,0.05914
2456152102,5590059,2H,50,12,00:50:12.041,3265.041378,78,66,34760,302033,0,0,0,0,41.86884283091664,16.2075552588413,0.00532
2456152156,5590059,2H,54,10,00:54:10.120,3503.120388,89,44,34760,42905,1,0,0,0,18.867962264113206,46.322758078790415,0.05905
2456152703,5590059,2H,56,5,00:56:05.606,3618.606962,86,44,10690,453675,0,0,0,0,21.470910553583888,41.98721249581666,0.1505
2456152735,5590059,2H,59,46,00:59:46.946,3839.94672,88,55,10690,20948,0,0,0,0,27.018512172212592,25.24362477224919,0.2288
2456152252,5590059,2H,62,30,01:02:30.985,4003.985705,84,53,34760,51253,0,0,0,0,28.319604517012593,27.666757292284363,0.1021
2456152284,5590059,2H,64,33,01:04:33.914,4126.914892,94,37,34760,137298,0,0,0,0,11.40175425099138,76.10001258796439,0.2506
2456152848,5590059,2H,71,34,01:11:34.368,4547.368,90,46,10690,544330,1,0,0,0,19.209372712298546,43.15238973400541,0.01188
2456152399,5590059,2H,75,24,01:15:24.725,4777.725887,69,56,34760,69514,0,0,0,0,42.190046219457976,20.876892330388134,0.01834
2456152449,5590059,2H,79,39,01:19:39.229,5032.229015,89,40,34760,69514,0,0,0,0,17.08800749063506,53.77204501016055,0.1573
2456152450,5590059,2H,79,41,01:19:41.174,5034.174182,88,33,34760,69514,0,0,0,0,17.029386365926403,55.66666856493495,0.1665
2456152986,5590059,2H,87,29,01:27:29.186,5502.186,74,61,10690,99511,0,0,0,0,41.10960958218893,19.126507748215474,0.02283
2304625040,5588931,1H,6,57,00:06:57.110,419.110328,87,30,19830,784842,0,0,0,0,18.439088914585774,51.36176395103255,0.08083
2304625150,5588931,1H,14,0,00:14:00.789,842.78951,93,54,19830,282772,0,0,0,0,23.323807579381203,25.010118524896047,0.5106
2304625173,5588931,1H,15,53,00:15:53.701,955.701285,90,68,19830,618580,0,0,0,0,37.16180835212409,11.733084156412238,0.09821
2304625256,5588931,1H,20,19,00:20:19.535,1221.535656,76,57,19830,837096,0,0,0,0,37.013511046643494,22.046229059872513,0.01545
2304625082,5588931,1H,27,23,00:27:23.363,1645.363748,81,61,676,770398,0,0,0,0,36.124783736376884,19.44003482817619,0.08895
2304625122,5588931,1H,31,2,00:31:02.431,1864.431055,89,40,676,631404,0,0,0,0,17.08800749063506,53.77204501016055,0.1805
2304625684,5588931,1H,37,5,00:37:05.304,2227.304953,93,75,19830,137669,0,0,0,0,42.720018726587654,7.060311938787648,0.01021
2304625725,5588931,1H,40,30,00:40:30.988,2432.988367,92,27,19830,784842,0,1,0,0,14.7648230602334,59.65230337632571,0.01003
2304625812,5588931,1H,45,10,00:45:10.297,2712.297181,87,49,19830,137669,0,0,0,0,23.430749027719962,34.69515353123396,0.1604
2304625818,5588931,1H,45,44,00:45:44.240,2746.240166,93,47,19830,557942,1,0,0,0,17.69180601295413,42.95459151111278,0.1377
2304625912,5588931,2H,46,31,00:46:31.590,2927.590718,85,72,19830,603143,0,0,0,0,42.941821107167776,11.54098777103692,0.02817
2304626006,5588931,2H,56,45,00:56:45.511,3541.511186,76,35,19830,614416,0,0,0,0,29.017236257093817,34.44776735630735,0.02952
2304626071,5588931,2H,64,12,01:04:12.042,3988.04273,85,35,19830,137669,0,0,0,0,20.024984394500787,48.366460663429805,0.08211
2304626118,5588931,2H,70,57,01:10:57.686,4393.686843,86,36,19830,784880,0,1,0,1,19.1049731745428,50.29344225303053,0.1755
2304626166,5588931,2H,79,37,01:19:37.604,4913.604557,81,47,19830,784880,0,0,0,0,27.294688127912362,33.04812486997523,0.09475
2304626184,5588931,2H,80,26,01:20:26.387,4962.387624,92,26,19830,447188,0,0,0,0,15.264337522473747,56.993348723586976,0.03142
2304626223,5588931,2H,89,26,01:29:26.887,5502.887397,87,60,19830,447188,0,0,0,0,31.622776601683793,19.420465484309247,0.1448
2455425675,5589066,1H,1,28,00:01:28.368,89.368257,85,67,3803,673805,0,0,0,0,38.58756276314948,14.342226030393581,0.01996
2455426408,5589066,1H,5,26,00:05:26.321,327.321337,90,34,3767,631400,0,0,0,0,15.0,61.92751306414704,0.1391
2455426491,5589066,1H,10,24,00:10:24.587,625.58759,92,35,3767,631400,0,0,0,0,13.038404810405298,69.1760942750764,0.4657
2455425774,5589066,1H,12,1,00:12:01.902,722.902926,89,36,3803,366745,0,0,0,0,16.1245154965971,58.13790071832522,0.1518
2455425779,5589066,1H,12,20,00:12:20.456,741.456487,88,57,3803,673805,1,0,0,0,28.600699292150182,22.548065763176027,0.04284
2455426553,5589066,1H,14,51,00:14:51.738,892.738565,86,59,3767,346195,0,0,0,0,31.400636936215164,20.701606407723293,0.08855
2455426579,5589066,1H,16,40,00:16:40.899,1001.899111,86,69,3767,475724,0,0,0,0,39.824615503479755,12.802620580522317,0.02311
2455426605,5589066,1H,18,16,00:18:16.737,1097.737248,87,38,3767,472577,0,0,0,0,18.439088914585774,51.36176395103255,0.138
2455426614,5589066,1H,19,11,00:19:11.312,1152.312105,94,38,3767,631400,0,0,0,0,11.704699910719626,74.20759647114272,0.1901
2455426744,5589066,1H,29,0,00:29:00.382,1741.382338,79,65,3767,286390,0,0,0,0,40.45985664828782,16.739774134929537,0.002979
2455426796,5589066,1H,33,6,00:33:06.316,1987.316657,87,68,3767,286390,0,0,0,0,38.47076812334269,13.039474901269514,0.03172
2455426869,5589066,1H,38,16,00:38:16.482,2297.48275,98,38,3767,475724,0,0,0,0,8.06225774829855,97.23692202596801,0.251
2455426001,5589066,1H,43,38,00:43:38.011,2619.011119,89,54,3803,673805,0,0,0,0,25.612496949731394,26.604895245420895,0.1208
2455426006,5589066,1H,44,22,00:44:22.192,2663.192586,88,37,3803,277629,0,0,0,0,17.26267650163207,54.65762779636891,0.06311
2455426007,5589066,1H,44,24,00:44:24.479,2665.479243,96,57,3803,328556,0,0,0,0,24.698178070456937,17.02658844309185,0.7944
2455426955,5589066,1H,45,46,00:45:46.229,2747.229396,90,68,3767,752489,0,1,0,1,37.16180835212409,11.733084156412238,0.07279
2455426023,5589066,2H,45,17,00:45:17.397,2792.397527,91,51,3803,673805,1,0,0,0,22.02271554554524,31.954362937051407,0.128
2455426999,5589066,2H,47,47,00:47:47.473,2942.473759,84,61,3767,346195,0,0,0,0,34.20526275297414,19.142268191466272,0.008384
2455427023,5589066,2H,49,33,00:49:33.678,3048.678457,85,55,3767,346195,0,0,0,0,29.0,25.34617594194669,0.1356
2455426084,5589066,2H,52,29,00:52:29.496,3224.496794,85,68,3803,366745,0,0,0,0,39.44616584663204,13.715902990665512,0.03153
2455426119,5589066,2H,56,2,00:56:02.096,3437.096278,87,34,3803,277629,0,0,0,0,18.0,53.13010235415598,0.08004
2455426123,5589066,2H,56,35,00:56:35.247,3470.24742,90,45,3803,229461,1,0,0,0,18.601075237738275,45.53545898556453,0.05338
2455427122,5589066,2H,58,1,00:58:01.542,3556.542547,94,35,3767,631400,0,0,0,0,11.045361017187261,78.30106239119735,0.2092
2455427127,5589066,2H,58,10,00:58:10.859,3565.859909,80,36,3767,472577,0,0,0,0,25.079872407968907,39.39174095007549,0.06107
2455427170,5589066,2H,63,58,01:03:58.565,3913.565183,85,44,3767,758282,0,0,0,0,22.360679774997898,40.66879405950243,0.1348
2455426181,5589066,2H,65,42,01:05:42.453,4017.453364,77,54,3803,277629,0,0,0,0,34.40930106817051,24.55734967814883,0.03726
2455427228,5589066,2H,68,29,01:08:29.600,4184.600714,97,45,3767,616353,0,0,0,0,13.601470508735444,54.16234704572171,0.5937
2455426231,5589066,2H,72,36,01:12:36.821,4431.821936,96,59,3803,426654,1,0,0,0,26.570660511172846,14.531273572435616,0.1084
2455426234,5589066,2H,73,10,01:13:10.523,4465.523582,71,43,3803,939861,0,0,0,0,35.17101079013795,27.89727103094763,0.00549
2455427287,5589066,2H,75,11,01:15:11.135,4586.135812,90,48,3767,548134,0,0,0,0,20.518284528683193,38.453709216705974,0.2919
2455427417,5589066,2H,85,13,01:25:13.256,5188.256315,88,38,3767,764315,0,0,0,0,17.46424919657298,53.794896965443336,0.1081
2455427445,5589066,2H,88,18,01:28:18.182,5373.182507,90,59,3767,758282,0,0,0,0,29.154759474226502,19.34644621554769,0.3058
2455426498,5589066,2H,89,39,01:29:39.258,5454.258911,74,57,3803,366745,0,0,0,0,38.600518131237564,21.604831183262426,0.04271
2369030542,5588978,1H,1,13,00:01:13.133,74.133017,84,35,6408,341070,0,1,0,0,21.02379604162864,46.31780310144996,0.111
2369030346,5588978,1H,8,23,00:08:23.592,504.592677,94,64,14504,544823,0,0,0,0,31.953090617340916,11.89480170028565,0.04069
2369030402,5588978,1H,14,22,00:14:22.927,863.927663,90,63,14504,832205,0,0,0,1,32.64965543462902,15.328921727305584,0.2829
2369030777,5588978,1H,15,25,00:15:25.703,926.70357,87,44,6408,480241,0,0,0,0,20.591260281974,43.36832757911374,0.08714
2369030430,5588978,1H,17,59,00:17:59.988,1080.988348,85,71,14504,283284,0,0,0,0,42.05948168962618,12.039112116022286,0.02908
2369030947,5588978,1H,27,2,00:27:02.312,1623.312566,83,49,6408,480241,0,0,0,0,26.627053911388696,32.23443421894138,0.1466
2369030546,5588978,1H,30,41,00:30:41.435,1842.435197,96,50,14504,283284,0,0,0,0,18.35755975068582,32.32613999437687,0.3688
2369030570,5588978,1H,34,19,00:34:19.841,2060.841716,91,52,14504,832205,1,0,0,0,22.80350850198276,29.857198290073992,0.1956
2369030657,5588978,1H,40,36,00:40:36.575,2437.57596,82,68,14504,544823,0,0,0,0,41.048751503547585,14.47245473734946,0.05289
2369031125,5588978,1H,43,30,00:43:30.703,2611.703378,98,46,6408,341070,1,0,0,0,13.892443989449804,48.366460663429805,0.4272
2369030803,5588978,2H,49,39,00:49:39.481,3243.481431,81,66,14504,649607,0,0,0,0,40.0,15.875626350891723,0.004996
2369030805,5588978,2H,49,42,00:49:42.096,3246.096188,81,34,14504,283284,0,0,0,0,24.0,41.112090439166934,0.1112
2369030880,5588978,2H,53,58,00:53:58.479,3502.479692,88,59,14504,532794,0,0,0,0,30.23243291566195,20.17065341185039,0.07794
2369031543,5588978,2H,64,13,01:04:13.752,4117.752945,67,50,6408,536902,0,0,0,0,41.23105625617661,22.90323199535882,0.02553
2369031812,5588978,2H,70,48,01:10:48.721,4512.721329,93,29,14504,283284,0,0,0,0,13.0,67.83365417791754,0.08435
2369031195,5588978,2H,72,8,01:12:08.609,4592.609458,94,39,14504,649607,1,0,0,0,12.083045973594572,71.82587993453092,0.1694
2369031623,5588978,2H,72,57,01:12:57.242,4641.242697,91,56,6408,341070,0,0,0,0,26.076809620810597,22.81654713072474,0.2668
2369031646,5588978,2H,74,46,01:14:46.634,4750.634129,88,55,6408,876427,0,0,0,0,27.018512172212592,25.24362477224919,0.274
2369031673,5588978,2H,76,26,01:16:26.426,4850.426282,79,25,6408,900657,0,0,0,0,27.51363298439521,34.69515353123397,0.009967
2369031368,5588978,2H,83,27,01:23:27.539,5271.539887,79,39,14504,283284,0,0,0,0,26.476404589747453,37.04691802856159,0.0102
2369031791,5588978,2H,94,5,01:34:05.283,5909.283108,77,48,6408,493989,0,0,0,0,31.304951684997057,29.275989008081613,0.003578
2509179113,5589092,1H,2,13,00:02:13.400,134.400296,73,71,3767,286390,0,0,0,0,48.91829923454004,13.98958567733356,0.004324
2509179152,5589092,1H,4,29,00:04:29.182,270.182078,81,63,3767,472577,0,0,0,0,37.64306044943742,17.91878459315718,0.02178
2509179211,5589092,1H,7,2,00:07:02.400,423.400402,90,65,3767,472577,0,0,0,0,34.438350715445125,13.730831757625499,0.09016
2509179212,5589092,1H,7,4,00:07:04.083,425.083566,92,76,3767,286390,0,0,0,0,43.965895873961216,7.201156874862328,0.03194
2509179263,5589092,1H,9,13,00:09:13.459,554.459097,89,37,3767,616353,0,0,0,0,16.278820596099706,57.425942865427494,0.1413
2509179414,5589092,1H,17,37,00:17:37.453,1058.453581,70,64,3767,396475,0,0,0,0,46.09772228646444,17.13030152684359,0.04338
2509179513,5589092,1H,22,7,00:22:07.071,1328.071505,80,64,3767,472577,0,0,0,0,39.05124837953327,17.308828006436496,0.04108
2509179267,5589092,1H,24,41,00:24:41.443,1482.443901,70,42,1614,223794,0,0,0,0,35.90264614203248,27.543085041131103,0.01041
2509179413,5589092,1H,34,3,00:34:03.457,2044.457459,95,56,1614,491344,0,0,0,0,24.166091947189145,19.689895432986148,0.5677
2509179923,5589092,1H,36,33,00:36:33.016,2194.016011,88,71,3767,346195,0,0,0,0,40.718546143004666,10.981172605460817,0.02178
2509179965,5589092,1H,38,24,00:38:24.411,2305.411697,87,64,3767,758282,0,0,0,0,34.9857113690718,15.826154076172545,0.08875
2509179974,5589092,1H,38,53,00:38:53.105,2334.105334,81,32,3767,758282,0,0,0,0,24.08318915758459,40.88376949447557,0.02753
2509180063,5589092,1H,42,47,00:42:47.663,2568.663921,86,27,3767,475724,0,0,0,0,20.248456731316587,46.109913503706764,0.007077
2509180067,5589092,1H,43,2,00:43:02.300,2583.300375,89,26,3767,475724,0,0,0,0,17.88854381999832,50.312038963925744,0.03482
2509180112,5589092,1H,43,9,00:43:09.721,2590.721981,89,40,3767,758282,0,0,0,0,17.08800749063506,53.77204501016055,0.2329
2509180151,5589092,1H,45,16,00:45:16.543,2717.543989,87,44,3767,758282,0,0,0,0,20.591260281974,43.36832757911374,0.2638
2509180189,5589092,2H,46,15,00:46:15.450,2895.450962,80,41,3767,286390,0,0,0,0,25.96150997149434,37.19316433109369,0.01354
2509180209,5589092,2H,47,11,00:47:11.524,2951.524928,85,42,3767,286390,0,0,0,0,21.540659228538015,43.22694179920911,0.0296
2509180225,5589092,2H,48,19,00:48:19.718,3019.718556,92,29,3767,475724,0,0,0,0,13.92838827718412,64.22382536571382,0.03991
2509180332,5589092,2H,55,6,00:55:06.207,3426.207978,85,39,3767,475724,0,0,0,0,20.615528128088304,46.30195267257888,0.09691
2509180335,5589092,2H,55,41,00:55:41.427,3461.427788,88,53,3767,559721,1,0,0,0,25.495097567963924,28.270723386162697,0.04715
2509179780,5589092,2H,57,6,00:57:06.807,3546.80732,95,52,1614,400549,1,0,0,0,20.591260281974,27.689650674520408,0.2952
2509180346,5589092,2H,57,35,00:57:35.300,3575.300491,82,55,3767,396475,0,0,0,0,31.144823004794873,24.971008861920826,0.1164
2509180354,5589092,2H,58,0,00:58:00.047,3600.047174,87,41,3767,758282,0,0,0,0,19.313207915827967,47.97373108248011,0.1582
2509180462,5589092,2H,65,53,01:05:53.164,4073.164134,71,65,3767,661727,0,0,0,0,46.010868281309364,16.730220503914744,0.04185
2509179939,5589092,2H,72,0,01:12:00.568,4440.568187,85,33,1614,491344,0,0,0,0,20.024984394500787,48.366460663429805,0.02507
2509180568,5589092,2H,74,55,01:14:55.564,4615.564686,75,66,3767,475724,0,0,0,0,43.86342439892262,16.33061313307394,0.005885
2509180621,5589092,2H,78,29,01:18:29.496,4829.496291,74,57,3767,472577,0,0,0,0,38.600518131237564,21.604831183262426,0.03637
2509180066,5589092,2H,80,57,01:20:57.115,4977.115075,82,45,1614,288091,0,0,0,0,25.495097567963924,36.03934617345991,0.09949
2509180711,5589092,2H,85,29,01:25:29.056,5249.056256,94,63,3767,752489,1,1,0,0,31.016124838541646,12.666454962689578,0.1319
2509180098,5589092,2H,86,58,01:26:58.072,5338.072946,99,37,1614,540754,1,0,0,0,6.708203932499369,108.43494882292201,0.01716
2509180736,5589092,2H,88,8,01:28:08.572,5408.572556,87,33,3767,657860,0,0,0,0,18.027756377319946,53.017093073655325,0.05075
2509180122,5589092,2H,90,16,01:30:16.932,5536.932126,87,40,1614,491344,0,0,0,0,18.973665961010276,49.26789330029081,0.02438
2509180789,5589092,2H,91,26,01:31:26.303,5606.303232,90,38,3767,616353,0,0,0,1,15.524174696260024,59.34933204294713,0.2624
2509180796,5589092,2H,93,15,01:33:15.323,5715.323945,78,35,3767,657860,0,0,0,0,27.018512172212592,36.82749821141796,0.04581
2431190194,5589024,1H,4,21,00:04:21.394,262.394725,78,60,2446,364082,0,0,0,0,37.48332962798263,20.15664542517911,0.06856
2431190046,5589024,1H,7,31,00:07:31.037,452.037776,74,45,679,550459,0,0,0,0,32.89376840679705,29.137155804961257,0.06641
2431190380,5589024,1H,16,26,00:16:26.753,987.753907,89,39,2446,547582,0,0,0,0,16.76305461424021,55.22216863363612,0.04611
2431190420,5589024,1H,19,12,00:19:12.929,1153.929817,90,61,2446,577394,0,0,0,0,30.886890422961002,17.185706144224763,0.1435
2431190455,5589024,1H,21,28,00:21:28.488,1289.48871,73,46,2446,346157,0,0,0,0,34.17601498127012,27.919062941979732,0.02986
2431190567,5589024,1H,30,2,00:30:02.703,1803.703837,76,45,2446,49876,0,0,0,0,31.016124838541646,30.647102458472382,0.02334
2431190645,5589024,1H,36,8,00:36:08.072,2169.072504,70,54,2446,49876,0,0,0,0,40.311288741492746,22.196986533862606,0.013
2431190718,5589024,1H,37,44,00:37:44.026,2265.02601,75,24,679,410872,0,0,0,0,31.622776601683793,30.438291066445654,0.0009855
2431190675,5589024,1H,38,39,00:38:39.790,2320.790077,74,58,2446,508140,0,0,0,0,39.20459156782532,20.968918634056788,0.003257
2431190773,5589024,1H,45,16,00:45:16.481,2717.481546,89,59,2446,577394,0,0,0,0,29.68164415931166,19.79887635452493,0.2119
2431190781,5589024,1H,45,23,00:45:23.180,2724.180693,93,40,2446,547582,1,0,0,0,13.416407864998739,65.37643521383639,0.1845
2431191032,5589024,2H,51,58,00:51:58.159,3365.159322,92,39,679,550459,0,0,0,0,13.92838827718412,64.22382536571382,0.225
2431191217,5589024,2H,68,15,01:08:15.734,4342.734603,71,20,2446,4787,0,0,0,0,36.76955262170047,25.71130915609815,0.005192
2431191525,5589024,2H,83,29,01:23:29.730,5256.730342,76,36,679,3682,0,0,0,0,29.068883707497267,34.34268906720732,0.006866
2431191581,5589024,2H,89,8,01:29:08.569,5595.569495,97,60,679,550459,0,0,0,0,27.202941017470888,12.326122085862604,0.1572
2354955011,5588955,1H,2,44,00:02:44.731,165.731349,90,66,3767,286390,0,0,0,0,35.34119409414458,13.016110768467204,0.2372
2354953535,5588955,1H,10,58,00:10:58.127,659.127657,89,35,3767,631400,0,1,0,0,16.0312195418814,58.57043438516149,0.1127
2354953654,5588955,1H,15,45,00:15:45.701,946.701909,82,52,3767,518746,0,0,0,0,29.206163733020468,28.203298990557677,0.09707
2354953731,5588955,1H,18,17,00:18:17.752,1098.752911,94,55,3767,286390,0,0,0,0,23.706539182259394,22.374143649752707,0.1674
2354953745,5588955,1H,18,50,00:18:50.087,1131.087451,87,49,3767,752489,1,0,0,0,23.430749027719962,34.69515353123396,0.06358
2354953628,5588955,1H,21,36,00:21:36.999,1297.999881,86,60,11,296888,0,0,0,0,32.202484376209235,19.684191501619246,0.08896
2354953872,5588955,1H,26,27,00:26:27.724,1588.724774,93,34,3767,631400,0,0,0,0,12.0,73.73979529168804,0.1203
2354953912,5588955,1H,29,7,00:29:07.737,1748.737696,89,60,3767,286390,0,0,0,0,30.528675044947494,18.6971240904703,0.2768
2354953843,5588955,1H,32,6,00:32:06.970,1927.970003,93,57,11,595191,1,0,0,0,25.942243542145693,20.045249425420998,0.1206
2354953870,5588955,1H,33,23,00:33:23.433,2004.433904,80,33,11,475601,0,0,0,0,25.019992006393608,39.546081111408746,0.05756
2354954108,5588955,1H,42,37,00:42:37.484,2558.484275,77,52,3767,518746,0,0,0,0,33.28663395418648,26.139484409467244,0.002496
2354954252,5588955,2H,48,5,00:48:05.236,3051.236317,83,50,3767,346195,0,0,0,0,27.202941017470888,31.00209856037621,0.09625
2354954291,5588955,2H,49,46,00:49:46.438,3152.438965,88,70,3767,286390,0,0,0,0,39.81205847478876,11.500283200649971,0.06171
2354954325,5588955,2H,51,6,00:51:06.459,3232.459489,80,67,3767,396475,0,0,0,0,41.400483088968905,15.406419793668507,0.03837
2354954180,5588955,2H,53,13,00:53:13.571,3359.571843,71,62,11,363990,0,0,0,0,44.04543109109048,18.222023170591864,0.0233
2354954393,5588955,2H,54,48,00:54:48.714,3454.714426,81,74,3767,396475,0,0,0,0,46.647615158762406,11.651381229886322,0.02877
2354954413,5588955,2H,56,19,00:56:19.979,3545.979607,88,32,3767,631400,0,0,0,0,17.11724276862369,55.28537797494747,0.089
2354955020,5588955,2H,57,21,00:57:21.716,3607.716465,82,65,11,595191,0,0,0,0,38.600518131237564,16.374128181442146,0.09193
2354954461,5588955,2H,58,36,00:58:36.756,3682.756706,88,55,3767,286390,0,0,0,0,27.018512172212592,25.24362477224919,0.03462
2354954564,5588955,2H,62,7,01:02:07.173,3893.173384,80,62,3767,657860,0,0,0,0,37.53664875824692,18.719228661823667,0.02328
2354954566,5588955,2H,62,8,01:02:08.779,3894.77914,95,45,3767,752489,0,0,0,0,14.866068747318506,52.125016348901795,0.6145
2354954576,5588955,2H,62,48,01:02:48.204,3934.204061,82,80,3767,286390,0,0,0,0,51.42956348249516,9.172182748511311,0.006784
2354954858,5588955,2H,80,18,01:20:18.102,4984.102257,97,66,3767,396475,0,0,0,0,32.984845004941285,8.138067845486997,0.07404
2354954911,5588955,2H,85,7,01:25:07.057,5273.05713,97,44,3767,437490,0,0,0,0,12.806248474865697,60.04132947318065,0.3985
2354954648,5588955,2H,85,37,01:25:37.140,5303.140916,77,54,11,363990,0,0,0,0,34.40930106817051,24.55734967814883,0.05882
2354954668,5588955,2H,87,24,01:27:24.251,5410.251173,77,29,11,681103,0,1,0,0,28.442925306655784,34.69515353123397,0.0215
2354954947,5588955,2H,88,4,01:28:04.618,5450.618836,92,68,3767,396475,0,0,0,0,36.40054944640259,10.65302173623631,0.1158
2354954985,5588955,2H,94,47,01:34:47.540,5853.540197,84,44,3767,616353,0,0,0,0,23.259406699226016,39.41128377998199,0.01977
2354954990,5588955,2H,95,4,01:35:04.468,5870.468767,90,32,3767,288091,0,0,0,0,15.132745950421556,61.270731215544814,0.06092
2354954993,5588955,2H,95,18,01:35:18.532,5884.53265,92,56,3767,40539,1,0,0,0,25.553864678361276,22.249023657212373,0.1126
2349188262,5588967,1H,1,15,00:01:15.670,76.670268,80,40,6408,480241,0,0,0,0,25.709920264364882,37.806529944704465,0.02378
2349188420,5588967,1H,14,21,00:14:21.463,862.463987,75,50,6408,383880,0,0,0,0,34.0,26.671548785868872,0.001417
2349188521,5588967,1H,17,43,00:17:43.495,1064.495492,85,33,6408,659540,0,1,0,0,20.024984394500787,48.366460663429805,0.08157
2349189938,5588967,1H,18,28,00:18:28.737,1109.737855,80,68,6408,383880,0,0,0,0,42.20189569201838,14.826479970355672,0.004016
2349189915,5588967,1H,21,45,00:21:45.565,1306.565155,93,60,6408,655739,1,0,0,0,28.635642126552707,16.292948552141482,0.137
2349188631,5588967,1H,22,25,00:22:25.485,1346.485319,90,49,6408,685611,0,0,0,0,21.213203435596427,36.19320730556469,0.2388
2349188709,5588967,1H,25,4,00:25:04.076,1505.076082,94,60,6408,536902,1,0,0,0,28.231188426986208,15.4580544997057,0.108
2349188699,5588967,1H,25,8,00:25:08.332,1509.332489,83,70,6408,498976,0,0,0,0,42.190046219457976,13.120162659953273,0.03141
2349188764,5588967,1H,27,26,00:27:26.270,1647.270883,88,59,6408,685611,0,1,0,1,30.23243291566195,20.17065341185039,0.08591
2349188867,5588967,1H,29,53,00:29:53.881,1794.881027,79,26,3161,105338,0,0,0,0,27.202941017470888,35.38110982115855,0.0009524
2349188893,5588967,1H,30,35,00:30:35.762,1836.762876,88,31,3161,520617,0,0,0,0,17.26267650163207,54.65762779636891,0.07117
2349188939,5588967,1H,33,55,00:33:55.253,2036.253906,92,40,3161,330003,1,0,0,0,14.317821063276353,62.08023357189139,0.1544
2349188878,5588967,1H,37,26,00:37:26.384,2247.384488,80,36,6408,341070,0,0,0,0,25.079872407968907,39.39174095007549,0.06788
2349188967,5588967,1H,42,37,00:42:37.839,2558.839371,80,35,6408,536902,0,0,0,0,25.019992006393608,39.546081111408746,0.002185
2349188991,5588967,1H,43,35,00:43:35.361,2616.361513,72,47,6408,536902,0,0,0,0,35.4682957019364,26.778840406955105,0.001331
2349189161,5588967,2H,47,37,00:47:37.224,2979.224041,94,59,3161,330003,0,0,0,0,27.313000567495326,16.580603225661168,0.4647
2349189338,5588967,2H,56,14,00:56:14.191,3496.191844,86,41,3161,79320,0,0,0,0,20.248456731316587,46.109913503706764,0.0164
2349189351,5588967,2H,57,15,00:57:15.810,3557.810606,79,43,3161,105338,0,0,0,0,27.51363298439521,34.69515353123397,0.009907
2349189265,5588967,2H,59,25,00:59:25.629,3687.629572,82,49,6408,685611,0,0,0,0,27.459060435491963,31.598001246499646,0.06634
2349189384,5588967,2H,60,6,01:00:06.700,3728.700388,88,39,3161,239291,0,0,0,0,17.72004514666935,52.71297976353103,0.04621
2349189472,5588967,2H,65,28,01:05:28.357,4050.35714,88,54,3161,79320,0,0,0,0,26.248809496813376,26.715631065643755,0.1776
2349189483,5588967,2H,70,51,01:10:51.288,4373.288037,80,31,6408,685611,0,0,0,0,25.179356624028344,39.1367391051011,0.03771
2349189521,5588967,2H,74,2,01:14:02.283,4564.283075,75,53,6408,685611,0,0,0,0,35.510561809129406,24.590117166196016,0.0349
2349189639,5588967,2H,74,40,01:14:40.864,4602.864696,83,46,3161,99902,0,0,0,0,25.059928172283335,35.902614127705036,0.1034
2349189695,5588967,2H,78,1,01:18:01.063,4803.063066,79,40,3161,372255,0,0,0,0,26.68332812825267,36.56358402402735,0.0191
2349189615,5588967,2H,80,8,01:20:08.548,4930.548072,79,33,6408,614379,0,0,0,0,26.019223662515376,38.14023999447419,0.04814
2349189655,5588967,2H,83,22,01:23:22.687,5124.687529,88,32,6408,614379,0,0,0,0,17.11724276862369,55.28537797494747,0.08222
2349189815,5588967,2H,84,32,01:24:32.794,5194.794949,93,29,3161,423151,0,0,0,0,13.0,67.83365417791754,0.07385
2349189819,5588967,2H,85,4,01:25:04.752,5226.752355,89,55,3161,520617,1,0,0,0,26.40075756488817,25.057615418303023,0.1149
2349189838,5588967,2H,86,57,01:26:57.604,5339.604423,92,43,3161,130,1,0,0,0,15.811388300841896,54.16234704572171,0.1181
2349189867,5588967,2H,89,41,01:29:41.714,5503.714706,91,34,3161,239291,0,0,0,0,14.0,65.4704525442152,0.07096
2349189866,5588967,2H,89,43,01:29:43.075,5505.075525,89,45,3161,99902,0,0,0,0,19.4164878389476,44.21517539700811,0.4203
2349189907,5588967,2H,92,16,01:32:16.156,5658.156644,94,48,3161,301017,0,0,0,0,17.804493814764857,39.996080047759655,0.3703
2349189924,5588967,2H,95,2,01:35:02.506,5824.50692,89,35,3161,372255,0,0,0,0,16.0312195418814,58.57043438516149,0.1237
2349189925,5588967,2H,95,4,01:35:04.734,5826.734858,89,50,3161,301017,0,0,0,0,22.627416997969522,33.75137919815036,0.5998
2394239097,5589019,1H,6,35,00:06:35.025,396.025287,86,65,3157,257028,0,0,0,0,36.359317925395686,15.407365765933115,0.007079
2394239291,5589019,1H,7,13,00:07:13.410,434.410934,81,29,17090,128523,0,0,0,0,24.515301344262525,39.71875937155488,0.0204
2394239123,5589019,1H,8,27,00:08:27.865,508.865958,77,40,3157,520698,0,0,0,0,28.635642126552707,34.29409367624458,0.05942
2394239225,5589019,1H,13,30,00:13:30.146,811.14641,90,31,3157,399654,0,0,0,0,15.297058540778355,60.4612177404419,0.1195
2394239445,5589019,1H,16,55,00:16:55.899,1016.899712,88,52,17090,823527,0,0,0,0,24.758836806279895,29.906995034339122,0.2456
2394239446,5589019,1H,17,0,00:17:00.385,1021.385016,74,38,17090,657014,0,0,0,0,31.25699921617557,31.913323388509344,0.0394
2394239485,5589019,1H,29,31,00:29:31.738,1772.738262,92,48,3157,343951,1,0,0,0,19.1049731745428,39.48659997133244,0.0941
2394239688,5589019,1H,41,41,00:41:41.063,2502.063617,88,33,3157,399654,0,1,0,1,17.029386365926403,55.66666856493495,0.194
2394239745,5589019,1H,45,41,00:45:41.824,2742.82472,73,57,3157,344132,0,0,0,0,39.408120990476064,21.37062226934318,0.05546
2394239777,5589019,1H,47,42,00:47:42.284,2863.284956,91,72,3157,343951,0,0,0,1,40.496913462633174,9.181989067411301,0.1544
2394239786,5589019,1H,48,36,00:48:36.064,2917.064229,98,41,3157,525236,1,0,0,0,9.899494936611665,82.31601817026603,0.2156
2394239946,5589019,2H,46,22,00:46:22.994,3037.994684,92,68,17090,781604,0,0,0,1,36.40054944640259,10.65302173623631,0.04916
2394240105,5589019,2H,50,49,00:50:49.050,3304.050149,72,72,17090,345819,0,0,0,0,50.32891812864648,13.617631493102976,0.01675
2394240131,5589019,2H,51,52,00:51:52.765,3367.765764,76,29,17090,228932,0,0,0,0,29.427877939124322,33.62264092631693,0.0193
2394239927,5589019,2H,53,9,00:53:09.372,3444.372791,96,44,3157,343951,0,0,0,0,13.45362404707371,58.3136323121434,0.4381
2394240394,5589019,2H,67,0,01:07:00.239,4275.239863,82,50,17090,237274,0,0,0,0,28.0178514522438,30.458430966241778,0.1585
2394240096,5589019,2H,68,41,01:08:41.841,4376.841162,70,64,3157,545296,0,0,0,0,46.09772228646444,17.13030152684359,0.02608
2394240164,5589019,2H,73,4,01:13:04.224,4639.224751,92,41,3157,521375,1,0,0,0,14.7648230602334,59.65230337632571,0.1056
2394240487,5589019,2H,75,26,01:15:26.997,4781.997522,68,50,17090,217886,0,0,0,0,40.311288741492746,23.33281433381063,0.001428
2394240191,5589019,2H,75,58,01:15:58.952,4813.95243,86,69,3157,403260,0,0,0,0,39.824615503479755,12.802620580522317,0.03263
2394240515,5589019,2H,77,41,01:17:41.968,4916.968078,89,67,17090,228932,0,0,0,1,36.6742416417845,12.835609486401438,0.1183
2394240285,5589019,2H,81,30,01:21:30.392,5145.392621,85,50,3157,520698,0,0,1,0,25.612496949731394,32.050145526721174,0.2912
2394240353,5589019,2H,83,58,01:23:58.330,5293.330991,88,63,3157,477082,0,0,0,0,33.61547262794322,16.262302071936215,0.09809
2394240396,5589019,2H,86,59,01:26:59.025,5474.025133,92,42,3157,783958,1,1,0,0,15.264337522473747,56.993348723586976,0.09734
2394240397,5589019,2H,87,1,01:27:01.107,5476.107178,95,50,3157,343951,0,0,0,0,18.867962264113206,33.20657031508953,0.7693
2394240447,5589019,2H,90,47,01:30:47.306,5702.306626,89,69,3157,783958,0,0,0,0,38.48376280978771,11.624395724348927,0.07578
2387418770,5588987,1H,0,54,00:00:54.495,55.495968,85,34,11241,302861,0,0,0,0,20.0,48.45549063590834,0.05719
2387418936,5588987,1H,9,12,00:09:12.061,553.061387,83,38,679,447358,0,0,0,0,22.360679774997898,43.38349293777577,0.003746
2387418973,5588987,1H,10,54,00:10:54.857,655.857085,94,51,679,722567,1,0,0,0,20.248456731316587,31.040526177306614,0.2575
2387419143,5588987,1H,20,38,00:20:38.665,1239.665858,70,50,679,410872,0,0,0,0,38.48376280978771,24.22774531795417,0.0008355
2387419144,5588987,1H,24,26,00:24:26.230,1467.230537,88,40,11241,335876,1,0,0,0,18.027756377319946,51.43164542644399,0.06869
2387419402,5588987,1H,33,30,00:33:30.482,2011.482289,97,66,679,213948,0,0,0,0,32.984845004941285,8.138067845486997,0.02644
2387419470,5588987,1H,35,15,00:35:15.861,2116.86141,79,70,679,279538,0,0,0,0,44.40720662234904,13.900708385730224,0.04193
2387419493,5588987,1H,36,44,00:36:44.161,2205.161905,88,46,679,55224,0,0,0,0,20.808652046684813,41.001026156053186,0.2336
2387419556,5588987,1H,39,48,00:39:48.275,2389.275549,86,41,679,447358,0,0,0,0,20.248456731316587,46.109913503706764,0.01067
2387419595,5588987,1H,41,30,00:41:30.799,2491.799177,89,70,679,722567,0,0,0,0,39.395431207184416,11.077542126642676,0.06931
2387419611,5588987,1H,42,16,00:42:16.426,2537.426433,81,29,679,279538,0,0,0,0,24.515301344262525,39.71875937155488,0.01316
2387420469,5588987,1H,44,26,00:44:26.481,2667.48141,92,57,11241,335876,1,0,0,0,26.419689627245813,20.769455259586874,0.1046
2387419675,5588987,1H,46,53,00:46:53.683,2814.683237,81,66,679,213948,0,0,0,0,40.0,15.875626350891723,0.002539
2387419775,5588987,2H,48,9,00:48:09.520,3039.520855,76,43,679,55224,0,0,0,0,30.364452901377952,31.827446576673108,0.04968
2387419875,5588987,2H,54,22,00:54:22.824,3412.824072,81,53,679,722567,0,0,0,0,30.610455730027933,26.778840406955112,0.1607
2387419905,5588987,2H,55,55,00:55:55.082,3505.082693,73,49,679,279538,0,0,0,0,35.34119409414458,26.250242369688888,0.001211
2387419943,5588987,2H,58,42,00:58:42.483,3672.483577,95,66,679,550459,0,0,0,0,33.52610922848042,9.791604671872287,0.04186
2387420049,5588987,2H,66,22,01:06:22.732,4132.732349,84,55,679,550459,0,0,0,0,29.698484809834994,25.263098504499116,0.06596
2387420167,5588987,2H,69,47,01:09:47.113,4337.113718,87,57,679,3682,0,0,0,0,29.206163733020468,22.76726280611052,0.1947
2387420295,5588987,2H,74,52,01:14:52.017,4642.017942,86,25,679,447358,0,0,0,0,21.02379604162864,43.45184230102203,0.04588
2387420130,5588987,2H,82,8,01:22:08.687,5078.687304,86,27,11241,569109,0,0,0,0,20.248456731316587,46.109913503706764,0.0447
2387420363,5588987,2H,82,41,01:22:41.715,5111.715098,85,48,679,3682,0,0,0,0,24.413111231467404,34.954669630503304,0.1467
2387420380,5588987,2H,84,7,01:24:07.998,5197.998825,94,51,679,254408,0,0,0,1,20.248456731316587,31.040526177306614,0.4819
2387420428,5588987,2H,88,40,01:28:40.801,5470.801623,92,43,679,254408,0,0,0,0,15.811388300841896,54.16234704572171,0.2948
2387420457,5588987,2H,91,30,01:31:30.409,5640.409779,79,59,679,279538,0,0,0,0,36.069377593742864,20.987141122342546,0.002253
2456357071,5589321,1H,3,43,00:03:43.577,224.577566,90,58,4487,447821,0,0,0,0,28.30194339616981,20.556045219583464,0.3003
2456357210,5589321,1H,37,47,00:37:47.252,2268.252773,95,53,5068,658896,0,0,0,0,21.470910553583888,25.34617594194669,0.7595
2456357257,5589321,1H,39,50,00:39:50.992,2391.992945,89,44,5068,606703,0,0,0,0,18.867962264113206,46.322758078790415,0.2094
2456357277,5589321,1H,41,20,00:41:20.262,2481.262906,89,39,5068,134702,1,0,0,0,16.76305461424021,55.22216863363612,0.08606
2456357356,5589321,1H,45,24,00:45:24.498,2725.498662,72,52,5068,481468,0,0,0,0,37.589892258425,24.034288159442582,0.0417
2456357422,5589321,1H,47,23,00:47:23.103,2844.103384,87,70,5068,25622,0,0,0,0,40.24922359499622,11.888658039627972,0.04993
2456357608,5589321,1H,56,18,00:56:18.453,3379.453761,95,43,5068,500286,1,0,0,0,13.45362404707371,60.94539590092286,0.164
2456357621,5589321,1H,57,5,00:57:05.262,3426.262987,77,71,5068,546052,0,0,0,0,46.400431032480725,13.671307132195842,0.007599
2456357920,5589321,2H,51,9,00:51:09.036,4421.036156,87,60,5068,652232,0,0,0,0,31.622776601683793,19.420465484309247,0.164
2456357974,5589321,2H,54,14,00:54:14.445,4606.445643,91,54,5068,658896,0,0,0,0,24.413111231467404,26.07344578829223,0.3622
2456358167,5589321,2H,62,25,01:02:25.030,5097.030563,95,44,4487,898405,1,0,0,0,14.142135623730951,56.53086626144033,0.2514
2456358178,5589321,2H,64,6,01:04:06.651,5198.651133,86,46,4487,383,0,0,0,0,22.47220505424423,38.88977861121536,0.007613
2456358177,5589321,2H,67,44,01:07:44.225,5416.225959,88,29,5068,363982,1,0,0,0,17.72004514666935,52.71297976353103,0.0299
2456358305,5589321,2H,72,30,01:12:30.741,5702.741365,82,51,5068,481468,0,0,0,0,28.600699292150182,29.324523618973735,0.1137
2456358382,5589321,2H,76,43,01:16:43.041,5955.041229,79,68,4487,250445,0,0,0,0,42.80186911806539,14.963998205731043,0.0373
2456358453,5589321,2H,84,29,01:24:29.594,6421.59427,79,43,4487,250445,0,0,0,0,27.51363298439521,34.69515353123397,0.04116
2456358633,5589321,2H,92,27,01:32:27.507,6899.507923,88,24,4487,127796,0,0,0,0,19.72308292331602,44.81336945643444,0.03067
2456358666,5589321,2H,93,42,01:33:42.656,6974.656655,76,61,5068,546052,0,0,0,0,39.6232255123179,19.319179082973566,0.03988
2433013404,5589034,1H,8,58,00:08:58.325,539.325471,96,62,12,516819,0,0,0,0,29.410882339705484,11.674868809750862,0.1508
2433013516,5589034,1H,19,46,00:19:46.423,1187.423881,80,47,2444,425788,0,0,0,0,28.178005607210743,32.25750029887134,0.01001
2433013561,5589034,1H,20,33,00:20:33.097,1234.097599,86,46,12,516819,0,1,0,1,22.47220505424423,38.88977861121536,0.3325
2433013555,5589034,1H,22,24,00:22:24.062,1345.062224,91,46,2444,134387,1,1,0,1,18.439088914585774,44.21517539700811,0.0645
2433013660,5589034,1H,27,10,00:27:10.706,1631.706455,86,34,2444,231139,0,0,0,0,19.0,50.69235188389338,0.04851
2433013740,5589034,1H,31,39,00:31:39.208,1900.208603,81,54,2444,569593,0,0,0,0,31.240998703626616,25.765746973809794,0.1256
2433013772,5589034,1H,33,2,00:33:02.158,1983.158362,98,35,2444,231139,0,0,0,0,7.0710678118654755,103.8220546357317,0.09205
2433013778,5589034,1H,33,21,00:33:21.409,2002.409013,95,66,2444,134387,0,1,0,1,33.52610922848042,9.791604671872287,0.0987
2433013814,5589034,1H,35,3,00:35:03.584,2104.584987,90,53,2444,557016,1,0,0,0,24.20743687382041,28.131342364061048,0.06838
2433013989,5589034,1H,42,2,00:42:02.521,2523.521008,94,52,2444,8717,0,0,0,0,21.095023109728988,28.544247315417184,0.4579
2433014054,5589034,1H,45,39,00:45:39.036,2740.03695,88,65,2444,224593,0,0,0,0,35.35533905932738,14.668748458161136,0.09151
2433014063,5589034,1H,45,58,00:45:58.886,2759.886511,71,60,2444,224593,0,0,0,0,42.80186911806539,19.265264309180022,0.00604
2433014092,5589034,1H,47,23,00:47:23.405,2844.405869,86,39,2444,569593,0,0,0,0,19.6468827043885,48.27300985546386,0.1114
2433014314,5589034,2H,48,7,00:48:07.942,3549.942985,79,57,2444,557016,0,0,0,0,34.713109915419565,22.60538534776412,0.02849
2433014192,5589034,2H,51,4,00:51:04.189,3726.189185,78,42,12,580163,0,0,0,0,28.160255680657446,34.31683033137471,0.03444
2433014384,5589034,2H,52,34,00:52:34.504,3816.504015,77,64,2444,28907,0,0,0,0,41.036569057366385,17.453694132293993,0.005944
2433014404,5589034,2H,53,38,00:53:38.780,3880.780204,93,32,2444,8717,0,0,0,0,12.165525060596439,72.76688424153011,0.1281
2433014411,5589034,2H,54,13,00:54:13.455,3915.455691,93,45,2444,8717,1,1,0,1,16.278820596099706,49.57392125990087,0.1383
2433014506,5589034,2H,59,32,00:59:32.675,4234.675116,81,39,2444,569593,0,0,0,0,24.515301344262525,39.71875937155488,0.003383
2433014518,5589034,2H,59,56,00:59:56.200,4258.200175,94,45,2444,569593,1,0,0,0,15.556349186104045,50.88435978826091,0.1596
2433014592,5589034,2H,63,4,01:03:04.701,4446.701398,93,32,2444,134397,0,0,0,0,12.165525060596439,72.76688424153011,0.005743
2433014646,5589034,2H,65,8,01:05:08.080,4570.080684,86,68,2444,557016,0,0,0,0,38.948684188300895,13.396093798402946,0.06258
2433014679,5589034,2H,66,27,01:06:27.013,4649.013132,76,38,2444,352988,0,0,0,0,29.274562336608895,33.92794899222894,0.04103
2433014700,5589034,2H,67,19,01:07:19.924,4701.924432,91,50,2444,8717,0,0,0,0,21.2602916254693,34.186122486375034,0.1266
2433014713,5589034,2H,67,51,01:07:51.550,4733.550117,86,44,2444,8717,0,0,0,0,21.470910553583888,41.98721249581666,0.1368
2433014760,5589034,2H,70,4,01:10:04.766,4866.766826,93,62,2444,245364,1,0,0,0,30.463092423455635,14.306504574420611,0.1398
2433014880,5589034,2H,78,41,01:18:41.746,5383.746582,77,56,2444,134387,0,0,0,0,35.608987629529715,23.006069018072566,0.02354
2433014533,5589034,2H,79,55,01:19:55.668,5457.668386,77,32,12,580163,0,0,0,0,28.071337695236398,35.48397979503183,0.01652
2433014555,5589034,2H,82,3,01:22:03.975,5585.975997,91,73,12,723050,0,1,0,0,41.43669871020132,8.756688769788058,0.07319
2433014933,5589034,2H,83,53,01:23:53.576,5695.576015,93,30,2444,245364,0,0,0,1,12.649110640673518,69.91047499067896,0.1407
2433014950,5589034,2H,85,7,01:25:07.028,5769.028416,93,52,2444,557016,1,0,0,0,21.633307652783937,29.1676133795778,0.1517
2433014699,5589034,2H,88,12,01:28:12.378,5954.378951,90,47,12,564044,0,0,0,0,19.849433241279208,40.78170584465348,0.388
2433014726,5589034,2H,90,47,01:30:47.321,6109.321866,80,40,12,564044,0,0,0,0,25.709920264364882,37.806529944704465,0.04002
2411079222,5589010,1H,9,24,00:09:24.445,565.445751,74,65,3767,396475,0,0,0,0,43.840620433565945,16.86185380697629,0.03896
2411079232,5589010,1H,9,26,00:09:26.311,567.311601,93,50,3767,548134,1,0,0,0,20.0,34.10255701216545,0.5276
2411079300,5589010,1H,10,18,00:10:18.355,619.355396,86,64,3767,518746,0,0,0,0,35.510561809129406,16.163200811456928,0.07225
2411079345,5589010,1H,12,0,00:12:00.336,721.336054,81,36,3767,472577,0,0,0,0,24.08318915758459,40.88376949447557,0.06141
2411079428,5589010,1H,14,45,00:14:45.753,886.753899,87,73,3767,346195,0,0,0,0,42.95346318982906,10.407711312490054,0.02673
2411079431,5589010,1H,22,3,00:22:03.339,1324.339104,88,33,8743,585346,0,0,0,0,17.029386365926403,55.66666856493495,0.2265
2411079624,5589010,1H,23,3,00:23:03.860,1384.860323,97,49,3767,548134,0,0,0,0,17.0,34.69515353123397,0.7503
2411079776,5589010,1H,29,7,00:29:07.286,1748.286553,97,45,3767,548134,0,0,0,0,13.601470508735444,54.16234704572171,0.564
2411079866,5589010,1H,33,9,00:33:09.420,1990.420852,93,52,3767,548134,1,0,0,0,21.633307652783937,29.1676133795778,0.0559
2411079962,5589010,1H,37,24,00:37:24.550,2245.550846,92,62,3767,631400,0,0,0,1,30.870698080866262,15.021350548150147,0.1262
2411080211,5589010,2H,62,50,01:02:50.010,3841.010658,94,30,8743,585346,0,0,0,0,11.704699910719626,74.20759647114272,0.06231
2411080332,5589010,2H,69,19,01:09:19.146,4230.146949,75,41,8743,836824,0,0,0,0,30.805843601498726,31.886561770143313,0.001408
2411080726,5589010,2H,71,14,01:11:14.411,4345.411294,91,40,3767,616353,0,0,0,0,15.231546211727817,59.069691087894086,0.0715
2411080874,5589010,2H,84,42,01:24:42.771,5153.771132,89,49,3767,758282,0,0,0,0,21.93171219946131,35.75388725443675,0.2901
2411080925,5589010,2H,86,57,01:26:57.494,5288.494367,94,40,3767,631400,0,0,0,0,12.529964086141668,69.00128096561299,0.2967
2411080935,5589010,2H,90,22,01:30:22.594,5493.594597,93,56,3767,752489,1,0,0,0,25.059928172283335,21.548130140533196,0.137
2432671479,5589273,1H,11,44,00:11:44.359,705.359036,89,60,13270,137965,0,0,0,0,30.528675044947494,18.6971240904703,0.2084
2432671276,5589273,1H,17,14,00:17:14.729,1035.729341,79,72,7099,561846,0,0,0,0,46.04345773288535,12.926874330417485,0.01539
2432671296,5589273,1H,18,27,00:18:27.317,1108.317534,97,52,7099,561846,1,0,0,0,19.697715603592208,25.12917795481518,0.3593
2432671359,5589273,1H,22,45,00:22:45.551,1366.551881,95,54,7099,606964,1,0,0,0,22.360679774997898,23.248082968525054,0.3496
2432671422,5589273,1H,26,16,00:26:16.975,1577.975704,82,72,7099,281470,0,0,0,0,44.41846462902562,12.342699760873218,0.02447
2432671484,5589273,1H,29,16,00:29:16.621,1757.621116,96,49,7099,54552,1,0,0,0,17.4928556845359,35.75388725443675,0.2967
2432671593,5589273,1H,35,1,00:35:01.413,2102.413308,80,35,7099,357546,0,0,0,0,25.019992006393608,39.546081111408746,0.04706
2432671613,5589273,1H,36,5,00:36:05.490,2166.490541,79,50,7099,760208,0,0,0,0,30.528675044947494,28.80820912643236,0.07463
2432671675,5589273,1H,38,55,00:38:55.488,2336.488444,96,59,7099,449343,1,0,0,0,26.570660511172846,14.531273572435616,0.1794
2432672147,5589273,2H,61,4,01:01:04.938,3796.938836,90,47,7099,496678,0,0,0,1,19.849433241279208,40.78170584465348,0.2889
2432672220,5589273,2H,67,1,01:07:01.877,4153.87767,90,58,13270,351508,0,0,0,0,28.30194339616981,20.556045219583464,0.1633
2432672222,5589273,2H,67,3,01:07:03.310,4155.310443,91,48,13270,137965,0,0,0,0,19.79898987322333,39.01748307414253,0.457
2432672224,5589273,2H,67,4,01:07:04.139,4156.139618,93,45,13270,137965,0,0,0,0,16.278820596099706,49.57392125990087,0.5448
2432672487,5589273,2H,80,18,01:20:18.883,4950.883246,94,52,7099,54552,0,0,0,0,21.095023109728988,28.544247315417184,0.6439
2432672488,5589273,2H,80,21,01:20:21.160,4953.160066,96,54,7099,54552,0,0,0,0,21.93171219946131,22.047947463560376,0.7161
2432672692,5589273,2H,89,2,01:29:02.438,5474.43849,95,54,13270,134109,1,0,0,0,22.360679774997898,23.248082968525054,0.3029
2509992585,5589338,1H,0,14,00:00:14.751,15.751059,78,44,3162,428012,0,0,0,0,28.792360097775937,33.013096660254185,0.2414
2509994312,5589338,1H,5,44,00:05:44.850,345.850431,86,35,7099,432073,0,0,0,0,19.026297590440446,50.592194778977564,0.06083
2509993094,5589338,1H,10,9,00:10:09.149,610.149012,86,34,7099,281470,0,0,0,0,19.0,50.69235188389338,0.06419
2509993227,5589338,1H,14,25,00:14:25.866,866.866746,85,41,7099,432073,0,0,0,0,21.18962010041709,44.37040139158974,0.09052
2509993583,5589338,1H,31,19,00:31:19.686,1880.686177,91,48,7099,629771,0,0,0,0,19.79898987322333,39.01748307414253,0.3287
2509992874,5589338,1H,32,9,00:32:09.342,1930.342535,94,36,3162,475110,0,1,0,1,11.180339887498949,77.47119229084849,0.1649
2509993663,5589338,1H,35,4,00:35:04.343,2105.34367,80,52,7099,496678,0,0,0,0,30.805843601498726,27.403721807240874,0.00923
2509992912,5589338,1H,36,48,00:36:48.725,2209.725886,96,58,3162,228928,1,0,0,0,25.632011235952593,15.708637829015744,0.1833
2509993827,5589338,1H,44,46,00:44:46.825,2687.825446,84,58,7099,281470,0,0,0,0,31.89043743820395,21.991129917177123,0.097
2509993845,5589338,2H,46,10,00:46:10.570,2797.570372,90,45,7099,54552,0,0,0,0,18.601075237738275,45.53545898556453,0.3525
2509993211,5589338,2H,51,27,00:51:27.035,3114.035653,92,69,3162,475110,0,1,0,0,37.33630940518894,10.105036365037957,0.01923
2509993887,5589338,2H,52,48,00:52:48.115,3195.115347,72,54,7099,357546,0,0,0,0,38.58756276314948,22.873665190626717,0.005108
2509993900,5589338,2H,54,1,00:54:01.876,3268.876653,89,37,7099,496678,0,0,0,0,16.278820596099706,57.425942865427494,0.1713
2509993926,5589338,2H,56,1,00:56:01.047,3388.047372,94,49,7099,54552,1,0,0,0,18.601075237738275,36.76597554787117,0.2371
2509993944,5589338,2H,58,48,00:58:48.248,3555.248907,92,47,7099,432073,0,0,0,0,18.384776310850235,42.31804415845862,0.4299
2509993967,5589338,2H,60,45,01:00:45.117,3672.117131,87,60,7099,760208,0,0,0,0,31.622776601683793,19.420465484309247,0.1056
2509993984,5589338,2H,62,41,01:02:41.850,3788.850106,91,50,7099,54552,0,0,0,0,21.2602916254693,34.186122486375034,0.3006
2509993450,5589338,2H,66,26,01:06:26.726,4013.726143,73,48,3162,116349,0,0,0,0,34.92849839314596,26.82603225008264,0.00652
2509994066,5589338,2H,68,53,01:08:53.716,4160.716329,94,42,7099,54552,0,0,0,0,13.601470508735444,62.28918598474691,0.4717
2509994201,5589338,2H,83,3,01:23:03.575,5010.575806,92,46,7099,54552,0,0,0,0,17.69180601295413,45.24590312327071,0.4433
2509993718,5589338,2H,87,21,01:27:21.896,5268.896876,81,54,3162,586584,0,0,0,0,31.240998703626616,25.765746973809794,0.1162
2509994302,5589338,2H,91,57,01:31:57.983,5544.983333,91,47,7099,561846,0,0,0,0,19.1049731745428,41.583411808228654,0.2561
2386562525,5588997,1H,4,52,00:04:52.572,293.572687,82,64,1614,388267,0,0,0,0,37.8021163428716,17.072856302565697,0.03083
2386562837,5588997,1H,19,58,00:19:58.479,1199.479849,74,33,3159,759543,0,1,0,0,31.016124838541646,32.348990695907226,0.03848
2386562816,5588997,1H,24,56,00:24:56.134,1497.134606,85,67,1614,223794,0,0,0,0,38.58756276314948,14.342226030393581,0.004268
2386563165,5588997,1H,34,27,00:34:27.741,2068.741485,77,37,3159,409322,0,0,0,0,28.160255680657446,35.29334759066029,0.03101
2386563041,5588997,1H,36,11,00:36:11.849,2172.849625,89,40,1614,301047,0,0,0,0,17.08800749063506,53.77204501016055,0.1761
2386563053,5588997,1H,36,50,00:36:50.906,2211.906388,81,60,1614,421696,0,0,0,0,35.38361202590826,20.249797251563184,0.009417
2386563194,5588997,1H,37,6,00:37:06.860,2227.860399,78,29,3159,471774,0,0,0,0,27.459060435491963,35.83454445929908,0.03695
2386563117,5588997,1H,41,15,00:41:15.173,2476.17326,92,42,1614,301047,0,0,0,0,15.264337522473747,56.993348723586976,0.05368
2386563275,5588997,1H,41,40,00:41:40.996,2501.996953,87,73,3159,594931,0,0,0,0,42.95346318982906,10.407711312490054,0.03628
2386563548,5588997,2H,58,18,00:58:18.353,3579.353312,76,45,3159,532750,0,0,0,0,31.016124838541646,30.647102458472382,0.01008
2386563631,5588997,2H,64,9,01:04:09.066,3930.066892,93,39,3159,594931,1,0,0,0,13.0,67.83365417791754,0.1927
2386563538,5588997,2H,69,50,01:09:50.391,4271.391783,92,58,1614,223794,0,0,0,0,27.294688127912362,19.412948895977213,0.2364
2386563744,5588997,2H,70,20,01:10:20.457,4301.457974,74,66,3159,594931,0,0,0,0,44.553338819890925,16.334131724439125,0.006082
2386563602,5588997,2H,76,6,01:16:06.469,4647.469563,86,33,1614,263802,0,0,0,0,19.026297590440446,50.592194778977564,0.07656
2518347235,5589094,1H,5,25,00:05:25.983,326.983583,90,76,1609,520291,0,0,0,0,44.598206241955516,8.05441444638176,0.02417
2518347288,5589094,1H,7,4,00:07:04.467,425.467686,80,65,1609,520291,0,0,0,0,39.824615503479755,16.646839572222838,0.06724
2518347303,5589094,1H,16,10,00:16:10.561,971.561874,70,48,675,4498,0,0,0,0,37.69615364994153,25.180528470404834,0.007357
2518348577,5589094,1H,16,13,00:16:13.354,974.35486,80,51,675,4498,0,0,0,0,30.23243291566195,28.378631089018498,0.06977
2518347462,5589094,1H,34,4,00:34:04.995,2045.99578,87,41,1609,491458,0,0,0,0,19.313207915827967,47.97373108248011,0.02649
2518347771,5589094,1H,45,22,00:45:22.736,2723.736264,82,29,675,493295,0,0,0,0,23.53720459187964,41.19449981088854,0.003809
2518347797,5589094,1H,46,53,00:46:53.179,2814.17924,75,50,675,480145,0,0,0,0,34.0,26.671548785868872,0.0005097
2518347716,5589094,1H,49,55,00:49:55.330,2996.330024,93,29,1609,555939,0,0,0,0,13.0,67.83365417791754,0.1004
2518347887,5589094,2H,46,59,00:46:59.822,3251.822405,86,71,675,547260,0,0,0,0,41.593268686170845,11.716941180375082,0.01708
2518348588,5589094,2H,50,33,00:50:33.030,3465.030209,90,52,1609,339789,1,0,0,0,23.430749027719962,29.981639368849336,0.1245
2518347979,5589094,2H,53,16,00:53:16.865,3628.865075,94,53,675,353833,1,0,0,0,21.95449840010015,26.278574666800914,0.1889
2518348002,5589094,2H,55,13,00:55:13.757,3745.75749,81,28,675,493295,0,0,0,0,24.73863375370596,39.130399556985296,0.05329
2518348033,5589094,2H,57,18,00:57:18.927,3870.927906,71,36,675,4498,0,0,0,0,34.058772731852805,29.56155376094767,0.007932
2518348148,5589094,2H,63,53,01:03:53.236,4265.236173,93,58,675,764899,1,0,0,0,26.832815729997478,18.676701732190118,0.1404
2518348245,5589094,2H,64,38,01:04:38.193,4310.193981,88,48,1609,520291,0,0,0,1,22.02271554554524,37.14122527591335,0.2567
2518348167,5589094,2H,66,31,01:06:31.368,4423.368433,87,34,675,493295,0,0,0,0,18.0,53.13010235415598,0.2351
2518348295,5589094,2H,78,2,01:18:02.831,5114.831961,85,64,1609,217031,0,0,0,0,36.05551275463989,16.453137274920454,0.03022
2518348328,5589094,2H,80,40,01:20:40.934,5272.934795,85,59,1609,302292,0,0,0,0,32.01562118716424,20.874646826450036,0.1293
2518348378,5589094,2H,82,7,01:22:07.126,5359.126563,85,63,675,493295,0,0,0,0,35.22782990761707,17.241459398939977,0.1298
2518348526,5589094,2H,89,21,01:29:21.114,5793.114798,86,66,675,404397,0,0,0,0,37.21558813185679,14.695971397242621,0.04487
2518348534,5589094,2H,90,8,01:30:08.849,5840.849471,93,49,675,764899,0,0,0,0,19.209372712298546,36.86989764584401,0.3413
2518348500,5589094,2H,91,42,01:31:42.865,5934.865675,86,56,1609,302292,0,0,0,0,29.068883707497267,24.115388556950947,0.1439
2518348516,5589094,2H,92,32,01:32:32.095,5984.095776,89,39,1609,555939,0,0,0,0,16.76305461424021,55.22216863363612,0.3259
2440047379,5589045,1H,3,27,00:03:27.138,208.138607,80,33,9417,547565,0,0,0,0,25.019992006393608,39.546081111408746,0.03421
2440047410,5589045,1H,4,25,00:04:25.484,266.48484,86,54,9417,729709,0,0,0,0,27.586228448267445,26.699706110158193,0.1696
2440047514,5589045,1H,9,30,00:09:30.357,571.357867,94,55,9417,69398,0,0,0,0,23.706539182259394,22.374143649752707,0.4032
2440047339,5589045,1H,14,27,00:14:27.375,868.375646,88,42,3157,3324,0,0,0,0,18.788294228055936,48.3664606634298,0.1483
2440047408,5589045,1H,17,24,00:17:24.888,1045.888314,80,50,3157,520698,0,0,0,0,29.68164415931166,29.357753542791276,0.006863
2440047673,5589045,1H,18,7,00:18:07.931,1088.931608,79,49,9417,547565,0,0,0,0,30.01666203960727,29.71477316544497,0.07569
2440047653,5589045,1H,32,28,00:32:28.097,1949.09769,76,61,3157,525236,0,0,0,0,39.6232255123179,19.319179082973566,0.001568
2440047695,5589045,1H,35,53,00:35:53.264,2154.26467,80,48,3157,525236,0,0,0,0,28.653097563788805,31.304123495590975,0.09299
2440047938,5589045,1H,41,52,00:41:52.563,2513.563841,79,39,9417,217772,0,0,1,0,26.476404589747453,37.04691802856159,0.07211
2440047971,5589045,1H,44,16,00:44:16.448,2657.448852,82,40,9417,135810,0,0,0,0,23.769728648009426,40.542749931544535,0.02365
2440047973,5589045,1H,44,19,00:44:19.197,2660.197909,81,42,9417,547565,0,0,0,0,25.298221281347036,37.697157470022006,0.1069
2440047992,5589045,1H,45,14,00:45:14.445,2715.445578,87,60,9417,406028,0,0,0,0,31.622776601683793,19.420465484309247,0.1683
2440048012,5589045,2H,48,48,00:48:48.027,3173.027829,79,41,3157,525236,0,0,0,0,26.92582403567252,36.006207601244434,0.01276
2440048063,5589045,2H,52,32,00:52:32.823,3397.823866,87,59,3157,391530,0,0,0,0,30.805843601498726,20.46918963248217,0.1929
2440048347,5589045,2H,57,44,00:57:44.683,3709.683474,81,32,9417,135810,0,0,0,0,24.08318915758459,40.88376949447557,0.01971
2440048402,5589045,2H,59,30,00:59:30.733,3815.733758,93,33,9417,135810,0,0,0,0,12.041594578792296,73.49563861824498,0.07639
2440048152,5589045,2H,65,29,01:05:29.158,4174.158701,96,43,3157,391530,1,0,0,0,12.727922061357855,63.43494882292201,0.2651
2440048191,5589045,2H,68,17,01:08:17.840,4342.840977,82,51,3157,391530,0,0,0,0,28.600699292150182,29.324523618973735,0.01269
2440048230,5589045,2H,71,22,01:11:22.806,4527.806464,82,46,3157,399654,0,0,0,0,25.942243542145693,34.96602982632769,0.1143
2440048258,5589045,2H,72,20,01:12:20.093,4585.09357,76,49,3157,403260,0,0,0,0,32.64965543462902,27.9213190645874,0.04213
2440048352,5589045,2H,76,51,01:16:51.345,4856.345143,96,40,3157,544643,1,0,0,0,10.816653826391969,77.47119229084849,0.1778
2440048449,5589045,2H,83,54,01:23:54.571,5279.571221,92,52,3157,343951,1,0,0,0,22.20360331117452,29.59489268795477,0.1451
2440048490,5589045,2H,87,15,01:27:15.126,5480.126172,90,31,3157,472279,0,0,0,0,15.297058540778355,60.4612177404419,0.1164
2440048506,5589045,2H,88,47,01:28:47.582,5572.582085,88,71,3157,403260,0,0,0,0,40.718546143004666,10.981172605460817,0.05196
2367982900,5588984,1H,12,43,00:12:43.072,764.072568,90,66,3803,229373,0,1,0,0,35.34119409414458,13.016110768467204,0.1716
2367982764,5588984,1H,15,0,00:15:00.787,901.787331,93,59,11241,347302,0,0,0,0,27.730849247724095,17.42986281766783,0.2642
2367982913,5588984,1H,24,21,00:24:21.916,1462.916058,86,36,11241,536024,0,0,0,0,19.1049731745428,50.29344225303053,0.01478
2367983189,5588984,1H,25,57,00:25:57.540,1558.540264,97,37,3803,229373,0,1,0,1,8.54400374531753,93.17983011986423,0.06116
2367983251,5588984,1H,27,23,00:27:23.881,1644.881776,95,68,3803,328556,0,0,0,0,35.4400902933387,8.709516422004977,0.1018
2367983344,5588984,1H,31,59,00:31:59.723,1920.723911,90,50,3803,229373,1,0,0,0,21.93171219946131,34.01934998982646,0.111
2367983413,5588984,1H,34,33,00:34:33.650,2074.650318,91,51,3803,759497,0,1,0,1,22.02271554554524,31.954362937051407,0.2317
2367983462,5588984,1H,36,50,00:36:50.200,2211.20001,87,53,3803,265318,0,0,0,0,26.1725046566048,28.21016962881526,0.1606
2367983708,5588984,2H,47,3,00:47:03.732,2839.732473,77,55,3803,277629,0,0,0,0,35.0,23.77634349723379,0.06909
2367983847,5588984,2H,54,28,00:54:28.300,3284.300358,91,45,3803,229373,1,0,0,0,17.804493814764857,46.877877447285364,0.1524
2367983868,5588984,2H,56,32,00:56:32.240,3408.240238,77,43,3803,265318,0,0,0,0,29.410882339705484,32.7352262721076,0.006427
2367983933,5588984,2H,65,2,01:05:02.262,3918.262195,91,47,3803,426712,0,0,0,0,19.1049731745428,41.583411808228654,0.4437
2367983948,5588984,2H,67,45,01:07:45.744,4081.744872,79,51,3803,265318,0,0,0,0,31.064449134018133,27.897271030947625,0.0362
2367983998,5588984,2H,74,48,01:14:48.558,4504.558165,84,56,3803,426712,0,0,0,0,30.4138126514911,24.126046969845948,0.1141
2367984003,5588984,2H,75,55,01:15:55.078,4571.078156,90,64,3803,759497,1,0,0,0,33.54101966249684,14.500166766552566,0.07471
2367984009,5588984,2H,76,25,01:16:25.855,4601.855045,77,39,3803,229373,0,0,0,0,28.442925306655784,34.69515353123397,0.07562
2367984022,5588984,2H,77,18,01:17:18.865,4654.865369,73,46,3803,229373,0,0,0,0,34.17601498127012,27.919062941979732,0.03903
2367984042,5588984,2H,81,48,01:21:48.948,4924.948369,89,38,3803,426794,0,0,0,0,16.492422502470642,56.44788352249083,0.1759
2367984044,5588984,2H,82,23,01:22:23.053,4959.053656,70,65,3803,26498,0,0,0,0,46.75467891024384,16.661779693008018,0.008361
2367983690,5588984,2H,86,15,01:26:15.703,5191.703673,92,71,11241,569109,0,0,0,0,39.21734310225516,9.124015498579798,0.05922
2367983745,5588984,2H,88,51,01:28:51.403,5347.403324,88,45,11241,335876,0,0,0,0,20.248456731316587,42.92562661914572,0.1288
2367983801,5588984,2H,91,49,01:31:49.898,5525.89888,94,44,11241,569109,0,0,0,0,14.866068747318506,54.73698827040275,0.5624
2485811339,5590078,1H,4,15,00:04:15.151,256.151325,87,57,13505,478626,0,0,0,0,29.206163733020468,22.76726280611052,0.1868
2485811379,5590078,1H,7,10,00:07:10.937,431.937486,82,47,13505,387804,0,0,0,0,26.419689627245813,33.86116303685892,0.01062
2485811410,5590078,1H,8,13,00:08:13.544,494.544341,87,42,13505,657796,0,0,0,0,19.697715603592208,46.543253078247524,0.1098
2485811666,5590078,1H,12,50,00:12:50.009,771.009654,74,55,7098,619567,0,0,0,0,37.44329045369811,22.899549237436148,0.001267
2485811715,5590078,1H,14,15,00:14:15.085,856.085341,87,31,7098,54533,0,0,0,0,18.24828759089466,52.1250163489018,0.0915
2485811769,5590078,1H,15,50,00:15:50.394,951.394542,87,70,7098,325636,0,0,0,0,40.24922359499622,11.888658039627972,0.006521
2485811523,5590078,1H,19,32,00:19:32.861,1173.861721,93,47,13505,225191,1,0,0,0,17.69180601295413,42.95459151111278,0.1377
2485811525,5590078,1H,19,34,00:19:34.813,1175.813918,98,41,13505,387804,0,0,0,0,9.899494936611665,82.31601817026603,0.3546
2485812079,5590078,1H,30,27,00:30:27.009,1828.009527,78,58,7098,54548,0,0,0,0,36.124783736376884,21.6559890384225,0.00468
2485811739,5590078,1H,33,42,00:33:42.094,2023.094945,99,51,13505,657796,0,0,0,0,18.027756377319946,23.875280853927517,0.4926
2485812164,5590078,1H,37,16,00:37:16.918,2237.918828,72,36,7098,54493,0,1,0,1,33.06055050963308,30.411081267125365,0.01173
2485811824,5590078,1H,39,2,00:39:02.357,2343.357831,89,73,13505,406047,0,0,0,0,42.15447781671598,9.637538112930946,0.04169
2485812352,5590078,1H,44,16,00:44:16.928,2657.928691,91,54,7098,54493,0,0,0,0,24.413111231467404,26.07344578829223,0.3282
2485812414,5590078,2H,46,16,00:46:16.281,2847.28113,80,40,7098,54533,0,0,0,0,25.709920264364882,37.806529944704465,0.04314
2485812460,5590078,2H,47,51,00:47:51.209,2942.209659,79,39,7098,54533,0,0,0,0,26.476404589747453,37.04691802856159,0.004089
2485812473,5590078,2H,48,2,00:48:02.830,2953.830476,93,46,7098,54493,1,0,0,0,16.97056274847714,46.21887523513131,0.2428
2485812575,5590078,2H,51,43,00:51:43.920,3174.92033,90,43,7098,325636,0,0,0,0,17.4928556845359,50.19442890773481,0.2257
2485812590,5590078,2H,52,18,00:52:18.209,3209.209721,80,53,7098,54493,0,0,0,0,31.400636936215164,26.43829080975032,0.004867
2485812593,5590078,2H,52,20,00:52:20.658,3211.658737,94,69,7098,135038,0,0,0,0,36.68787265568828,8.895856969663308,0.141
2485812704,5590078,2H,62,6,01:02:06.571,3797.571351,72,47,7098,400671,0,0,0,0,35.4682957019364,26.778840406955105,0.001091
2485812194,5590078,2H,62,42,01:02:42.193,3833.193477,80,64,13505,225191,0,0,0,0,39.05124837953327,17.308828006436496,0.01777
2485812212,5590078,2H,63,27,01:03:27.562,3878.562345,76,29,13505,399647,0,0,0,0,29.427877939124322,33.62264092631693,0.005547
2485812527,5590078,2H,82,43,01:22:43.340,5034.340483,89,54,13505,387804,0,0,0,0,25.612496949731394,26.604895245420895,0.3568
2485812601,5590078,2H,88,6,01:28:06.455,5357.455007,87,65,13505,406047,0,0,0,1,35.84689665786984,15.061661544546185,0.4267
2485812602,5590078,2H,88,8,01:28:08.869,5359.869127,82,49,13505,657796,0,0,0,1,27.459060435491963,31.598001246499646,0.1012
2471736587,5588975,1H,3,53,00:03:53.672,234.672485,85,33,1625,447205,0,0,0,0,20.024984394500787,48.366460663429805,0.07669
2471736588,5588975,1H,6,30,00:06:30.978,391.978947,79,29,1625,69404,0,0,0,0,26.476404589747453,37.04691802856159,0.01741
2471736598,5588975,1H,7,23,00:07:23.606,444.606427,81,45,9608,388986,0,0,0,0,26.40075756488817,35.041929401539015,0.2408
2471736589,5588975,1H,8,22,00:08:22.762,503.762145,90,64,1625,427097,0,0,0,0,33.54101966249684,14.500166766552566,0.1065
2471736590,5588975,1H,14,21,00:14:21.827,862.827223,86,57,1625,427097,0,1,0,0,29.832867780352597,22.915925633349705,0.197
2471736591,5588975,1H,21,26,00:21:26.958,1287.958769,87,64,1625,661732,0,0,0,0,34.9857113690718,15.826154076172545,0.05891
2471736592,5588975,1H,21,58,00:21:58.902,1319.902435,94,39,1625,568412,1,0,0,0,12.083045973594572,71.82587993453092,0.08794
2471736593,5588975,1H,27,26,00:27:26.006,1647.006249,96,38,1625,427097,1,0,0,0,9.848857801796104,84.35945056784318,0.06096
2471736594,5588975,1H,30,39,00:30:39.600,1840.600991,86,54,1625,427097,0,0,0,0,27.586228448267445,26.699706110158193,0.09444
2471736595,5588975,1H,33,33,00:33:33.325,2014.325281,89,70,1625,661732,0,0,0,0,39.395431207184416,11.077542126642676,0.02968
2471736596,5588975,1H,35,42,00:35:42.123,2143.123406,87,30,1625,265673,0,0,0,0,18.439088914585774,51.36176395103255,0.03182
2471736605,5588975,1H,37,7,00:37:07.031,2228.031611,89,62,9608,388986,0,0,0,1,32.2490309931942,16.715686488998475,0.2467
2471736606,5588975,1H,40,1,00:40:01.746,2402.746746,89,67,9608,431540,0,0,0,0,36.6742416417845,12.835609486401438,0.1247
2471736597,5588975,1H,40,34,00:40:34.948,2435.948808,83,26,1625,589103,0,0,0,0,23.40939982143925,40.29680266918898,0.03391
2471736607,5588975,2H,45,24,00:45:24.054,2797.054888,88,38,9608,562484,0,0,0,1,17.46424919657298,53.794896965443336,0.1917
2471736599,5588975,2H,58,26,00:58:26.123,3579.123725,84,74,1625,661732,0,0,0,0,45.17742799230607,10.91588243169307,0.02932
2471736600,5588975,2H,60,16,01:00:16.025,3689.025311,79,65,1625,661732,0,0,0,0,40.45985664828782,16.739774134929537,0.04599
2471736601,5588975,2H,63,55,01:03:55.573,3908.573994,83,63,1625,661732,0,0,0,0,36.40054944640259,17.657728172043818,0.00685
2471736602,5588975,2H,64,8,01:04:08.026,3921.026218,91,64,1625,265673,0,0,0,0,33.1058907144937,13.943230920553669,0.1463
2471736603,5588975,2H,70,54,01:10:54.808,4327.808261,91,71,1625,661732,0,0,0,0,39.56008088970496,9.637538112930946,0.06991
2471736604,5588975,2H,71,46,01:11:46.959,4379.959207,88,60,1625,447205,0,0,0,0,31.064449134018133,19.093492000485618,0.08732
2471736608,5588975,2H,77,30,01:17:30.865,4723.865991,89,43,9608,388986,0,0,0,1,18.35755975068582,48.366460663429805,0.2954
2471736609,5588975,2H,78,13,01:18:13.070,4766.070568,87,44,9608,807210,0,0,0,0,20.591260281974,43.36832757911374,0.08668
2487198869,5589085,1H,5,33,00:05:33.106,334.106511,81,53,1609,241564,0,0,0,0,30.610455730027933,26.778840406955112,0.09752
2487199293,5589085,1H,17,15,00:17:15.142,1036.142257,83,66,11,595191,0,0,0,0,38.8329756778952,15.509614125214,0.07461
2487199301,5589085,1H,17,55,00:17:55.943,1076.943941,87,50,11,14812,0,0,0,0,24.08318915758459,32.99560723843002,0.1917
2487199337,5589085,1H,19,13,00:19:13.453,1154.453408,83,29,11,681103,0,0,0,0,22.561028345356956,42.77603875961453,0.04358
2487199254,5589085,1H,29,5,00:29:05.789,1746.789047,88,35,1609,745926,0,0,0,0,17.029386365926403,55.66666856493495,0.2452
2487199249,5589085,1H,30,18,00:30:18.023,1819.023172,96,59,1609,339789,1,0,0,0,26.570660511172846,14.531273572435616,0.1673
2487199336,5589085,1H,36,35,00:36:35.326,2196.326246,89,49,1609,379209,1,0,0,0,21.93171219946131,35.75388725443675,0.0601
2487199586,5589085,1H,40,49,00:40:49.546,2450.546788,89,43,11,681103,0,0,0,0,18.35755975068582,48.366460663429805,0.3883
2487199425,5589085,1H,42,27,00:42:27.638,2548.638759,86,39,1609,11066,0,0,0,0,19.6468827043885,48.27300985546386,0.2438
2487199522,5589085,2H,49,53,00:49:53.390,3064.39009,78,62,1609,446423,0,0,0,0,38.897300677553446,18.746466093604607,0.06007
2487199930,5589085,2H,54,34,00:54:34.480,3345.480027,86,31,11,745041,0,0,0,0,19.235384061671343,49.8012126883005,0.09334
2487200011,5589085,2H,56,40,00:56:40.666,3471.666102,77,66,11,14812,0,0,0,0,42.5205832509386,16.269122141017245,0.003533
2487200031,5589085,2H,57,41,00:57:41.821,3532.821564,85,45,11,470779,0,0,0,0,22.825424421026653,39.28940686250036,0.09288
2487200136,5589085,2H,65,14,01:05:14.008,3985.008711,88,41,11,14812,0,0,0,0,18.384776310850235,49.974132218828544,0.1476
2487199744,5589085,2H,67,12,01:07:12.942,4103.942018,90,31,1609,542200,0,0,0,0,15.297058540778355,60.4612177404419,0.09933
2487200160,5589085,2H,69,41,01:09:41.240,4252.240786,78,40,11,681103,0,0,0,0,27.65863337187866,35.39479584498706,0.07112
2487200208,5589085,2H,74,36,01:14:36.313,4547.313835,87,49,11,745041,0,0,0,0,23.430749027719962,34.69515353123396,0.002199
2487199906,5589085,2H,80,38,01:20:38.017,4909.017563,94,33,1609,415917,1,0,0,0,11.045361017187261,78.30106239119735,0.0581
2487200252,5589085,2H,84,6,01:24:06.386,5117.386564,74,51,11,745041,0,0,0,0,35.35533905932738,25.516592144898304,0.05939
2487200262,5589085,2H,85,14,01:25:14.611,5185.61142,86,53,11,595191,0,0,0,0,26.870057685088806,28.081764853270542,0.06964
2487200074,5589085,2H,90,34,01:30:34.084,5505.084719,89,44,1609,11066,0,0,0,0,18.867962264113206,46.322758078790415,0.3112
2487200343,5589085,2H,93,34,01:33:34.114,5685.114864,89,38,11,267,1,0,0,0,16.492422502470642,56.44788352249083,0.1704
2374311685,5588933,1H,3,2,00:03:02.223,183.223385,84,73,11241,418949,0,1,0,1,44.294469180700204,11.362642467901845,0.04309
2374311697,5588933,1H,4,26,00:04:26.805,267.805841,88,61,11241,418949,0,0,0,0,31.906112267087632,18.085700722830325,0.04275
2374311699,5588933,1H,4,29,00:04:29.471,270.471646,87,42,11241,750360,0,0,0,0,19.697715603592208,46.543253078247524,0.1025
2374311854,5588933,1H,6,35,00:06:35.392,396.392178,95,54,2445,584765,1,0,0,0,22.360679774997898,23.248082968525054,0.1619
2374311871,5588933,1H,8,48,00:08:48.369,529.369923,83,30,2445,551693,0,0,0,0,22.360679774997898,43.38349293777577,0.06301
2374311734,5588933,1H,10,49,00:10:49.551,650.551701,88,69,11241,239189,0,0,0,0,38.91015291668744,12.053792513320268,0.02875
2374311754,5588933,1H,12,54,00:12:54.774,775.774717,96,57,11241,617621,1,0,0,0,24.698178070456937,17.02658844309185,0.2546
2374311814,5588933,1H,14,48,00:14:48.058,889.058414,76,71,11241,443947,0,0,0,0,47.01063709417264,13.77632857015562,0.01203
2374312237,5588933,1H,15,24,00:15:24.661,925.661794,86,29,2445,551693,0,0,0,0,19.6468827043885,48.27300985546386,0.03444
2374312281,5588933,1H,17,34,00:17:34.959,1055.959695,78,38,2445,373581,0,0,0,0,27.294688127912362,36.20143079314286,0.001768
2374312415,5588933,1H,26,22,00:26:22.670,1583.670215,90,41,2445,373581,0,1,0,1,16.55294535724685,54.442253634586045,0.2835
2374312025,5588933,1H,38,7,00:38:07.050,2288.050439,95,51,11241,418949,1,0,0,0,19.72308292331602,30.302680720488098,0.3217
2374312627,5588933,1H,39,54,00:39:54.699,2395.699406,95,39,2445,584765,1,0,0,0,11.180339887498949,76.26373169437744,0.3028
2374312637,5588933,1H,40,32,00:40:32.518,2433.518293,74,29,2445,551693,0,0,0,0,31.400636936215164,31.656928625829075,0.01636
2374312718,5588933,2H,47,17,00:47:17.839,2851.839973,81,43,2445,532559,0,0,0,0,25.632011235952593,36.86989764584402,0.003595
2374313262,5588933,2H,47,36,00:47:36.920,2870.920275,88,68,2445,584765,0,0,0,0,38.01315561749642,12.6443949411828,0.1992
2374312723,5588933,2H,48,7,00:48:07.740,2901.740675,87,67,2445,352328,0,0,0,0,37.589892258425,13.671307132195835,0.05871
2374312128,5588933,2H,53,41,00:53:41.359,3235.359548,88,66,11241,82701,0,0,0,1,36.235341863986875,13.948668787154986,0.0275
2374312129,5588933,2H,53,42,00:53:42.528,3236.528614,92,51,11241,418949,0,0,0,1,21.400934559032695,31.827446576673108,0.4865
2374312792,5588933,2H,55,47,00:55:47.284,3361.284009,87,49,2445,352328,1,0,0,0,23.430749027719962,34.69515353123396,0.06717
2374312148,5588933,2H,57,11,00:57:11.498,3445.498308,98,38,11241,335876,0,0,0,0,8.06225774829855,97.23692202596801,0.07227
2374312889,5588933,2H,63,14,01:03:14.532,3808.532356,73,44,2445,391740,0,0,0,0,33.52610922848042,28.909811942568346,0.001296
2374312903,5588933,2H,63,53,01:03:53.931,3847.931506,90,72,2445,584765,0,0,0,0,40.85339643163099,9.64944799140267,0.04119
2374312908,5588933,2H,64,50,01:04:50.026,3904.026997,90,61,2445,789011,0,0,0,0,30.886890422961002,17.185706144224763,0.1219
2374312958,5588933,2H,68,36,01:08:36.275,4130.27527,81,42,2445,337890,0,0,0,0,25.298221281347036,37.697157470022006,0.03179
2374312971,5588933,2H,70,52,01:10:52.530,4266.530375,92,40,2445,532559,0,0,0,1,14.317821063276353,62.08023357189139,0.222
2374312214,5588933,2H,73,14,01:13:14.601,4408.601926,70,51,11241,443947,0,0,0,0,38.91015291668744,23.732073252995026,0.000934
2374313048,5588933,2H,78,36,01:18:36.752,4730.752106,87,37,2445,448127,0,0,0,0,18.24828759089466,52.1250163489018,0.1362
2374313097,5588933,2H,82,25,01:22:25.510,4959.5109,91,75,2445,373581,0,0,0,0,43.32435804486894,7.987131273448091,0.0206
2374313171,5588933,2H,87,5,01:27:05.568,5239.568155,82,52,2445,542209,0,0,0,0,29.206163733020468,28.203298990557677,0.06281
2374313190,5588933,2H,88,51,01:28:51.216,5345.216181,81,32,2445,584765,0,0,0,0,24.08318915758459,40.88376949447557,0.007182
2374313242,5588933,2H,93,13,01:33:13.750,5607.750626,73,55,2445,634767,0,0,0,0,38.27531841800928,22.59634451442194,0.03358
2477642122,5589088,1H,3,17,00:03:17.052,198.052971,76,59,3161,105338,0,0,0,0,38.28837943815329,20.651190740995947,0.04011
2477642125,5589088,1H,3,53,00:03:53.399,234.39921,93,47,3161,435501,1,0,0,0,17.69180601295413,42.95459151111278,0.1377
2477642243,5589088,1H,6,40,00:06:40.816,401.816341,77,36,12,775185,0,0,0,0,28.071337695236398,35.48397979503183,0.03879
2477642217,5589088,1H,7,24,00:07:24.782,445.782559,87,43,3161,301017,0,0,0,0,20.12461179749811,45.0,0.2638
2477642313,5589088,1H,9,55,00:09:55.536,596.536994,90,31,12,624144,0,0,0,0,15.297058540778355,60.4612177404419,0.01649
2477642425,5589088,1H,14,31,00:14:31.893,872.89316,97,43,12,357806,1,0,0,0,12.041594578792296,66.03751102542182,0.1398
2477642338,5589088,1H,15,15,00:15:15.623,916.623843,85,46,3161,79320,0,0,0,0,23.323807579381203,37.86641541734824,0.1072
2477642574,5589088,1H,20,6,00:20:06.424,1207.424464,85,34,12,624144,0,0,0,0,20.0,48.45549063590834,0.06532
2477642732,5589088,1H,30,50,00:30:50.897,1851.89745,74,35,12,624144,0,0,0,0,31.016124838541646,32.348990695907226,0.05593
2477642846,5589088,1H,42,30,00:42:30.013,2551.01388,71,62,3161,15524,0,0,0,0,44.04543109109048,18.222023170591864,0.005192
2477642958,5589088,2H,48,14,00:48:14.558,3059.558083,86,47,3161,301017,0,0,0,0,23.021728866442675,37.29625808549044,0.1477
2477643057,5589088,2H,53,6,00:53:06.842,3351.842864,85,44,12,564044,0,0,0,0,22.360679774997898,40.66879405950243,0.006074
2477643065,5589088,2H,53,14,00:53:14.179,3359.179684,80,36,12,404232,0,0,0,0,25.079872407968907,39.39174095007549,0.01188
2477643070,5589088,2H,53,17,00:53:17.466,3362.466509,88,58,12,357806,0,0,0,0,29.410882339705484,21.32100600005428,0.306
2477643085,5589088,2H,53,54,00:53:54.698,3399.698189,71,50,12,404232,0,0,0,0,37.57658845611187,24.693191953179795,0.03561
2477643133,5589088,2H,59,39,00:59:39.963,3744.963441,90,33,3161,435501,0,0,0,0,15.033296378372908,61.76255446183274,0.08351
2477643168,5589088,2H,64,40,01:04:40.365,4045.365393,88,43,3161,105338,0,0,0,0,19.235384061671343,46.63657704161672,0.1798
2477643229,5589088,2H,66,26,01:06:26.935,4151.93566,89,64,12,758294,0,0,0,0,34.0,14.997743223075787,0.08157
2477643267,5589088,2H,69,54,01:09:54.628,4359.628076,87,47,3161,301017,0,0,0,0,22.20360331117452,38.181785428348135,0.2548
2477643310,5589088,2H,73,42,01:13:42.727,4587.727137,70,66,12,815882,0,0,0,0,47.4236228055175,16.203357633440454,0.002524
2477643340,5589088,2H,74,11,01:14:11.835,4616.835499,89,32,12,357806,0,0,0,0,16.1245154965971,58.13790071832522,0.09059
2477643368,5589088,2H,78,2,01:18:02.296,4847.29696,89,47,3161,79320,0,0,0,0,20.615528128088304,39.936383146969916,0.09488
2477643721,5589088,2H,80,15,01:20:15.884,4980.884642,88,70,3161,340646,0,0,0,0,39.81205847478876,11.500283200649971,0.01902
2477643548,5589088,2H,82,57,01:22:57.664,5142.664677,85,43,12,624144,0,0,0,0,21.93171219946131,41.98721249581666,0.1265
2517673249,5590084,1H,1,30,00:01:30.946,91.946594,92,32,1610,551497,0,0,0,0,13.152946437965905,68.5371140752802,0.07014
2517673296,5590084,1H,5,4,00:05:04.540,305.540658,85,51,1610,347200,0,0,0,0,26.248809496813376,30.6299984848207,0.1399
2517673297,5590084,1H,5,6,00:05:06.632,307.632261,93,43,1610,551497,1,0,0,0,15.0,56.309932474020215,0.5156
2517673197,5590084,1H,19,59,00:19:59.468,1200.468203,85,64,13505,657796,0,0,0,0,36.05551275463989,16.453137274920454,0.1064
2517673691,5590084,1H,25,19,00:25:19.319,1520.319328,79,54,1610,447357,0,0,0,0,32.802438933713454,25.190030024525928,0.00246
2517673718,5590084,1H,26,0,00:26:00.144,1561.144805,86,30,1610,344040,0,1,0,0,19.4164878389476,49.1239075603156,0.0645
2517673828,5590084,1H,32,25,00:32:25.660,1946.660422,94,50,1610,344040,0,0,0,0,19.4164878389476,33.77931321628475,0.45
2517673606,5590084,1H,37,11,00:37:11.499,2232.499402,61,56,13505,229480,0,0,0,0,49.193495504995376,18.70642122375285,0.04004
2517673872,5590084,1H,40,4,00:40:04.219,2405.219068,92,40,1610,822917,1,0,0,0,14.317821063276353,62.08023357189139,0.161
2517674021,5590084,2H,51,3,00:51:03.254,3172.254604,96,62,13505,229480,1,0,0,0,29.410882339705484,11.674868809750862,0.1037
2517674023,5590084,2H,51,8,00:51:08.354,3177.35465,81,45,13505,446456,0,0,0,0,26.40075756488817,35.041929401539015,0.02178
2517674042,5590084,2H,52,41,00:52:41.058,3270.058414,97,50,13505,652881,1,0,0,0,17.88854381999832,31.06940320923342,0.5388
2517674135,5590084,2H,54,39,00:54:39.165,3388.165364,86,65,1610,447223,0,0,0,0,36.359317925395686,15.407365765933115,0.159
2517674186,5590084,2H,56,35,00:56:35.684,3504.684337,90,39,1610,344040,1,0,0,0,15.811388300841896,57.956483167255584,0.1086
2517674376,5590084,2H,60,35,01:00:35.212,3744.212143,95,62,1610,536067,0,0,0,0,29.732137494637012,12.634533292749461,0.1531
2517674378,5590084,2H,60,38,01:00:38.124,3747.124662,89,54,1610,776857,0,0,0,0,25.612496949731394,26.604895245420895,0.4083
2517674389,5590084,2H,61,26,01:01:26.476,3795.476317,83,69,1610,536067,0,0,0,0,41.340053217188775,13.671307132195828,0.02245
2517674534,5590084,2H,63,47,01:03:47.546,3936.546073,86,23,1610,447408,0,0,0,0,21.95449840010015,40.459794756891306,0.04916
2517674234,5590084,2H,69,23,01:09:23.940,4272.940257,81,71,13505,657796,0,0,0,0,44.10215414239989,13.048483068286671,0.01463
2517674328,5590084,2H,81,5,01:21:05.676,4974.676111,89,74,13505,406047,0,0,0,0,43.08131845707603,9.216126828284146,0.05432
2517674695,5590084,2H,82,1,01:22:01.379,5030.379728,81,51,1610,776857,0,0,0,0,29.410882339705484,28.855661219716527,0.07211
2517674701,5590084,2H,83,11,01:23:11.018,5100.018117,85,63,1610,536067,0,0,0,0,35.22782990761707,17.241459398939977,0.0421
2517674411,5590084,2H,85,53,01:25:53.313,5262.313349,81,53,13505,406047,0,0,0,0,30.610455730027933,26.778840406955112,0.02262
2517674459,5590084,2H,90,1,01:30:01.206,5510.20694,82,60,13505,657796,0,0,0,0,34.713109915419565,20.22013478538733,0.02061
2517674503,5590084,2H,93,37,01:33:37.746,5726.746833,79,55,13505,408295,0,0,0,0,33.421549934136806,24.31047621114296,0.01723
2436828819,5589022,1H,10,29,00:10:29.592,630.592812,88,40,8742,949495,0,0,0,0,18.027756377319946,51.43164542644399,0.07288
2436828743,5589022,1H,11,15,00:11:15.361,676.361026,94,51,3172,551694,0,0,0,0,20.248456731316587,31.040526177306614,0.5141
2436828803,5589022,1H,16,17,00:16:17.132,978.132595,81,28,3172,22889,0,1,0,0,24.73863375370596,39.130399556985296,0.01722
2436828806,5589022,1H,16,18,00:16:18.966,979.966646,92,30,3172,516161,0,0,0,0,13.601470508735444,66.03751102542181,0.1492
2436828962,5589022,1H,22,9,00:22:09.326,1330.326902,81,40,3172,22889,0,0,0,0,24.73863375370596,39.130399556985296,0.02453
2436829088,5589022,1H,27,46,00:27:46.934,1667.934686,87,31,3172,22889,0,0,0,0,18.24828759089466,52.1250163489018,0.03211
2436829279,5589022,1H,42,4,00:42:04.395,2525.395476,91,33,3172,551694,0,0,0,0,14.035668847618199,65.2825590889166,0.07198
2436829282,5589022,1H,42,40,00:42:40.522,2561.52228,92,51,3172,516161,1,0,0,0,21.400934559032695,31.827446576673108,0.1129
2436829289,5589022,1H,43,56,00:43:56.779,2637.779135,96,40,3172,551694,1,0,0,0,10.816653826391969,77.47119229084849,0.123
2436829453,5589022,2H,47,7,00:47:07.490,2839.490172,89,34,3172,406682,0,0,0,0,16.0,58.71550708558255,0.01898
2436829683,5589022,2H,51,50,00:51:50.671,3122.671112,88,49,3172,516161,0,0,0,0,22.67156809750927,35.24875173219061,0.1372
2436829629,5589022,2H,54,1,00:54:01.234,3253.234084,78,67,3172,522257,0,0,0,0,42.638011210655684,15.631234391322206,0.01984
2436829725,5589022,2H,54,54,00:54:54.445,3306.445808,85,49,8742,562660,0,0,0,0,25.0,33.495184673741186,0.01664
2436829668,5589022,2H,56,47,00:56:47.721,3419.721611,95,47,3172,406682,0,0,0,0,16.401219466856727,43.75463573323165,0.4479
2436829677,5589022,2H,57,32,00:57:32.684,3464.684354,90,35,3172,406682,0,0,0,0,15.033296378372908,61.76255446183274,0.1534
2436829714,5589022,2H,57,58,00:57:58.070,3490.070126,98,53,3172,135807,0,0,0,0,20.248456731316587,20.95577673063219,0.7208
2436829790,5589022,2H,62,35,01:02:35.136,3767.136257,93,48,3172,516161,0,0,0,0,18.439088914585774,39.827323475241776,0.3568
2436829838,5589022,2H,65,28,01:05:28.302,3940.302161,96,59,3172,14869,1,0,0,0,26.570660511172846,14.531273572435616,0.09606
2436829881,5589022,2H,67,38,01:07:38.874,4070.87478,81,37,3172,498456,0,0,0,0,24.186773244895647,40.60129464500447,0.07558
2436829956,5589022,2H,71,58,01:11:58.930,4330.930798,89,51,3172,406682,0,0,0,0,23.345235059857504,31.827446576673108,0.2547
2436829981,5589022,2H,73,49,01:13:49.557,4441.557923,93,59,3172,531972,0,0,0,0,27.730849247724095,17.42986281766783,0.3413
2436830166,5589022,2H,83,52,01:23:52.796,5044.796038,88,33,8742,638959,0,0,0,0,17.029386365926403,55.66666856493495,0.07956
2436830191,5589022,2H,85,8,01:25:08.228,5120.228887,78,36,8742,638959,0,0,0,0,27.073972741361768,36.70080090262258,0.003322
2436830222,5589022,2H,87,13,01:27:13.998,5245.998963,71,31,8742,326772,0,0,0,0,34.132096331752024,29.448014629617532,0.03253
2436830330,5589022,2H,89,7,01:29:07.835,5359.835402,96,28,3172,406682,0,0,0,0,10.816653826391969,77.47119229084849,0.006269
2436830339,5589022,2H,89,28,01:29:28.847,5380.847882,97,47,3172,406682,1,0,0,0,15.264337522473747,43.45184230102203,0.5155
2436830348,5589022,2H,91,38,01:31:38.824,5510.824892,90,60,3172,531972,0,0,0,0,30.01666203960727,18.22507511135446,0.2328
2436830380,5589022,2H,94,3,01:34:03.219,5655.219659,91,53,3172,531972,0,0,0,0,23.600847442411894,27.897271030947625,0.4261
2478099374,5589331,1H,2,43,00:02:43.326,164.326395,92,58,12509,584116,1,0,0,0,27.294688127912362,19.412948895977213,0.1358
2478099396,5589331,1H,4,29,00:04:29.076,270.076073,91,51,12509,344178,1,0,0,0,22.02271554554524,31.954362937051407,0.08769
2478099398,5589331,1H,5,17,00:05:17.378,318.378498,79,57,12509,656404,0,0,0,0,34.713109915419565,22.60538534776412,0.008082
2478099534,5589331,1H,17,20,00:17:20.740,1041.740499,88,37,12509,227059,0,0,0,0,17.26267650163207,54.65762779636891,0.1343
2478099562,5589331,1H,18,55,00:18:55.314,1136.314801,81,65,12509,227059,0,0,0,0,39.20459156782532,16.525796389925638,0.02283
2478099577,5589331,1H,19,33,00:19:33.035,1174.035634,92,39,12509,338232,0,0,0,0,13.92838827718412,64.22382536571382,0.133
2478099653,5589331,1H,27,1,00:27:01.489,1622.489565,80,45,12509,338232,0,0,0,0,27.313000567495326,34.08588699418923,0.02314
2478099657,5589331,1H,27,34,00:27:34.238,1655.238786,95,35,12509,227059,0,0,0,0,10.04987562112089,83.6598082540901,0.1117
2478100542,5589331,1H,35,17,00:35:17.514,2118.514169,93,55,7099,449343,0,1,0,1,24.186773244895647,23.198590513648185,0.4081
2478099729,5589331,1H,37,14,00:37:14.884,2235.884252,85,24,12509,227059,0,0,0,0,22.360679774997898,40.66879405950243,0.01568
2478099787,5589331,1H,42,39,00:42:39.568,2560.568813,78,37,12509,338232,0,0,0,0,27.16615541441225,36.49129668372969,0.002665
2478099873,5589331,2H,47,52,00:47:52.362,3006.362128,92,57,12509,41433,1,0,0,0,26.419689627245813,20.769455259586874,0.24
2478099894,5589331,2H,48,59,00:48:59.612,3073.612236,86,39,12509,807685,0,0,0,0,19.6468827043885,48.27300985546386,0.09449
2478099938,5589331,2H,52,43,00:52:43.159,3297.159414,91,63,12509,171643,0,0,0,0,32.202484376209235,14.767160767390578,0.2685
2478099947,5589331,2H,53,43,00:53:43.996,3357.996242,78,53,12509,5542,0,0,0,0,33.015148038438355,25.71848984634703,0.05965
2478099963,5589331,2H,54,46,00:54:46.030,3420.030929,87,48,12509,41433,0,0,0,0,22.80350850198276,36.428846471419654,0.1891
2478099983,5589331,2H,56,36,00:56:36.973,3530.973628,88,70,12509,488962,0,0,0,0,39.81205847478876,11.500283200649971,0.01856
2478100026,5589331,2H,64,35,01:04:35.234,4009.234146,93,65,12509,171643,0,0,0,0,33.24154027718932,11.911215431971593,0.09394
2478100040,5589331,2H,66,48,01:06:48.999,4142.999117,87,59,12509,807685,0,0,0,0,30.805843601498726,20.46918963248217,0.1255
2478100068,5589331,2H,71,1,01:11:01.038,4395.038659,77,51,12509,807685,0,0,0,0,32.7566787083184,26.933507702415696,0.03344
2478100787,5589331,2H,76,6,01:16:06.131,4700.131846,73,19,7099,54552,0,0,0,0,35.34119409414458,26.250242369688888,0.002031
2478100147,5589331,2H,80,32,01:20:32.201,4966.201674,96,38,12509,502907,0,1,0,0,9.848857801796104,84.35945056784318,0.1384
2478100150,5589331,2H,81,0,01:21:00.198,4994.1986,92,32,12509,344178,1,0,0,0,13.152946437965905,68.5371140752802,0.03604
2478100160,5589331,2H,82,7,01:22:07.486,5061.486726,92,43,12509,171643,1,0,0,0,15.811388300841896,54.16234704572171,0.1298
2478100177,5589331,2H,83,54,01:23:54.137,5168.137336,90,52,12509,535743,1,0,0,0,23.430749027719962,29.981639368849336,0.07842
2478100200,5589331,2H,87,42,01:27:42.382,5396.38246,76,51,12509,5542,0,0,0,0,33.61547262794322,26.455708219145624,0.002738
2478100227,5589331,2H,94,25,01:34:25.472,5799.472798,90,47,12509,535743,1,0,0,0,19.849433241279208,40.78170584465348,0.1366
2478100257,5589331,2H,97,16,01:37:16.107,5970.107616,83,26,12509,502907,0,0,0,0,23.40939982143925,40.29680266918898,0.01788
2543483547,5589100,1H,2,24,00:02:24.063,145.06389,88,39,1609,379209,1,0,0,0,17.72004514666935,52.71297976353103,0.08537
2543483556,5589100,1H,3,42,00:03:42.025,223.025008,98,49,1609,555939,0,0,0,0,16.55294535724685,33.138500646683575,0.4405
2543483600,5589100,1H,7,18,00:07:18.484,439.484865,82,56,1609,302292,0,0,0,0,31.827660925679098,23.95108001823493,0.01785
2543483619,5589100,1H,9,55,00:09:55.127,596.127194,87,58,1609,302292,0,0,0,0,30.0,21.583969241769598,0.01532
2543483842,5589100,1H,16,19,00:16:19.324,980.324849,86,30,3767,475724,0,0,0,0,19.4164878389476,49.1239075603156,0.07818
2543483769,5589100,1H,18,37,00:18:37.439,1118.439729,81,30,1609,555939,0,0,0,0,24.331050121192877,40.21121755638399,0.01589
2543483946,5589100,1H,22,14,00:22:14.007,1335.007319,86,49,3767,758282,0,0,0,0,24.20743687382041,34.10694624141559,0.1838
2543484011,5589100,1H,26,52,00:26:52.077,1613.077314,82,48,3767,346195,0,0,0,0,26.92582403567252,32.7352262721076,0.07537
2543484063,5589100,1H,29,26,00:29:26.378,1767.378777,86,57,3767,631400,0,0,0,0,29.832867780352597,22.915925633349705,0.2019
2543484037,5589100,1H,31,59,00:31:59.366,1920.366737,88,45,1609,339789,0,0,0,0,20.248456731316587,42.92562661914572,0.06436
2543484092,5589100,1H,36,21,00:36:21.358,2182.358547,80,63,1609,379209,0,1,0,1,38.28837943815329,17.999484399432912,0.0523
2543484100,5589100,1H,36,35,00:36:35.783,2196.783086,88,64,1609,491458,0,0,0,0,34.48187929913333,15.43873036961082,0.06756
2543484352,5589100,1H,43,42,00:43:42.124,2623.124392,86,70,3767,758282,0,0,0,0,40.70626487409524,12.2436414006673,0.01227
2543484547,5589100,2H,53,6,00:53:06.687,3318.687289,88,41,3767,758282,0,0,0,0,18.384776310850235,49.974132218828544,0.06771
2543484457,5589100,2H,56,39,00:56:39.031,3531.031449,90,72,1609,520291,0,0,0,0,40.85339643163099,9.64944799140267,0.04753
2543484480,5589100,2H,57,44,00:57:44.239,3596.239098,95,51,1609,491458,1,0,0,0,19.72308292331602,30.302680720488098,0.2386
2543484673,5589100,2H,63,58,01:03:58.603,3970.603068,87,28,3767,396475,0,0,0,0,18.973665961010276,49.26789330029081,0.01934
2543484727,5589100,2H,71,47,01:11:47.284,4439.284312,87,46,3767,396475,0,0,0,0,21.633307652783937,39.93638314696992,0.2619
2543484724,5589100,2H,75,44,01:15:44.976,4676.976219,88,52,1609,520291,0,0,0,0,24.758836806279895,29.906995034339122,0.2101
2543485070,5589100,2H,75,46,01:15:46.526,4678.526183,95,42,1609,520291,0,0,0,0,12.806248474865697,65.24504821803977,0.4241
2543484773,5589100,2H,79,5,01:19:05.831,4877.831029,91,54,1609,520291,0,0,0,0,24.413111231467404,26.07344578829223,0.2458
2543484846,5589100,2H,80,27,01:20:27.485,4959.485796,86,40,3767,286390,0,0,0,0,19.924858845171276,47.26278980713946,0.1368
2543484927,5589100,2H,88,20,01:28:20.860,5432.860569,95,57,1609,446423,1,0,0,0,25.079872407968907,18.183653155713056,0.264
2543484987,5589100,2H,91,15,01:31:15.563,5607.563265,88,50,1609,339789,1,0,0,0,23.345235059857504,33.40416281560302,0.1094
2543485015,5589100,2H,92,39,01:32:39.411,5691.411184,86,41,1609,134717,0,0,0,0,20.248456731316587,46.109913503706764,0.1244
2536671479,5589099,1H,0,32,00:00:32.744,33.744492,93,58,3161,301017,0,0,0,0,26.832815729997478,18.676701732190118,0.1797
2536671614,5589099,1H,3,11,00:03:11.682,192.682986,83,79,676,770398,0,0,0,0,50.08991914547278,9.263219792756056,0.001459
2536671560,5589099,1H,10,25,00:10:25.996,626.996276,72,41,3161,105338,0,0,0,0,33.734255586866,29.334586053011666,0.0005778
2536671777,5589099,1H,11,16,00:11:16.117,677.117141,85,54,676,397303,0,0,0,0,28.284271247461902,26.596917569517,0.05966
2536671936,5589099,1H,18,38,00:18:38.664,1119.664722,91,30,676,397303,0,0,0,0,14.560219778561036,62.53272766139187,0.03983
2536671701,5589099,1H,20,11,00:20:11.716,1212.7165,97,55,3161,330003,0,0,0,0,22.47220505424423,18.75865034784223,0.5547
2536672038,5589099,1H,23,55,00:23:55.589,1436.589653,86,64,676,770398,0,0,0,0,35.510561809129406,16.163200811456928,0.1156
2536672072,5589099,1H,26,0,00:26:00.391,1561.391126,96,65,676,770398,0,0,0,0,32.28002478313795,9.568640165392539,0.05411
2536672126,5589099,1H,29,25,00:29:25.277,1766.277392,88,63,676,360981,0,0,0,0,33.61547262794322,16.262302071936215,0.1747
2536672275,5589099,1H,35,45,00:35:45.213,2146.213898,87,65,676,397303,0,0,0,0,35.84689665786984,15.061661544546185,0.1526
2536672278,5589099,1H,35,48,00:35:48.380,2149.380322,82,56,676,360981,0,0,0,0,31.827660925679098,23.95108001823493,0.09875
2536672313,5589099,1H,37,15,00:37:15.851,2236.851114,94,52,676,397303,0,0,0,0,21.095023109728988,28.544247315417184,0.3134
2536672367,5589099,1H,42,6,00:42:06.298,2527.298536,72,56,676,408307,0,0,0,0,39.66106403010388,21.708655067706026,0.002329
2536672155,5589099,2H,49,8,00:49:08.974,3075.97409,88,36,3161,239291,0,0,0,0,17.11724276862369,55.28537797494747,0.1181
2536672685,5589099,2H,54,25,00:54:25.250,3392.250914,81,61,676,618294,0,0,0,0,36.124783736376884,19.44003482817619,0.02489
2536672717,5589099,2H,56,55,00:56:55.902,3542.902971,88,72,676,770398,0,0,0,0,41.6293165929973,10.493960897512908,0.04609
2536672364,5589099,2H,63,3,01:03:03.092,3910.092392,93,43,3161,330003,1,0,0,0,15.0,56.309932474020215,0.09944
2536672843,5589099,2H,64,56,01:04:56.463,4023.463101,78,48,676,408307,0,0,0,0,30.4138126514911,29.93460172776754,0.02682
2536672896,5589099,2H,69,22,01:09:22.735,4289.735225,87,47,676,776387,0,0,0,0,22.20360331117452,38.181785428348135,0.2684
2536672469,5589099,2H,70,58,01:10:58.740,4385.740165,88,35,3161,301017,0,0,0,0,17.029386365926403,55.66666856493495,0.05114
2536672928,5589099,2H,73,24,01:13:24.605,4531.605134,92,34,676,408307,0,0,0,0,13.0,69.39030706246794,0.1184
2536672565,5589099,2H,76,1,01:16:01.969,4688.969897,77,54,3161,286223,0,0,0,0,34.40930106817051,24.55734967814883,0.01609
2536673069,5589099,2H,87,47,01:27:47.751,5394.751255,76,61,676,770398,0,0,0,0,39.6232255123179,19.319179082973566,0.001903
2536673121,5589099,2H,90,29,01:30:29.650,5556.650031,76,33,676,408307,0,0,0,0,29.017236257093817,34.44776735630735,0.01212
2500125400,5589086,1H,4,58,00:04:58.612,299.612635,90,44,3776,502961,0,0,0,0,18.027756377319946,47.89576197346658,0.2745
2500125459,5589086,1H,12,9,00:12:09.933,730.933247,81,52,2447,384166,0,0,0,0,30.0,27.81041544384634,0.05948
2500125580,5589086,1H,13,31,00:13:31.610,812.610158,92,55,3776,25999,0,0,0,1,24.698178070456937,23.861917233893127,0.3042
2500125517,5589086,1H,16,41,00:16:41.186,1002.186081,92,42,2447,15526,0,0,0,0,15.264337522473747,56.993348723586976,0.4989
2500125544,5589086,1H,18,24,00:18:24.054,1105.054808,86,35,2447,384166,0,0,0,0,19.026297590440446,50.592194778977564,0.1473
2500125549,5589086,1H,19,39,00:19:39.000,1180.000607,95,55,2447,146583,1,0,0,0,23.259406699226016,21.370622269343183,0.2567
2500125553,5589086,1H,19,41,00:19:41.240,1182.240494,97,48,2447,263490,0,0,0,0,16.1245154965971,38.81560876610578,0.8277
2500125557,5589086,1H,19,46,00:19:46.090,1187.090615,95,59,2447,146583,0,0,0,0,26.92582403567252,15.61584287404872,0.5312
2500125598,5589086,1H,22,38,00:22:38.963,1359.963761,89,52,2447,448070,1,0,0,0,24.08318915758459,29.99157850015586,0.1157
2500125958,5589086,1H,27,14,00:27:14.141,1635.141476,79,66,3776,25826,0,0,0,0,41.23105625617661,16.12285393821523,0.00969
2500125968,5589086,1H,28,40,00:28:40.023,1721.023889,89,33,3776,600547,1,0,0,0,16.0312195418814,58.57043438516149,0.05081
2500125690,5589086,1H,29,48,00:29:48.585,1789.585558,91,57,2447,496766,1,0,0,0,26.92582403567252,21.370622269343183,0.04424
2500126067,5589086,1H,33,3,00:33:03.296,1984.296053,74,26,3776,599991,0,0,0,0,32.01562118716424,30.587405557682644,0.001427
2500126082,5589086,1H,33,49,00:33:49.483,2030.483845,91,52,3776,25826,1,0,0,0,22.80350850198276,29.857198290073992,0.1093
2500127015,5589086,1H,44,27,00:44:27.564,2668.564765,90,47,2447,18550,1,0,0,0,19.849433241279208,40.78170584465348,0.1252
2500125990,5589086,1H,45,17,00:45:17.669,2718.66905,92,47,2447,15526,1,0,0,0,18.384776310850235,42.31804415845862,0.1801
2500126069,5589086,2H,46,38,00:46:38.337,2926.337506,80,54,2447,263490,0,0,0,0,32.01562118716424,25.486900306192084,0.02007
2500126221,5589086,2H,57,6,00:57:06.714,3554.714073,77,59,2447,384166,0,0,0,0,37.53664875824692,20.78265885471395,0.004433
2500126661,5589086,2H,60,19,01:00:19.446,3747.446883,76,54,3776,599991,0,0,0,0,35.22782990761707,24.22774531795417,0.02176
2500126284,5589086,2H,61,43,01:01:43.786,3831.786578,91,42,2447,496766,0,0,0,0,16.1245154965971,54.61315693163105,0.2871
2500126296,5589086,2H,62,59,01:02:59.100,3907.100984,90,41,2447,565394,1,0,0,0,16.55294535724685,54.442253634586045,0.08953
2500126312,5589086,2H,64,12,01:04:12.702,3980.702001,85,39,2447,565394,0,0,0,0,20.615528128088304,46.30195267257888,0.107
2500126832,5589086,2H,77,12,01:17:12.456,4760.456987,79,70,3776,599991,0,0,0,0,44.40720662234904,13.900708385730224,0.00263
2500126836,5589086,2H,77,30,01:17:30.248,4778.248639,75,57,3776,426548,0,0,0,0,37.8021163428716,21.830716787894577,0.001911
2500126851,5589086,2H,78,56,01:18:56.904,4864.904374,95,53,3776,502961,0,0,0,0,21.470910553583888,25.34617594194669,0.498
2500126910,5589086,2H,83,57,01:23:57.546,5165.546834,95,55,3776,134308,1,0,0,0,23.259406699226016,21.370622269343183,0.4052
2500126663,5589086,2H,90,0,01:30:00.297,5528.297113,87,48,2447,263490,0,0,0,0,22.80350850198276,36.428846471419654,0.1822
2427891283,5589023,1H,5,23,00:05:23.998,324.998553,90,57,1614,388267,1,0,0,0,27.459060435491963,21.86009912473741,0.1029
2427891293,5589023,1H,7,5,00:07:05.781,426.781059,81,64,19830,137669,0,0,0,0,38.41874542459709,17.20657258804145,0.04752
2427891305,5589023,1H,7,46,00:07:46.152,467.152891,96,55,19830,235606,1,0,0,0,22.847319317591726,20.170653411850406,0.3054
2427891303,5589023,1H,7,47,00:07:47.504,468.504262,98,49,19830,603143,1,0,0,0,16.55294535724685,33.138500646683575,0.7692
2427891414,5589023,1H,14,53,00:14:53.126,894.12603,85,50,19830,618580,0,0,0,0,25.612496949731394,32.050145526721174,0.1567
2427891453,5589023,1H,17,4,00:17:04.480,1025.480831,84,51,1614,491344,0,0,0,0,27.018512172212592,30.217998367629356,0.06564
2427891775,5589023,1H,36,39,00:36:39.337,2200.337499,90,64,1614,388267,0,0,0,0,33.54101966249684,14.500166766552566,0.1628
2427891926,5589023,1H,47,5,00:47:05.961,2826.961043,88,53,1614,301047,0,0,0,0,25.495097567963924,28.270723386162697,0.1031
2427891844,5589023,1H,48,6,00:48:06.992,2887.992602,87,64,19830,618580,0,0,0,0,34.9857113690718,15.826154076172545,0.1192
2427891990,5589023,2H,46,43,00:46:43.002,3001.002489,89,65,1614,491344,0,0,0,0,34.88552708502482,14.225963898751795,0.1786
2427892215,5589023,2H,58,41,00:58:41.559,3719.559987,93,63,1614,421696,1,0,0,0,31.38470965295043,13.438188158350647,0.05704
2427892114,5589023,2H,60,53,01:00:53.214,3851.214473,88,35,19830,137669,0,0,0,0,17.029386365926403,55.66666856493495,0.114
2427892120,5589023,2H,60,58,01:00:58.908,3856.908094,81,34,19830,784842,0,0,0,0,24.0,41.112090439166934,0.05175
2427892414,5589023,2H,68,44,01:08:44.197,4322.197509,92,67,1614,421696,0,0,0,0,35.4682957019364,11.244387404297473,0.1025
2427892294,5589023,2H,74,32,01:14:32.828,4670.828361,90,33,19830,257800,0,1,0,1,15.033296378372908,61.76255446183274,0.08351
2427892297,5589023,2H,75,36,01:15:36.479,4734.479947,89,53,19830,282772,0,0,0,0,24.839484696748443,28.24973549497429,0.1607
2427892490,5589023,2H,88,19,01:28:19.946,5497.946567,94,33,19830,257800,0,0,0,0,11.045361017187261,78.30106239119735,0.1445
2427892704,5589023,2H,92,33,01:32:33.071,5751.071633,88,39,1614,600432,0,0,0,0,17.72004514666935,52.71297976353103,0.152
2493295095,5589330,1H,4,43,00:04:43.971,284.971922,89,33,11255,285405,0,0,0,0,16.0312195418814,58.57043438516149,0.06066
2493295109,5589330,1H,5,24,00:05:24.335,325.335481,92,54,11255,771978,1,0,0,0,23.853720883753127,25.618099730304525,0.05959
2493295216,5589330,1H,11,44,00:11:44.395,705.395653,89,34,11255,37840,0,0,0,0,16.0,58.71550708558255,0.2085
2493296415,5589330,1H,13,23,00:13:23.525,804.525402,76,28,3162,116349,0,0,0,0,29.614185789921695,33.25601689384038,0.006512
2493295255,5589330,1H,14,37,00:14:37.642,878.642121,94,47,11255,786642,1,0,0,0,17.029386365926403,43.451842301022026,0.2503
2493295415,5589330,1H,20,6,00:20:06.137,1207.137816,89,71,11255,786642,0,0,0,0,40.311288741492746,10.565873271131494,0.007449
2493295328,5589330,1H,20,56,00:20:56.943,1257.943595,83,61,3162,3360,0,0,0,0,34.828149534535996,19.28102752266113,0.09373
2493295341,5589330,1H,22,46,00:22:46.416,1367.416093,84,50,3162,492443,0,1,0,0,26.40075756488817,31.53479190518829,0.1665
2493295366,5589330,1H,25,5,00:25:05.065,1506.065736,79,22,3162,532604,0,0,0,0,28.635642126552707,32.34559893761429,0.01908
2493295725,5589330,1H,34,23,00:34:23.216,2064.216088,92,33,11255,356092,0,0,0,0,13.038404810405298,69.1760942750764,0.007371
2493295788,5589330,1H,39,41,00:39:41.128,2382.128621,84,68,11255,285405,0,0,0,0,39.96248240537617,14.000667080376248,0.02762
2493295790,5589330,1H,39,43,00:39:43.459,2384.459583,91,49,11255,37840,0,0,0,0,20.518284528683193,36.54497232282255,0.5986
2493295923,5589330,1H,47,6,00:47:06.523,2827.523058,75,55,11255,628124,0,0,0,0,36.61966684720111,23.198590513648185,0.03983
2493295777,5589330,2H,47,56,00:47:56.003,3013.003951,88,74,3162,475110,0,0,0,0,43.46262762420146,9.606152085782563,0.004153
2493295809,5589330,2H,48,55,00:48:55.610,3072.610641,96,35,3162,3360,0,0,0,0,9.055385138137417,89.64632684075355,0.061
2493296034,5589330,2H,51,20,00:51:20.035,3217.035408,87,39,11255,564674,0,0,0,0,18.681541692269406,50.40379136024971,0.04703
2493295838,5589330,2H,53,21,00:53:21.069,3338.069247,86,39,3162,475110,0,0,0,0,19.6468827043885,48.27300985546386,0.1149
2493295935,5589330,2H,59,44,00:59:44.368,3721.368095,90,61,3162,428012,0,0,1,0,30.886890422961002,17.185706144224763,0.0803
2493295980,5589330,2H,63,9,01:03:09.595,3926.595141,79,39,3162,532604,0,0,0,0,26.476404589747453,37.04691802856159,0.003105
2493296162,5589330,2H,72,31,01:12:31.300,4488.300895,75,36,3162,428012,0,0,0,0,30.066592756745816,33.27032573464446,0.004368
2493296197,5589330,2H,73,12,01:13:12.289,4529.289673,97,46,3162,116349,1,0,0,0,14.422205101855956,48.58949674083819,0.5421
2493296241,5589330,2H,76,6,01:16:06.075,4703.075654,93,45,3162,146588,1,0,0,0,16.278820596099706,49.57392125990087,0.1914
2493296515,5589330,2H,87,36,01:27:36.037,5393.037593,87,35,11255,628124,0,0,0,0,18.027756377319946,53.017093073655325,0.0145
2493296563,5589330,2H,92,48,01:32:48.356,5705.356763,94,40,11255,481264,1,0,0,0,12.529964086141668,69.00128096561299,0.1841
2304574142,5588929,1H,3,57,00:03:57.284,238.284572,86,68,2975,422515,0,0,0,0,38.948684188300895,13.396093798402946,0.08815
2304574154,5588929,1H,3,59,00:03:59.704,240.704046,91,45,2975,590472,1,0,0,0,17.804493814764857,46.877877447285364,0.3962
2304574174,5588929,1H,14,8,00:14:08.224,849.224254,95,38,679,550459,0,0,0,0,10.770329614269007,78.99645914825051,0.1017
2304574189,5588929,1H,14,43,00:14:43.589,884.589253,95,53,679,3682,0,0,0,1,21.470910553583888,25.34617594194669,0.6994
2304574508,5588929,1H,20,47,00:20:47.562,1248.562952,74,53,2975,626551,0,0,0,0,36.359317925395686,24.210465577990906,0.01037
2304574354,5588929,1H,24,16,00:24:16.489,1457.489859,86,58,679,279538,0,0,0,0,30.610455730027933,21.778324967249148,0.04495
2304574357,5588929,1H,24,22,00:24:22.420,1463.420983,80,37,679,3682,0,0,0,0,25.179356624028344,39.1367391051011,0.07088
2304574360,5588929,1H,24,55,00:24:55.030,1496.030364,85,56,679,254408,0,0,0,0,29.732137494637012,24.147590652790825,0.1506
2304574364,5588929,1H,25,25,00:25:25.669,1526.669743,97,63,679,254408,0,0,0,0,30.083217912982647,9.912751446723835,0.07698
2304574406,5588929,1H,27,45,00:27:45.107,1666.107249,90,48,679,3682,0,0,0,0,20.518284528683193,38.453709216705974,0.2217
2304574480,5588929,1H,31,1,00:31:01.014,1862.01462,82,58,679,279538,0,0,0,0,33.24154027718932,22.01332969502579,0.00128
2304574577,5588929,1H,35,39,00:35:39.768,2140.768192,92,43,679,281069,1,0,0,0,15.811388300841896,54.16234704572171,0.07546
2304574723,5588929,1H,45,3,00:45:03.614,2704.614941,92,41,679,227894,1,0,0,0,14.7648230602334,59.65230337632571,0.02933
2304574730,5588929,1H,45,46,00:45:46.197,2747.19795,53,68,679,254408,0,0,0,0,62.12889826803627,13.91131516584475,0.001665
2304575855,5588929,2H,47,3,00:47:03.806,2979.806765,87,70,679,254408,0,0,0,0,40.24922359499622,11.888658039627972,0.02185
2304574837,5588929,2H,52,21,00:52:21.287,3297.287315,74,48,679,3682,0,0,0,0,34.0147027033899,27.41068393279762,0.08318
2304574926,5588929,2H,56,31,00:56:31.802,3547.802372,86,36,679,471991,0,0,0,0,19.1049731745428,50.29344225303053,0.03059
2304575080,5588929,2H,67,5,01:07:05.608,4181.608069,90,37,679,495674,0,0,0,0,15.297058540778355,60.4612177404419,0.2002
2304575121,5588929,2H,70,45,01:10:45.997,4401.997345,88,45,679,55224,1,0,0,0,20.248456731316587,42.92562661914572,0.05273
2304575617,5588929,2H,71,23,01:11:23.089,4439.089885,90,40,2975,626551,0,0,0,0,16.15549442140351,56.309932474020215,0.1852
2304575696,5588929,2H,76,45,01:16:45.051,4761.051369,88,44,2975,56274,1,0,0,0,19.72308292331602,44.81336945643444,0.03152
2304575304,5588929,2H,80,41,01:20:41.320,4997.320577,94,29,679,3682,0,0,0,0,12.083045973594572,71.82587993453092,0.05239
2304575467,5588929,2H,86,49,01:26:49.912,5365.912998,86,46,679,55224,1,0,0,0,22.47220505424423,38.88977861121536,0.06772
2304575501,5588929,2H,89,23,01:29:23.193,5519.193086,94,54,679,227894,1,0,0,0,22.825424421026653,24.22774531795417,0.2077
2438948852,5589296,1H,18,16,00:18:16.497,1098.497002,80,57,9606,532771,0,0,0,0,33.97057550292606,22.75244122094837,0.009438
2438948887,5589296,1H,20,32,00:20:32.083,1234.083968,90,59,9606,472669,1,0,0,0,29.154759474226502,19.34644621554769,0.06907
2438949272,5589296,1H,36,41,00:36:41.008,2203.00808,93,50,9606,584520,1,0,0,0,20.0,34.10255701216545,0.1377
2438949005,5589296,1H,40,19,00:40:19.401,2421.40132,83,60,13270,627560,0,1,0,0,34.058772731852805,20.153464392028486,0.263
2438949560,5589296,2H,52,4,00:52:04.557,3136.557056,88,62,9606,447939,0,0,0,1,32.7566787083184,17.14330670979871,0.1319
2438949637,5589296,2H,57,10,00:57:10.199,3442.199618,91,52,9606,584520,1,0,0,0,22.80350850198276,29.857198290073992,0.1318
2438949672,5589296,2H,59,2,00:59:02.438,3554.438408,90,41,9606,447939,0,0,0,0,16.55294535724685,54.442253634586045,0.2236
2438949404,5589296,2H,61,3,01:01:03.601,3675.601208,79,66,13270,543960,0,0,0,0,41.23105625617661,16.12285393821523,0.04132
2438949981,5589296,2H,81,15,01:21:15.116,4887.11628,81,27,9606,594963,0,0,0,0,25.0,38.45370921670597,0.001839
2438949982,5589296,2H,81,16,01:21:16.266,4888.266323,86,31,9606,360699,0,0,0,0,19.235384061671343,49.8012126883005,0.1925
2438949738,5589296,2H,82,19,01:22:19.170,4951.17036,94,44,13270,134109,1,0,0,0,14.866068747318506,54.73698827040275,0.1962
2438950016,5589296,2H,85,35,01:25:35.160,5147.160356,72,46,9606,698578,0,0,0,0,35.11409973215888,27.276763383113682,0.005171
2321987640,5588949,1H,7,0,00:07:00.631,421.631827,91,62,5072,569212,0,0,0,0,31.304951684997057,15.658792950275346,0.1234
2321987684,5588949,1H,8,32,00:08:32.395,513.395094,69,64,5072,676907,0,0,0,0,46.861498055439924,17.03417287910927,0.009707
2321987727,5588949,1H,11,46,00:11:46.467,707.4678,80,49,5072,621859,0,0,0,0,29.154759474226502,30.335127391296773,0.01213
2321987805,5588949,1H,15,25,00:15:25.711,926.71179,80,31,5072,590629,0,1,0,0,25.179356624028344,39.1367391051011,0.03826
2321988087,5588949,1H,22,59,00:22:59.220,1380.220937,86,25,5072,590629,0,1,0,0,21.02379604162864,43.45184230102203,0.07601
2321987774,5588949,1H,25,28,00:25:28.489,1529.489658,73,46,8742,949495,0,0,0,0,34.17601498127012,27.919062941979732,0.05317
2321987814,5588949,1H,28,43,00:28:43.488,1724.488627,83,54,8742,949495,0,0,0,0,29.732137494637012,26.250242369688888,0.0009912
2321987818,5588949,1H,28,45,00:28:45.675,1726.675296,83,69,8742,898049,0,0,0,0,41.340053217188775,13.671307132195828,0.08234
2321987834,5588949,1H,29,35,00:29:35.812,1776.812107,79,68,8742,898049,0,0,0,0,42.80186911806539,14.963998205731043,0.009005
2321988209,5588949,1H,31,31,00:31:31.573,1892.573178,69,26,5072,621859,0,0,0,0,36.87817782917155,26.86886250674754,0.008127
2321988031,5588949,1H,39,1,00:39:01.006,2342.006423,89,67,8742,559344,0,0,0,0,36.6742416417845,12.835609486401438,0.05035
2321988151,5588949,1H,46,1,00:46:01.905,2762.90539,86,33,8742,326772,0,0,0,0,19.026297590440446,50.592194778977564,0.003775
2321988798,5588949,2H,55,28,00:55:28.152,3406.152268,92,36,5072,590629,0,0,0,0,13.152946437965905,68.5371140752802,0.2046
2321988816,5588949,2H,55,50,00:55:50.133,3428.133234,91,59,5072,569212,0,0,0,0,28.653097563788805,18.80579011375007,0.3481
2321988534,5588949,2H,68,19,01:08:19.727,4177.727544,77,60,8742,523123,0,0,0,0,38.2099463490856,20.076460051532482,0.02805
2321989026,5588949,2H,73,59,01:13:59.083,4517.083239,90,38,5072,590629,0,0,0,0,15.524174696260024,59.34933204294713,0.01643
2321988606,5588949,2H,75,54,01:15:54.431,4632.431894,93,49,8742,523123,1,0,0,0,19.209372712298546,36.86989764584401,0.1377
2321989100,5588949,2H,81,16,01:21:16.850,4954.850914,80,41,5072,563527,0,0,0,0,25.96150997149434,37.19316433109369,0.003256
2321989214,5588949,2H,83,7,01:23:07.568,5065.568093,92,70,5072,482182,0,0,0,0,38.27531841800928,9.596535547721976,0.05955
2321988720,5588949,2H,86,57,01:26:57.123,5295.123848,82,64,8742,484457,0,0,0,0,37.8021163428716,17.072856302565697,0.04931
2321989149,5588949,2H,88,51,01:28:51.706,5409.706281,86,45,5072,633224,0,0,0,0,21.95449840010015,40.459794756891306,0.01581
2361429216,5588970,1H,8,37,00:08:37.049,518.049498,90,27,3166,473327,0,0,0,0,16.55294535724685,54.442253634586045,0.05504
2361429010,5588970,1H,14,6,00:14:06.737,847.737909,89,39,19830,282772,0,0,0,0,16.76305461424021,55.22216863363612,0.2299
2361429339,5588970,1H,15,55,00:15:55.022,956.022688,86,45,3166,633804,0,0,0,0,21.95449840010015,40.459794756891306,0.1535
2361429316,5588970,1H,34,34,00:34:34.062,2075.062821,89,31,19830,603143,0,0,0,0,16.278820596099706,57.425942865427494,0.008246
2361429636,5588970,1H,39,10,00:39:10.057,2351.057349,94,59,3166,523944,0,0,0,0,27.313000567495326,16.580603225661168,0.15
2361429442,5588970,1H,41,24,00:41:24.013,2485.013035,87,43,19830,618580,0,0,0,0,20.12461179749811,45.0,0.1774
2361429453,5588970,1H,41,42,00:41:42.036,2503.036119,79,51,19830,837096,0,0,0,0,31.064449134018133,27.897271030947625,0.02187
2361429561,5588970,1H,47,23,00:47:23.253,2844.253091,73,56,19830,784842,0,0,0,0,38.8329756778952,21.98117120704919,0.003516
2361429609,5588970,2H,45,38,00:45:38.155,2926.155109,85,64,19830,618580,0,1,0,1,36.05551275463989,16.453137274920454,0.148
2361429659,5588970,2H,47,51,00:47:51.090,3059.090024,76,62,19830,683169,0,0,0,0,40.311288741492746,18.67951605104533,0.006665
2361429944,5588970,2H,54,31,00:54:31.579,3459.579912,93,72,3166,633804,0,0,0,0,39.84971769034255,8.156714418899558,0.02887
2361429941,5588970,2H,55,9,00:55:09.520,3497.520407,76,44,3166,633804,0,0,0,0,30.675723300355934,31.256777057097374,0.01347
2361430211,5588970,2H,70,58,01:10:58.913,4446.913905,87,47,3166,539976,0,0,0,0,22.20360331117452,38.181785428348135,0.1053
2361430213,5588970,2H,71,0,01:11:00.681,4448.681408,83,45,3166,373768,0,0,0,0,24.596747752497688,37.07926009835893,0.123
2361430444,5588970,2H,86,0,01:26:00.331,5348.331666,94,55,19830,235606,0,0,0,0,23.706539182259394,22.374143649752707,0.3757
2364404866,5588985,1H,4,44,00:04:44.381,285.38197,81,38,3172,498456,0,0,0,0,24.331050121192877,40.21121755638399,0.0149
2364404931,5588985,1H,7,36,00:07:36.105,457.105345,88,62,3172,135807,0,0,0,0,32.7566787083184,17.14330670979871,0.1284
2364404370,5588985,1H,8,24,00:08:24.361,505.361733,74,42,2445,574907,0,0,0,0,32.01562118716424,30.587405557682644,0.0244
2364404402,5588985,1H,10,35,00:10:35.190,636.190617,94,54,2445,634767,1,0,0,0,22.825424421026653,24.22774531795417,0.2035
2364405391,5588985,1H,27,1,00:27:01.558,1622.55899,80,80,3172,551694,0,0,0,0,52.354560450833695,9.601982576185126,0.005148
2364404579,5588985,1H,37,1,00:37:01.770,2222.770176,73,50,2445,584765,0,0,0,0,35.77708763999664,25.65964516417847,0.1023
2364404677,5588985,1H,44,8,00:44:08.622,2649.622132,90,38,2445,373581,0,0,0,0,15.524174696260024,59.34933204294713,0.1264
2364405645,5588985,1H,45,38,00:45:38.228,2739.228734,89,53,3172,551694,1,0,0,0,24.839484696748443,28.24973549497429,0.1319
2364405690,5588985,2H,50,59,00:50:59.154,3172.154729,93,49,3172,406682,0,0,0,0,19.209372712298546,36.86989764584401,0.4953
2364405724,5588985,2H,58,4,00:58:04.030,3597.030437,75,47,3172,498456,0,0,0,0,32.69556544854363,28.659194368853345,0.004337
2364405828,5588985,2H,72,19,01:12:19.252,4452.252347,94,43,3172,516161,1,0,0,0,14.212670403551895,58.57043438516149,0.2213
2364405432,5588985,2H,82,0,01:22:00.077,5033.07731,86,68,2445,849923,0,0,0,0,38.948684188300895,13.396093798402946,0.02704
2364405524,5588985,2H,86,47,01:26:47.046,5320.046592,80,77,2445,272378,0,0,0,0,49.73932046178355,10.650010270282023,0.009523
2364405929,5588985,2H,87,34,01:27:34.273,5367.273441,85,58,3172,487020,0,0,0,0,31.240998703626616,21.91169958980961,0.1437
2364405573,5588985,2H,90,33,01:30:33.218,5546.218063,76,39,2445,584765,0,0,0,0,29.427877939124322,33.62264092631693,0.001939
2364405593,5588985,2H,92,5,01:32:05.217,5638.217418,87,32,2445,542209,0,0,0,0,18.110770276274835,52.68007112197176,0.03917
2439809198,5589053,1H,0,28,00:00:28.472,29.47217,81,53,1612,635038,0,0,0,0,30.610455730027933,26.778840406955112,0.1371
2439809171,5589053,1H,2,27,00:02:27.264,148.264053,78,54,11,631024,0,0,0,0,33.60059523282288,24.87906266680477,0.006695
2439810836,5589053,1H,5,1,00:05:01.210,302.210111,76,43,1612,447804,0,0,0,0,30.364452901377952,31.827446576673108,0.06185
2439809383,5589053,1H,15,41,00:15:41.562,942.562561,82,49,1612,776649,0,0,0,0,27.459060435491963,31.598001246499646,0.09506
2439809844,5589053,1H,34,33,00:34:33.043,2074.043127,89,57,11,595191,0,0,0,0,28.0178514522438,22.24902365721236,0.2928
2439809735,5589053,1H,39,18,00:39:18.588,2359.588722,84,64,1612,447804,0,0,0,0,36.61966684720111,16.69924423399363,0.04508
2439809736,5589053,1H,39,20,00:39:20.807,2361.80792,94,44,1612,635038,0,0,0,0,14.866068747318506,54.73698827040275,0.684
2439809973,5589053,1H,44,49,00:44:49.615,2690.615115,97,39,11,631024,0,0,0,0,9.433981132056603,86.82016988013578,0.2827
2439810043,5589053,1H,50,3,00:50:03.933,3004.933105,99,43,11,550283,0,0,0,0,10.816653826391969,71.56505117707799,0.3336
2439810247,5589053,2H,53,36,00:53:36.192,3673.192014,81,42,11,446065,0,0,0,0,25.298221281347036,37.697157470022006,0.007789
2439810182,5589053,2H,60,45,01:00:45.537,4102.537351,87,19,1612,447804,0,0,0,0,23.430749027719962,34.69515353123396,0.05752
2439810605,5589053,2H,73,14,01:13:14.457,4851.457584,87,35,11,631024,0,0,0,0,18.027756377319946,53.017093073655325,0.166
2439810527,5589053,2H,82,2,01:22:02.647,5379.647475,79,39,1612,631618,0,0,0,0,26.476404589747453,37.04691802856159,0.04627
2439810746,5589053,2H,90,1,01:30:01.925,5858.925748,97,69,11,539734,0,0,0,0,35.90264614203248,6.797882500286347,0.05927
2439810786,5589053,2H,92,49,01:32:49.755,6026.755741,90,57,11,745041,1,0,0,0,27.459060435491963,21.86009912473741,0.1207
2439810825,5589053,2H,95,49,01:35:49.752,6206.752973,70,13,11,681103,0,0,0,0,40.8166632639171,21.676650228953235,0.03722
2518839614,5589096,1H,10,32,00:10:32.897,633.897027,88,53,3767,396475,0,0,0,0,25.495097567963924,28.270723386162697,0.3145
2518839539,5589096,1H,17,36,00:17:36.567,1057.567279,82,51,1614,491344,0,0,0,0,28.600699292150182,29.324523618973735,0.03825
2518839622,5589096,1H,18,43,00:18:43.151,1124.151379,98,34,1614,400549,0,0,0,0,7.0,104.2500326978036,0.04937
2518839678,5589096,1H,23,28,00:23:28.924,1409.924603,85,68,1614,491344,0,0,0,0,39.44616584663204,13.715902990665512,0.03977
2518840048,5589096,1H,26,59,00:26:59.837,1620.837828,86,46,3767,616353,0,0,0,0,22.47220505424423,38.88977861121536,0.08716
2518839814,5589096,1H,33,45,00:33:45.706,2026.706194,91,41,1614,263802,0,0,0,0,15.652475842498529,56.94417718844633,0.3153
2518840343,5589096,1H,39,19,00:39:19.771,2360.771339,88,64,3767,346195,0,0,0,0,34.48187929913333,15.43873036961082,0.1375
2518839983,5589096,2H,48,38,00:48:38.167,2993.167654,93,35,1614,223794,1,0,0,0,12.041594578792296,73.49563861824498,0.1028
2518840041,5589096,2H,51,25,00:51:25.429,3160.429514,90,49,1614,397178,0,0,0,0,21.213203435596427,36.19320730556469,0.3104
2518840628,5589096,2H,53,17,00:53:17.829,3272.829791,83,52,3767,475724,0,0,0,0,28.42534080710379,28.57731837234341,0.0108
2518840633,5589096,2H,53,33,00:53:33.090,3288.090844,73,49,3767,472577,0,0,0,0,35.34119409414458,26.250242369688888,0.004661
2518840064,5589096,2H,54,7,00:54:07.559,3322.559359,74,36,1614,223794,0,0,0,0,31.064449134018133,32.26101062355075,0.04471
2518840082,5589096,2H,56,15,00:56:15.636,3450.636064,84,41,1614,397178,0,1,0,0,22.135943621178654,42.74428030898894,0.1457
2518840102,5589096,2H,57,0,00:57:00.695,3495.695625,87,53,1614,412027,0,0,0,0,26.1725046566048,28.21016962881526,0.145
2518840122,5589096,2H,59,4,00:59:04.202,3619.202313,91,49,1614,263802,1,0,0,0,20.518284528683193,36.54497232282255,0.0872
2518840137,5589096,2H,59,43,00:59:43.149,3658.149418,86,54,1614,263802,0,0,0,0,27.586228448267445,26.699706110158193,0.03246
2518840143,5589096,2H,59,44,00:59:44.077,3659.077137,94,45,1614,400549,1,0,0,0,15.556349186104045,50.88435978826091,0.4385
2518840716,5589096,2H,62,50,01:02:50.850,3845.85029,76,77,3767,396475,0,1,0,0,51.86520991955976,11.314155646380305,0.01036
2518840760,5589096,2H,64,57,01:04:57.059,3972.059703,93,73,3767,286390,0,0,0,0,40.80441152620633,7.765166018425343,0.0677
2518840264,5589096,2H,69,14,01:09:14.861,4229.861637,85,57,1614,288091,0,1,0,1,30.479501308256342,23.002596593357843,0.365
2518840852,5589096,2H,75,55,01:15:55.656,4630.656546,93,34,3767,286390,0,0,0,0,12.0,73.73979529168804,0.1338
2518840878,5589096,2H,77,38,01:17:38.789,4733.789876,81,67,3767,286390,0,0,0,0,40.80441152620633,15.255118703057784,0.03006
2518840424,5589096,2H,78,48,01:18:48.366,4803.366306,81,47,1614,491344,0,0,0,0,27.294688127912362,33.04812486997523,0.005358
2518840915,5589096,2H,82,47,01:22:47.971,5042.971233,95,70,3767,396475,0,1,0,0,37.36308338453881,7.794329120511425,0.09305
2518840919,5589096,2H,83,31,01:23:31.101,5086.101597,86,28,3767,475724,0,0,0,0,19.924858845171276,47.26278980713946,0.008614
2518840954,5589096,2H,88,15,01:28:15.060,5370.060564,93,64,3767,758282,0,1,0,1,32.31098884280702,12.642152327889846,0.1683
2518840959,5589096,2H,89,1,01:29:01.691,5416.691295,80,34,3767,475724,0,0,0,0,25.0,39.597752709049864,0.0274
2518840597,5589096,2H,92,33,01:32:33.654,5628.654503,86,37,1614,551573,0,0,0,0,19.235384061671343,49.8012126883005,0.1083
2461634656,5589314,1H,4,29,00:04:29.545,270.545491,69,41,10183,424256,0,0,0,0,36.6742416417845,27.142319094442417,0.002601
2461634903,5589314,1H,9,9,00:09:09.464,550.4641,90,36,11255,628124,0,0,0,0,15.132745950421556,61.270731215544814,0.06001
2461634721,5589314,1H,11,29,00:11:29.597,690.597669,82,56,10183,487737,0,0,0,0,31.827660925679098,23.95108001823493,0.1863
2461636297,5589314,1H,20,0,00:20:00.224,1201.224351,79,73,11255,285405,0,0,0,0,46.87216658103186,12.471454595661779,0.01341
2461635069,5589314,1H,20,6,00:20:06.556,1207.556236,83,55,11255,771978,0,0,0,0,30.4138126514911,25.135702596589994,0.02771
2461635119,5589314,1H,23,8,00:23:08.306,1389.306181,87,62,11255,37840,0,0,0,0,33.28663395418648,17.509546811150354,0.0972
2461635173,5589314,1H,26,22,00:26:22.889,1583.889581,87,57,11255,564674,0,0,0,0,29.206163733020468,22.76726280611052,0.1681
2461635177,5589314,1H,26,55,00:26:55.852,1616.852289,93,53,11255,786642,1,0,0,0,22.47220505424423,26.995838394086622,0.147
2461635178,5589314,1H,26,57,00:26:57.127,1618.127792,97,49,11255,564674,0,0,0,0,17.0,34.69515353123397,0.832
2461635195,5589314,1H,26,58,00:26:58.341,1619.341754,99,46,11255,382781,0,0,0,0,13.416407864998739,47.48955292199916,0.887
2461635257,5589314,1H,31,10,00:31:10.725,1871.725961,83,49,11255,628124,0,0,0,0,26.627053911388696,32.23443421894138,0.01238
2461635330,5589314,1H,34,52,00:34:52.640,2093.640859,92,42,11255,564674,0,0,0,0,15.264337522473747,56.993348723586976,0.4088
2461636299,5589314,1H,38,0,00:38:00.710,2281.710826,96,52,11255,786642,0,0,0,0,20.12461179749811,26.565051177077994,0.584
2461635347,5589314,1H,46,45,00:46:45.953,2806.953275,82,41,10183,346010,0,0,0,0,24.041630560342615,39.794229885067104,0.004018
2461635354,5589314,1H,46,48,00:46:48.147,2809.147136,76,37,10183,234688,0,0,0,0,29.154759474226502,34.16880357254231,0.05847
2461635485,5589314,2H,50,35,00:50:35.304,3157.304605,79,68,10183,331487,0,0,0,0,42.80186911806539,14.963998205731043,0.01036
2461635486,5589314,2H,50,37,00:50:37.889,3159.889258,76,54,10183,331487,0,0,0,0,35.22782990761707,24.22774531795417,0.06266
2461635669,5589314,2H,59,17,00:59:17.543,3679.543191,87,57,10183,80985,1,0,0,0,29.206163733020468,22.76726280611052,0.06336
2461635760,5589314,2H,66,21,01:06:21.290,4103.290139,81,32,11255,356092,0,0,0,0,24.08318915758459,40.88376949447557,0.06355
2461635797,5589314,2H,68,16,01:08:16.824,4218.824051,79,32,11255,693873,0,0,0,0,26.076809620810597,38.00058859708199,0.0001961
2461635956,5589314,2H,75,31,01:15:31.937,4653.937842,83,51,10183,397171,0,0,0,0,27.80287754891569,29.780535168826198,0.03755
2461636191,5589314,2H,88,41,01:28:41.531,5443.531744,84,49,11255,693873,0,0,0,0,25.80697580112788,32.868678933367505,0.2933
2461636241,5589314,2H,92,32,01:32:32.459,5674.459888,75,56,10183,565801,0,0,0,0,37.20215047547655,22.51049813699018,0.009294
2461636261,5589314,2H,93,10,01:33:10.248,5712.248456,93,66,10183,397171,0,0,0,1,34.17601498127012,11.238959150457239,0.1364
2510005216,5589341,1H,15,17,00:15:17.805,918.805806,86,35,3766,209091,0,0,0,0,19.026297590440446,50.592194778977564,0.05182
2510005400,5589341,1H,17,40,00:17:40.966,1061.966207,87,45,1611,579408,0,0,0,0,21.095023109728988,41.67259575827343,0.1561
2510005313,5589341,1H,19,38,00:19:38.304,1179.304722,81,54,3766,578270,0,0,0,0,31.240998703626616,25.765746973809794,0.01214
2510005472,5589341,1H,22,38,00:22:38.597,1359.597946,87,56,1611,243588,0,0,0,0,28.42534080710379,24.02096149364637,0.124
2510005480,5589341,1H,23,23,00:23:23.478,1404.478862,87,49,1611,40756,0,0,0,0,23.430749027719962,34.69515353123396,0.1208
2510005455,5589341,1H,28,41,00:28:41.515,1722.515839,92,67,3766,582972,0,0,0,0,35.4682957019364,11.244387404297473,0.1449
2510005481,5589341,1H,29,12,00:29:12.767,1753.767409,78,64,3766,578270,0,0,0,0,40.36087214122113,17.42986281766783,0.0505
2510005694,5589341,1H,32,24,00:32:24.830,1945.830793,84,72,1611,579408,0,0,0,0,43.41658669218482,11.834224824098841,0.04004
2510005653,5589341,1H,36,7,00:36:07.771,2168.771081,87,49,1611,692543,0,0,0,0,23.430749027719962,34.69515353123396,0.02175
2510005861,5589341,1H,49,38,00:49:38.134,2979.134767,89,51,1611,769441,1,0,0,0,23.345235059857504,31.827446576673108,0.2871
2510005891,5589341,2H,52,33,00:52:33.026,3503.026502,91,42,3766,25413,0,0,0,0,16.1245154965971,54.61315693163105,0.3254
2510006127,5589341,2H,60,20,01:00:20.920,3970.920579,80,39,1611,769441,0,0,0,0,25.495097567963924,38.339103257369295,0.08048
2510006104,5589341,2H,63,36,01:03:36.264,4166.264632,86,49,3766,209091,0,0,0,0,24.20743687382041,34.10694624141559,0.07241
2510006158,5589341,2H,64,43,01:04:43.298,4233.298173,90,36,3766,563391,0,0,0,0,15.132745950421556,61.270731215544814,0.1333
2510006215,5589341,2H,68,22,01:08:22.441,4452.441778,89,53,3766,563391,0,0,0,0,24.839484696748443,28.24973549497429,0.287
2510006258,5589341,2H,69,41,01:09:41.372,4531.372202,94,68,3766,279717,0,0,0,0,35.73513677041127,9.400162449919629,0.04628
2510006445,5589341,2H,78,40,01:18:40.556,5070.556997,92,55,1611,692543,0,0,0,0,24.698178070456937,23.861917233893127,0.2611
2510006449,5589341,2H,79,17,01:19:17.223,5107.223367,89,56,1611,40756,1,0,0,0,27.202941017470888,23.606568902437697,0.05685
2510006459,5589341,2H,81,51,01:21:51.564,5261.564627,81,67,3766,582972,0,0,0,0,40.80441152620633,15.255118703057784,0.0351
2510006575,5589341,2H,85,12,01:25:12.492,5462.492782,85,61,3766,25413,0,0,0,0,33.60059523282288,18.9581834051062,0.028
2510006524,5589341,2H,87,27,01:27:27.466,5597.466367,95,40,1611,543793,1,1,0,1,11.661903789690601,73.00917670801384,0.2076
2510006550,5589341,2H,90,48,01:30:48.283,5798.283354,86,47,1611,543793,0,0,0,0,23.021728866442675,37.29625808549044,0.04781
2510006666,5589341,2H,94,12,01:34:12.306,6002.306396,85,37,3766,578270,0,0,0,0,20.223748416156685,47.66300076606714,0.09049
2510006674,5589341,2H,94,28,01:34:28.955,6018.955695,86,48,3766,563391,0,0,0,0,23.600847442411894,35.696769194534774,0.1856
2510006675,5589341,2H,94,30,01:34:30.503,6020.503213,95,48,3766,582972,0,0,0,0,17.204650534085253,39.936383146969916,0.7708
2398713352,5589006,1H,1,30,00:01:30.067,91.06792,94,64,675,353833,0,0,0,1,31.953090617340916,11.89480170028565,0.06793
2398711626,5589006,1H,3,41,00:03:41.966,222.966669,86,47,3172,406682,0,0,0,0,23.021728866442675,37.29625808549044,0.118
2398711729,5589006,1H,6,16,00:06:16.709,377.709175,79,39,675,364005,0,0,0,0,26.476404589747453,37.04691802856159,0.03661
2398711766,5589006,1H,9,58,00:09:58.467,599.467423,88,60,675,353833,0,0,0,0,31.064449134018133,19.093492000485618,0.1632
2398711950,5589006,1H,13,30,00:13:30.471,811.471832,86,67,3172,406682,0,0,0,0,38.07886552931954,14.026395448169028,0.06307
2398711789,5589006,1H,13,42,00:13:42.933,823.933319,82,51,675,353833,0,1,0,1,28.600699292150182,29.324523618973735,0.2899
2398712036,5589006,1H,19,39,00:19:39.877,1180.877647,90,45,3172,516161,0,0,0,0,18.601075237738275,45.53545898556453,0.2459
2398712060,5589006,1H,20,29,00:20:29.714,1230.714747,87,61,3172,498456,0,0,0,0,32.449961479175904,18.434948822922006,0.1238
2398712241,5589006,1H,30,43,00:30:43.615,1844.61552,76,33,3172,406682,0,0,0,0,29.017236257093817,34.44776735630735,0.009837
2398712315,5589006,1H,39,29,00:39:29.270,2370.270021,97,44,675,14748,1,0,0,0,12.806248474865697,60.04132947318065,0.3617
2398712508,5589006,2H,50,19,00:50:19.224,3193.224068,88,53,3172,516161,1,0,0,0,25.495097567963924,28.270723386162697,0.009459
2398712609,5589006,2H,53,58,00:53:58.633,3412.633077,80,28,3172,406682,0,0,0,0,25.709920264364882,37.806529944704465,0.03729
2398712694,5589006,2H,56,3,00:56:03.193,3537.193592,85,40,675,493295,0,0,0,0,20.8806130178211,45.40066325579215,0.1202
2398713363,5589006,2H,58,38,00:58:38.269,3692.269559,86,63,675,617894,0,1,0,0,34.66987164671943,16.966148108536178,0.1149
2398712788,5589006,2H,64,24,01:04:24.801,4038.80124,78,54,3172,405598,0,0,0,0,33.60059523282288,24.87906266680477,0.04822
2398712800,5589006,2H,64,50,01:04:50.185,4064.185416,88,30,3172,406682,0,1,0,0,17.46424919657298,53.794896965443336,0.06043
2398712943,5589006,2H,69,9,01:09:09.126,4323.126451,92,52,675,404397,0,0,0,0,22.20360331117452,29.59489268795477,0.2474
2398712962,5589006,2H,70,5,01:10:05.357,4379.357014,86,38,675,547260,0,0,0,0,19.4164878389476,49.1239075603156,0.04931
2398713038,5589006,2H,75,53,01:15:53.723,4727.723963,86,61,3172,14869,0,0,0,0,33.015148038438355,18.72406131472471,0.02905
2398713060,5589006,2H,77,46,01:17:46.852,4840.852396,81,34,3172,406682,0,0,0,0,24.0,41.112090439166934,0.007083
2398713340,5589006,2H,77,48,01:17:48.826,4842.826194,80,35,3172,522257,0,0,0,0,25.019992006393608,39.546081111408746,0.08158
2398713115,5589006,2H,81,47,01:21:47.576,5081.576038,87,44,3172,590721,0,0,0,0,20.591260281974,43.36832757911374,0.118
2398713158,5589006,2H,85,18,01:25:18.589,5292.589968,97,28,3172,551694,0,0,0,0,10.0,82.4835582837305,0.03577
2398713294,5589006,2H,93,41,01:33:41.401,5795.401693,98,52,3172,551694,0,0,0,0,19.313207915827967,23.34052857055809,0.7001
2429272145,5589276,1H,1,5,00:01:05.543,66.543718,90,36,6709,474105,0,0,0,1,15.132745950421556,61.270731215544814,0.1383
2429272200,5589276,1H,2,52,00:02:52.846,173.846662,84,27,6709,659014,0,0,0,0,22.135943621178654,42.74428030898894,0.01309
2429272525,5589276,1H,22,56,00:22:56.622,1377.622746,88,42,16,578367,0,0,0,0,18.788294228055936,48.3664606634298,0.01194
2429272642,5589276,1H,31,30,00:31:30.738,1891.738899,72,43,6709,606320,0,0,0,0,34.20526275297414,28.61045966596522,0.02023
2429273065,5589276,2H,56,23,00:56:23.380,3585.380111,71,45,16,70159,0,0,0,0,35.73513677041127,27.09908425603008,0.03525
2429273174,5589276,2H,61,47,01:01:47.567,3909.567561,85,37,6709,56259,0,0,0,0,20.223748416156685,47.66300076606714,0.09657
2429273115,5589276,2H,63,4,01:03:04.890,3986.890869,75,72,16,579510,0,0,0,0,48.41487374764082,13.421018438885774,0.004014
2429273118,5589276,2H,63,40,01:03:40.089,4022.08977,92,58,16,526218,1,0,0,0,27.294688127912362,19.412948895977213,0.08262
2429273384,5589276,2H,74,46,01:14:46.118,4688.118992,90,43,6709,474105,1,0,0,0,17.4928556845359,50.19442890773481,0.1095
2429273429,5589276,2H,77,19,01:17:19.772,4841.772634,81,49,6709,56259,0,1,0,0,28.30194339616981,30.96375653207352,0.05221
2429273441,5589276,2H,78,26,01:18:26.096,4908.09626,88,48,6709,56259,0,0,0,0,22.02271554554524,37.14122527591335,0.2425
2429273523,5589276,2H,84,14,01:24:14.895,5256.895035,90,59,6709,492135,0,0,0,0,29.154759474226502,19.34644621554769,0.1482
2429273588,5589276,2H,90,41,01:30:41.379,5643.37956,91,53,6709,474105,1,0,0,0,23.600847442411894,27.897271030947625,0.1269
2434704066,5589054,1H,6,30,00:06:30.217,391.21737,80,31,8742,523123,0,0,0,0,25.179356624028344,39.1367391051011,0.06079
2434704356,5589054,1H,15,7,00:15:07.489,908.489305,85,49,2975,15069,1,0,0,0,25.0,33.495184673741186,0.01879
2434704457,5589054,1H,18,56,00:18:56.612,1137.612161,83,43,2975,743950,0,0,0,0,23.769728648009426,39.28940686250036,0.1243
2434704470,5589054,1H,19,44,00:19:44.224,1185.224931,89,56,2975,56274,1,0,0,0,27.202941017470888,23.606568902437697,0.06913
2434704496,5589054,1H,20,2,00:20:02.671,1203.67132,78,56,2975,743950,0,0,0,0,34.828149534535996,23.235232448226295,0.04438
2434704628,5589054,1H,26,9,00:26:09.412,1570.412401,91,42,2975,15069,1,0,0,0,16.1245154965971,54.61315693163105,0.06537
2434704434,5589054,1H,29,5,00:29:05.411,1746.411181,78,69,8742,898049,0,0,0,0,44.204072210600685,14.546132281472394,0.02669
2434704631,5589054,1H,41,33,00:41:33.228,2494.228456,96,43,8742,941857,0,0,0,0,12.727922061357855,63.43494882292201,0.3533
2434704632,5589054,1H,41,34,00:41:34.166,2495.166797,100,47,8742,941857,0,0,0,0,13.92838827718412,38.53592568062316,0.8093
2434704896,5589054,1H,43,47,00:43:47.654,2628.654751,91,59,2975,476361,0,0,0,0,28.653097563788805,18.80579011375007,0.3999
2434704897,5589054,1H,43,48,00:43:48.630,2629.630324,91,49,2975,406035,0,0,0,0,20.518284528683193,36.54497232282255,0.6011
2434705058,5589054,2H,51,55,00:51:55.104,3126.104407,92,66,2975,406035,0,0,0,0,34.539832078341085,11.883464441064152,0.09732
2434705065,5589054,2H,52,23,00:52:23.281,3154.281791,91,62,2975,406035,1,0,0,0,31.304951684997057,15.658792950275346,0.05291
2434705120,5589054,2H,54,14,00:54:14.803,3265.803569,89,46,2975,406035,0,0,0,0,20.0,42.07639644586144,0.3349
2434704967,5589054,2H,66,4,01:06:04.852,3975.852974,76,55,8742,326772,0,0,0,0,35.805027579936315,23.491587533976052,0.06
2434704989,5589054,2H,67,55,01:07:55.901,4086.901212,85,46,8742,562660,0,0,0,0,23.323807579381203,37.86641541734824,0.1493
2434705040,5589054,2H,73,2,01:13:02.078,4393.078367,75,51,8742,523123,0,0,0,0,34.48187929913333,25.982966041887572,0.003245
2434705294,5589054,2H,93,3,01:33:03.196,5594.196412,84,64,8742,326772,0,0,0,0,36.61966684720111,16.69924423399363,0.0726
2369797858,5588981,1H,7,4,00:07:04.636,425.63634,87,69,12,580163,0,0,0,0,39.35733730830886,12.446129874021604,0.066
2369797951,5588981,1H,20,22,00:20:22.590,1223.590277,82,68,8743,599405,0,0,0,0,41.048751503547585,14.47245473734946,0.005248
2369797978,5588981,1H,23,48,00:23:48.384,1429.384647,87,71,8743,599405,0,0,0,0,41.14608122288197,11.364604002764409,0.009378
2369798467,5588981,1H,40,15,00:40:15.586,2416.586257,87,62,12,65252,1,0,0,0,33.28663395418648,17.509546811150354,0.01071
2369798471,5588981,1H,41,49,00:41:49.881,2510.881851,57,62,12,580163,0,0,0,0,55.569775957799216,16.030923189702097,0.04214
2369798448,5588981,1H,46,21,00:46:21.776,2782.776321,94,49,8743,762032,1,0,0,0,18.601075237738275,36.76597554787117,0.2998
2369798562,5588981,2H,46,22,00:46:22.123,2987.123845,91,49,12,580163,1,0,0,0,20.518284528683193,36.54497232282255,0.1223
2369798616,5588981,2H,51,4,00:51:04.657,3269.657488,86,40,8743,836824,0,0,0,0,19.924858845171276,47.26278980713946,0.005003
2369798760,5588981,2H,57,16,00:57:16.459,3641.459824,91,48,8743,762032,0,0,0,0,19.79898987322333,39.01748307414253,0.2757
2369798851,5588981,2H,63,19,01:03:19.354,4004.354965,70,40,12,357806,0,0,0,0,35.510561809129406,28.097682967435954,0.0004792
2369798928,5588981,2H,67,24,01:07:24.038,4249.038865,89,63,12,240562,1,0,0,0,33.12099032335839,15.826154076172545,0.07198
2369799381,5588981,2H,70,54,01:10:54.307,4459.307487,82,50,12,960292,0,0,0,0,28.0178514522438,30.458430966241778,0.1349
2369799021,5588981,2H,72,38,01:12:38.843,4563.843611,91,51,12,65252,1,0,0,0,22.02271554554524,31.954362937051407,0.03193
2369799060,5588981,2H,74,37,01:14:37.797,4682.797848,87,51,12,65252,1,0,0,0,24.758836806279895,31.342357494187848,0.04938
2369799073,5588981,2H,75,16,01:15:16.808,4721.808587,81,31,12,357806,0,0,0,0,24.186773244895647,40.60129464500447,0.02974
2369799109,5588981,2H,80,8,01:20:08.682,5013.682035,92,68,12,758294,0,0,0,0,36.40054944640259,10.65302173623631,0.04128
2369799253,5588981,2H,85,19,01:25:19.981,5324.981219,85,34,8743,585339,0,0,0,0,20.0,48.45549063590834,0.04536
2369799359,5588981,2H,95,24,01:35:24.938,5929.938068,91,63,12,65252,1,0,0,0,32.202484376209235,14.767160767390578,0.02017
2369799334,5588981,2H,96,0,01:36:00.786,5965.786655,59,78,8743,852210,0,0,0,0,63.655321851358195,11.778083673203966,0.01446
2369799291,5588981,2H,96,49,01:36:49.412,6014.4127,80,79,12,758294,0,0,0,0,51.478150704935004,9.93544226090869,0.02133
2456460048,5589315,1H,4,10,00:04:10.243,251.243343,91,51,3158,328333,1,1,0,1,22.02271554554524,31.954362937051407,0.04992
2456460120,5589315,1H,13,16,00:13:16.954,797.954795,93,53,3158,332892,1,0,0,0,22.47220505424423,26.995838394086622,0.1344
2456460733,5589315,1H,26,25,00:26:25.713,1586.713657,85,48,9606,536060,0,0,0,0,24.413111231467404,34.954669630503304,0.05267
2456460735,5589315,1H,26,29,00:26:29.683,1590.683085,92,49,9606,814737,0,0,0,0,19.849433241279208,36.781930806804745,0.3535
2456460395,5589315,1H,33,8,00:33:08.182,1989.18299,80,38,3158,328333,0,0,0,0,25.317977802344327,38.784364100297346,0.02026
2456460408,5589315,1H,34,3,00:34:03.313,2044.313237,92,58,3158,89186,0,0,0,0,27.294688127912362,19.412948895977213,0.4229
2456460468,5589315,1H,38,30,00:38:30.422,2311.422502,89,63,3158,89186,0,0,0,0,33.12099032335839,15.826154076172545,0.0681
2456460494,5589315,1H,41,25,00:41:25.550,2486.550109,91,62,3158,346913,1,0,0,0,31.304951684997057,15.658792950275346,0.09597
2456460498,5589315,1H,41,27,00:41:27.988,2488.988638,97,54,3158,449967,0,0,0,0,21.540659228538015,20.605212066364942,0.8303
2456460697,5589315,2H,53,40,00:53:40.982,3286.982554,88,51,3158,332892,1,0,0,0,24.041630560342615,31.620364695132185,0.02985
2456460722,5589315,2H,54,44,00:54:44.560,3350.560705,92,52,3158,332892,0,0,0,0,22.20360331117452,29.59489268795477,0.4403
2456460860,5589315,2H,62,41,01:02:41.333,3827.333173,92,43,3158,89186,0,0,0,0,15.811388300841896,54.16234704572171,0.1307
2456461408,5589315,2H,68,14,01:08:14.544,4160.544863,88,57,9606,814737,0,0,0,0,28.600699292150182,22.548065763176027,0.2647
2456460992,5589315,2H,69,27,01:09:27.299,4233.299663,75,58,3158,599717,0,0,0,0,38.41874542459709,21.16125981682828,0.04325
2456461090,5589315,2H,75,3,01:15:03.793,4569.793824,81,50,3158,89186,0,0,0,0,28.844410203711913,29.908934619595467,0.01003
2456461097,5589315,2H,75,39,01:15:39.002,4605.002003,88,34,3158,89186,0,0,0,0,17.0,55.79454206189526,0.005603
2456461485,5589315,2H,81,53,01:21:53.467,4979.467319,82,29,9606,536059,0,0,0,0,23.53720459187964,41.19449981088854,0.04666
2456461166,5589315,2H,82,55,01:22:55.866,5041.866551,90,50,3158,624188,0,0,0,0,21.93171219946131,34.01934998982646,0.2582
2456461517,5589315,2H,85,18,01:25:18.559,5184.559791,89,37,9606,824965,0,0,0,0,16.278820596099706,57.425942865427494,0.1178
2456461229,5589315,2H,88,9,01:28:09.647,5355.647656,88,41,3158,278873,0,0,0,0,18.384776310850235,49.974132218828544,0.114
2348529622,5588956,1H,7,2,00:07:02.660,423.660929,75,39,9608,431540,0,0,0,0,30.4138126514911,32.611536846691465,0.02656
2348529811,5588956,1H,15,53,00:15:53.863,954.863537,85,67,9608,608713,0,0,0,0,38.58756276314948,14.342226030393581,0.05524
2348529814,5588956,1H,15,55,00:15:55.747,956.747323,80,56,9608,472347,0,0,0,0,33.301651610693426,23.641071940008274,0.08291
2348529820,5588956,1H,15,58,00:15:58.062,959.062315,91,42,9608,388986,0,0,0,0,16.1245154965971,54.61315693163105,0.3714
2348529938,5588956,1H,22,17,00:22:17.844,1338.844054,93,27,9608,279365,0,0,0,0,13.892443989449804,62.59242456218159,0.01564
2348529973,5588956,1H,24,11,00:24:11.391,1452.391347,90,32,9608,388986,0,0,0,0,15.132745950421556,61.270731215544814,0.08941
2348529858,5588956,1H,29,13,00:29:13.643,1754.643037,90,35,8742,562660,0,0,0,0,15.033296378372908,61.76255446183274,0.2487
2348529872,5588956,1H,30,35,00:30:35.304,1836.304668,79,41,8742,898049,0,0,0,0,26.92582403567252,36.006207601244434,0.01664
2348529928,5588956,1H,33,7,00:33:07.904,1988.904367,88,43,8742,627943,0,0,0,0,19.235384061671343,46.63657704161672,0.1178
2348530204,5588956,1H,38,8,00:38:08.732,2289.732333,90,62,9608,388986,1,0,0,0,31.76476034853718,16.22226362983286,0.08529
2348530314,5588956,1H,43,56,00:43:56.720,2637.720217,80,51,9608,471967,0,0,0,0,30.23243291566195,28.378631089018498,0.004594
2348530320,5588956,1H,44,28,00:44:28.107,2669.107574,93,51,9608,431540,1,0,0,0,20.808652046684813,31.534791905188296,0.1468
2348530483,5588956,2H,52,31,00:52:31.676,3238.676145,92,59,9608,388986,0,0,0,0,28.178005607210743,18.169357141308335,0.4578
2348530547,5588956,2H,59,12,00:59:12.111,3639.111402,83,32,9608,431540,0,0,0,0,22.090722034374522,44.21517539700811,0.06754
2348530726,5588956,2H,78,52,01:18:52.495,4819.495639,77,25,8742,474114,0,0,0,0,29.410882339705484,32.7352262721076,0.02548
2348530879,5588956,2H,79,57,01:19:57.474,4884.474814,83,53,9608,431540,0,0,0,0,29.068883707497267,27.398818632214404,0.116
2348530753,5588956,2H,81,29,01:21:29.396,4976.396363,74,32,8742,474114,0,0,0,0,31.064449134018133,32.26101062355075,0.02601
2348530990,5588956,2H,86,39,01:26:39.512,5286.512374,92,69,9608,878211,0,0,0,0,37.33630940518894,10.105036365037957,0.1049
2348530997,5588956,2H,87,40,01:27:40.582,5347.582959,89,68,9608,388986,0,0,0,0,37.57658845611187,12.209360237388847,0.0999
2348530921,5588956,2H,94,26,01:34:26.267,5753.267269,89,54,8742,529719,1,0,0,0,25.612496949731394,26.604895245420895,0.1111
2471466716,5589323,1H,0,36,00:00:36.991,37.991831,90,42,7099,496678,0,0,0,0,17.0,52.39040920928771,0.02315
2471467672,5589323,1H,9,14,00:09:14.515,555.515674,69,52,12509,338232,0,0,0,0,40.24922359499622,22.833654177917545,0.01772
2471467888,5589323,1H,33,1,00:33:01.540,1982.540821,77,36,12509,502907,0,0,0,0,28.071337695236398,35.48397979503183,0.05134
2471467107,5589323,1H,39,17,00:39:17.870,2358.870381,87,34,7099,449343,0,0,0,0,18.0,53.13010235415598,0.1285
2471467960,5589323,1H,40,37,00:40:37.296,2438.296156,91,52,12509,171643,1,0,0,0,22.80350850198276,29.857198290073992,0.1294
2471468155,5589323,2H,61,19,01:01:19.213,3760.213499,88,58,12509,227059,0,0,0,0,29.410882339705484,21.32100600005428,0.1058
2471468165,5589323,2H,62,10,01:02:10.632,3811.632502,83,45,12509,485083,0,0,0,0,24.596747752497688,37.07926009835893,0.007494
2471468266,5589323,2H,70,26,01:10:26.213,4307.213069,90,74,12509,227059,0,0,0,1,42.720018726587654,8.800466362669424,0.03264
2471468271,5589323,2H,70,59,01:10:59.995,4340.995008,88,34,12509,227059,0,0,0,0,17.0,55.79454206189526,0.08709
2471468292,5589323,2H,74,6,01:14:06.768,4527.768954,95,27,12509,500327,0,0,0,0,12.206555615733702,69.30454926593671,0.04157
2471467486,5589323,2H,81,12,01:21:12.056,4953.056491,93,59,7099,357546,1,0,0,0,27.730849247724095,17.42986281766783,0.1096
2471468383,5589323,2H,86,49,01:26:49.424,5290.424657,72,52,12509,500327,0,0,0,0,37.589892258425,24.034288159442582,0.03978
2471468449,5589323,2H,91,26,01:31:26.146,5567.14648,86,28,12509,500327,0,1,0,0,19.924858845171276,47.26278980713946,0.04887
2471468461,5589323,2H,93,20,01:33:20.135,5681.135234,94,57,12509,488962,1,0,0,0,25.495097567963924,19.18681877888252,0.1499
2401300659,5589015,1H,4,29,00:04:29.420,270.42007,80,61,3166,633804,0,0,0,0,36.796738985948195,19.468281379199375,0.04858
2401302127,5589015,1H,15,30,00:15:30.114,931.114742,86,31,9607,347282,0,0,0,0,19.235384061671343,49.8012126883005,0.03199
2401301069,5589015,1H,21,34,00:21:34.080,1295.080319,79,70,3166,539976,0,0,0,0,44.40720662234904,13.900708385730224,0.01516
2401300639,5589015,1H,29,6,00:29:06.387,1747.387874,86,71,9607,3314,0,0,0,0,41.593268686170845,11.716941180375082,0.02696
2401300738,5589015,1H,35,7,00:35:07.358,2108.358671,93,34,9607,145727,0,0,0,0,12.0,73.73979529168804,0.107
2401302126,5589015,1H,42,17,00:42:17.281,2538.281569,90,59,9607,3314,0,0,0,0,29.154759474226502,19.34644621554769,0.09055
2401300939,5589015,1H,44,59,00:44:59.637,2700.637275,88,37,9607,743429,0,0,0,0,17.26267650163207,54.65762779636891,0.149
2401301666,5589015,2H,50,10,00:50:10.075,3088.075604,92,70,3166,539976,0,1,0,1,38.27531841800928,9.596535547721976,0.1681
2401301282,5589015,2H,53,53,00:53:53.771,3311.771955,96,33,9607,347282,0,1,0,0,9.055385138137417,89.64632684075355,0.03933
2401302125,5589015,2H,58,55,00:58:55.095,3613.095838,96,72,9607,450030,0,0,0,0,39.05124837953327,6.401153944609411,0.02701
2401301456,5589015,2H,64,38,01:04:38.903,3956.903274,91,47,9607,347282,0,0,0,0,19.1049731745428,41.583411808228654,0.3669
2401301488,5589015,2H,68,15,01:08:15.575,4173.57513,92,55,9607,145727,0,0,0,0,24.698178070456937,23.861917233893127,0.4161
2401301493,5589015,2H,68,36,01:08:36.108,4194.108078,70,56,9607,532757,0,0,0,0,41.340053217188775,21.155335527246464,0.00165
2401301561,5589015,2H,78,16,01:18:16.011,4774.011577,88,62,9607,3314,0,0,0,0,32.7566787083184,17.14330670979871,0.1281
2401301578,5589015,2H,79,11,01:19:11.309,4829.309922,90,65,9607,614755,0,0,0,0,34.438350715445125,13.730831757625499,0.06352
2401302128,5589015,2H,89,45,01:29:45.642,5463.642329,75,46,9607,614755,0,0,0,0,32.31098884280702,29.28142706105902,0.02412
2401302081,5589015,2H,93,42,01:33:42.576,5700.576524,81,62,3166,541676,0,0,0,0,36.87817782917155,18.66311071167633,0.02532
2401301852,5589015,2H,95,14,01:35:14.935,5792.935249,85,47,9607,614755,0,0,0,0,23.853720883753127,36.41637851988605,0.03949
2362201134,5588983,1H,1,8,00:01:08.989,69.989664,85,68,3767,396475,0,0,0,0,39.44616584663204,13.715902990665512,0.04634
2362201183,5588983,1H,4,21,00:04:21.922,262.922663,86,62,3767,286390,0,0,0,0,33.83784863137726,17.818888914522777,0.03573
2362201300,5588983,1H,12,11,00:12:11.103,732.103527,89,36,3767,631400,0,0,0,0,16.1245154965971,58.13790071832522,0.1608
2362201323,5588983,1H,13,19,00:13:19.593,800.593215,95,59,3767,657860,0,0,0,0,26.92582403567252,15.61584287404872,0.2855
2362201742,5588983,1H,17,3,00:17:03.280,1024.280944,85,69,679,722567,0,0,0,0,40.311288741492746,13.124637248410952,0.05493
2362201754,5588983,1H,17,11,00:17:11.224,1032.224978,92,56,679,414193,0,0,0,0,25.553864678361276,22.249023657212373,0.3196
2362201456,5588983,1H,24,29,00:24:29.578,1470.578457,99,58,3767,752489,0,0,0,0,24.73863375370596,11.49656301758579,0.2359
2362201533,5588983,1H,29,52,00:29:52.657,1793.657682,94,50,3767,657860,1,0,0,0,19.4164878389476,33.77931321628475,0.2025
2362202198,5588983,2H,54,4,00:54:04.855,3341.855806,84,61,3767,286390,0,0,0,0,34.20526275297414,19.142268191466272,0.08664
2362202313,5588983,2H,57,54,00:57:54.889,3571.889132,86,37,3767,631400,0,0,0,0,19.235384061671343,49.8012126883005,0.1491
2362202315,5588983,2H,57,57,00:57:57.119,3574.119798,84,52,3767,396475,0,0,0,0,27.65863337187866,28.926425835253614,0.2862
2362202440,5588983,2H,64,5,01:04:05.125,3942.125841,90,31,3767,631400,0,1,0,0,15.297058540778355,60.4612177404419,0.1043
2362202450,5588983,2H,64,11,01:04:11.534,3948.534322,74,50,3767,752489,0,0,0,0,34.88552708502482,26.160140748292225,0.05351
2362202574,5588983,2H,69,8,01:09:08.366,4245.366387,78,62,3767,518746,0,0,0,0,38.897300677553446,18.746466093604607,0.005058
2362202583,5588983,2H,69,14,01:09:14.655,4251.6558,75,24,3767,616353,0,0,0,0,31.622776601683793,30.438291066445654,0.004958
2362202663,5588983,2H,72,57,01:12:57.736,4474.736271,90,39,3767,40539,1,0,0,0,15.811388300841896,57.956483167255584,0.1298
2362202673,5588983,2H,73,19,01:13:19.856,4496.856272,82,68,3767,396475,0,0,0,0,41.048751503547585,14.47245473734946,0.04437
2362202755,5588983,2H,76,27,01:16:27.653,4684.65358,94,64,3767,396475,0,0,0,0,31.953090617340916,11.89480170028565,0.1204
2362202817,5588983,2H,83,48,01:23:48.218,5125.218161,80,63,679,3682,0,0,0,0,38.28837943815329,17.999484399432912,0.09191
2362202947,5588983,2H,84,22,01:24:22.029,5159.029221,65,44,3767,472577,0,0,0,0,41.23105625617661,23.975621924783827,0.001882
2362203098,5588983,2H,92,15,01:32:15.064,5632.064282,77,54,3767,758282,0,0,0,0,34.40930106817051,24.55734967814883,0.03689
2362203099,5588983,2H,92,24,01:32:24.385,5641.385005,76,51,3767,518746,0,0,0,0,33.61547262794322,26.455708219145624,0.06302
2362203004,5588983,2H,93,1,01:33:01.141,5678.141417,88,64,679,254408,0,1,0,0,34.48187929913333,15.43873036961082,0.1563
2348184250,5588963,1H,4,4,00:04:04.420,245.420233,74,38,12,580163,0,0,0,0,31.25699921617557,31.913323388509344,0.007328
2348184369,5588963,1H,11,38,00:11:38.235,699.235953,87,46,12,564044,0,0,0,0,21.633307652783937,39.93638314696992,0.1674
2348184204,5588963,1H,14,18,00:14:18.873,859.873257,77,34,9607,474772,0,0,0,0,28.0,35.63777782904556,0.0192
2348184423,5588963,1H,15,13,00:15:13.293,914.293794,71,49,12,580163,0,0,0,0,37.16180835212409,25.209613166751375,0.04541
2348184299,5588963,1H,19,43,00:19:43.852,1184.852952,96,44,9607,450030,1,0,0,0,13.45362404707371,58.3136323121434,0.1398
2348184604,5588963,1H,22,59,00:22:59.608,1380.608704,73,30,12,475600,0,0,0,0,32.2490309931942,30.99010749427192,0.04673
2348184750,5588963,1H,32,42,00:32:42.562,1963.562877,88,54,12,655297,0,0,0,0,26.248809496813376,26.715631065643755,0.26
2348184524,5588963,1H,34,43,00:34:43.643,2084.643952,82,38,9607,743429,0,0,0,0,23.345235059857504,41.740662731138144,0.06684
2348184780,5588963,1H,36,28,00:36:28.106,2189.106143,90,67,12,568962,0,0,0,1,36.24913792078372,12.35155915003019,0.1494
2348184599,5588963,1H,37,25,00:37:25.104,2246.104968,97,59,9607,70086,1,0,0,0,26.248809496813376,13.324531261890792,0.1517
2348184954,5588963,2H,52,7,00:52:07.906,3330.906627,95,66,9607,347282,0,0,0,0,33.52610922848042,9.791604671872287,0.198
2348184961,5588963,2H,52,18,00:52:18.284,3341.284962,80,62,9607,3314,0,0,0,0,37.53664875824692,18.719228661823667,0.04586
2348185138,5588963,2H,55,28,00:55:28.835,3531.835915,82,58,12,655297,0,0,0,0,33.24154027718932,22.01332969502579,0.08055
2348185108,5588963,2H,62,7,01:02:07.731,3930.731006,76,70,9607,450030,0,0,0,0,46.22769732530488,14.24587721626801,0.001088
2348185205,5588963,2H,64,54,01:04:54.492,4097.492188,83,72,12,580163,0,0,0,0,43.9089968002003,12.101112447042208,0.003215
2348185195,5588963,2H,65,57,01:05:57.480,4160.480565,87,24,9607,425922,0,0,0,0,20.591260281974,43.36832757911374,0.04486
2348185193,5588963,2H,65,58,01:05:58.810,4161.810521,94,56,9607,474772,0,0,0,0,24.596747752497688,20.699703371145432,0.6977
2348185345,5588963,2H,70,31,01:10:31.300,4434.300149,80,37,12,475600,0,0,0,0,25.179356624028344,39.1367391051011,0.03098
2348185300,5588963,2H,73,48,01:13:48.017,4631.017061,93,51,9607,614755,1,0,0,0,20.808652046684813,31.534791905188296,0.128
2348185304,5588963,2H,74,43,01:14:43.659,4686.659017,77,68,9607,145727,0,0,0,0,44.04543109109048,15.169022473340457,0.002641
2348185327,5588963,2H,75,8,01:15:08.310,4711.310758,87,47,9607,474772,0,0,0,0,22.20360331117452,38.181785428348135,0.1386
2348185438,5588963,2H,76,46,01:16:46.639,4809.639478,75,34,12,580163,0,0,0,0,30.0,33.39848846798724,0.01673
2348185385,5588963,2H,77,47,01:17:47.529,4870.529639,76,55,9607,258162,0,0,0,0,35.805027579936315,23.491587533976052,0.01624
2348185576,5588963,2H,84,39,01:24:39.348,5282.34864,89,65,12,368530,0,0,0,0,34.88552708502482,14.225963898751795,0.133
2348185636,5588963,2H,91,22,01:31:22.574,5685.574667,83,58,12,655297,0,0,0,0,32.55764119219941,22.023055496811253,0.0818
2348185635,5588963,2H,94,57,01:34:57.586,5900.586379,91,30,9607,614755,0,0,0,0,14.560219778561036,62.53272766139187,0.03017
2427961067,5589026,1H,8,4,00:08:04.120,485.120835,78,36,3166,541676,0,0,0,0,27.073972741361768,36.70080090262258,0.006634
2427960853,5589026,1H,16,49,00:16:49.090,1010.090548,78,60,2447,520742,0,0,0,0,37.48332962798263,20.15664542517911,0.05958
2427961321,5589026,1H,23,45,00:23:45.532,1426.532019,72,63,3166,373768,0,0,0,0,43.93176527297759,17.80986090213877,0.01706
2427961360,5589026,1H,25,52,00:25:52.341,1553.341265,90,57,3166,445146,0,0,0,0,27.459060435491963,21.86009912473741,0.2261
2427961367,5589026,1H,26,33,00:26:33.355,1594.355026,84,69,3166,373768,0,0,0,0,40.8166632639171,13.413673165258052,0.00542
2427961381,5589026,1H,27,19,00:27:19.246,1640.246796,87,65,3166,373768,0,0,0,0,35.84689665786984,15.061661544546185,0.06619
2427961414,5589026,1H,28,30,00:28:30.508,1711.508726,86,63,3166,373768,0,0,0,0,34.66987164671943,16.966148108536178,0.08944
2427961451,5589026,1H,31,9,00:31:09.257,1870.257788,90,66,3166,644104,0,1,0,1,35.34119409414458,13.016110768467204,0.1734
2427961532,5589026,1H,33,47,00:33:47.052,2028.052199,85,30,3166,541676,0,1,0,0,20.396078054371138,47.060111023723124,0.04719
2427961979,5589026,2H,50,59,00:50:59.161,3195.161651,98,43,3166,541676,0,0,0,0,11.40175425099138,68.74949449286676,0.4464
2427962031,5589026,2H,57,44,00:57:44.427,3600.42768,87,42,3166,541676,1,0,0,0,19.697715603592208,46.543253078247524,0.07999
2427961651,5589026,2H,67,16,01:07:16.923,4172.923189,92,44,2447,263490,1,0,0,0,16.401219466856727,51.22094992115961,0.0933
2427962097,5589026,2H,68,28,01:08:28.365,4244.365657,71,52,3166,461665,0,0,0,0,38.47076812334269,23.6272292463503,0.03757
2427962117,5589026,2H,70,17,01:10:17.429,4353.429363,93,53,3166,539976,0,0,0,0,22.47220505424423,26.995838394086622,0.2052
2427962123,5589026,2H,71,44,01:11:44.000,4440.000237,90,40,3166,539976,0,0,0,0,16.15549442140351,56.309932474020215,0.2486
2427962124,5589026,2H,71,45,01:11:45.995,4441.995349,93,51,3166,606738,0,0,0,0,20.808652046684813,31.534791905188296,0.6822
2427962197,5589026,2H,82,52,01:22:52.022,5108.022168,97,30,3166,399569,0,0,0,0,8.94427190999916,90.3978809618346,0.04133
2427962266,5589026,2H,93,10,01:33:10.594,5726.594177,92,33,3166,541676,0,0,0,0,13.038404810405298,69.1760942750764,0.03231
2478068357,5589333,1H,25,11,00:25:11.513,1512.513467,91,57,10,541608,1,0,0,0,26.92582403567252,21.370622269343183,0.1164
2478069585,5589333,1H,25,46,00:25:46.358,1547.358784,89,50,1624,657854,0,0,0,0,22.627416997969522,33.75137919815036,0.3063
2478068693,5589333,1H,33,6,00:33:06.629,1987.629645,79,40,1624,14911,0,0,0,0,26.68332812825267,36.56358402402735,0.0299
2478068731,5589333,1H,36,11,00:36:11.753,2172.753229,91,34,1624,14911,0,0,0,0,14.0,65.4704525442152,0.1811
2478068735,5589333,1H,36,20,00:36:20.418,2181.418469,83,26,1624,779565,0,0,0,0,23.40939982143925,40.29680266918898,0.02925
2478068803,5589333,1H,40,50,00:40:50.911,2451.911503,86,32,1624,14911,0,0,0,0,19.1049731745428,50.29344225303053,0.0986
2478068805,5589333,1H,40,52,00:40:52.632,2453.632718,91,57,1624,657854,0,0,0,0,26.92582403567252,21.370622269343183,0.5069
2478068555,5589333,1H,42,36,00:42:36.095,2557.095553,78,55,10,682286,0,0,0,0,34.20526275297414,24.050298529605154,0.06705
2478068910,5589333,1H,47,18,00:47:18.843,2839.843217,81,64,1624,284302,0,0,0,0,38.41874542459709,17.20657258804145,0.007487
2478068969,5589333,2H,47,32,00:47:32.218,3004.218038,85,42,1624,284302,0,0,0,0,21.540659228538015,43.22694179920911,0.1398
2478068725,5589333,2H,49,22,00:49:22.558,3114.558504,90,56,10,543203,0,0,0,0,26.627053911388696,23.264624805785594,0.1898
2478068866,5589333,2H,57,8,00:57:08.866,3580.866052,82,57,10,141,0,0,0,0,32.526911934581186,22.964615731592943,0.04621
2478069302,5589333,2H,61,2,01:01:02.249,3814.249076,80,70,1624,551442,0,0,0,0,43.829214001622255,13.742797739157055,0.02124
2478068931,5589333,2H,62,27,01:02:27.164,3899.164065,88,62,10,563560,0,0,0,0,32.7566787083184,17.14330670979871,0.1645
2478069369,5589333,2H,66,49,01:06:49.227,4161.22799,85,29,1624,284302,0,0,0,0,20.615528128088304,46.30195267257888,0.01477
2478068973,5589333,2H,67,47,01:07:47.820,4219.820939,86,59,10,781988,0,0,0,0,31.400636936215164,20.701606407723293,0.03992
2478069419,5589333,2H,71,0,01:11:00.880,4412.880595,81,42,1624,14911,0,0,0,0,25.298221281347036,37.697157470022006,0.07831
2478069448,5589333,2H,73,47,01:13:47.355,4579.355721,95,52,1624,657854,0,0,0,0,20.591260281974,27.689650674520408,0.3752
2478069460,5589333,2H,75,46,01:15:46.785,4698.785223,93,46,1624,286831,0,0,0,0,16.97056274847714,46.21887523513131,0.41
2478069080,5589333,2H,79,12,01:19:12.523,4904.523549,89,56,10,543203,0,0,0,0,27.202941017470888,23.606568902437697,0.02057
2478069081,5589333,2H,79,14,01:19:14.370,4906.370391,93,38,10,400275,0,0,0,0,12.649110640673518,69.91047499067896,0.435
2478069136,5589333,2H,81,45,01:21:45.386,5057.386018,94,48,10,659933,1,0,0,0,17.804493814764857,39.996080047759655,0.3739
2478069211,5589333,2H,89,40,01:29:40.795,5532.795371,96,31,10,781988,0,0,0,0,9.486832980505138,86.82016988013577,0.03891
2511398965,5589090,1H,0,37,00:00:37.673,38.673372,71,51,675,353833,0,0,0,0,38.01315561749642,24.164836716221348,0.02436
2511399107,5589090,1H,12,27,00:12:27.465,748.46538,95,43,1609,379209,0,0,0,0,13.45362404707371,60.94539590092286,0.4571
2511399099,5589090,1H,12,30,00:12:30.037,751.037205,81,51,1609,217031,0,0,0,0,29.410882339705484,28.855661219716527,0.09308
2511399295,5589090,1H,20,31,00:20:31.325,1232.325697,86,34,675,493295,0,0,0,0,19.0,50.69235188389338,0.1178
2511399404,5589090,1H,30,30,00:30:30.377,1831.37745,91,33,675,353833,0,0,0,1,14.035668847618199,65.2825590889166,0.2329
2511399438,5589090,1H,31,19,00:31:19.667,1880.667922,92,73,675,547260,0,0,0,0,41.10960958218893,8.2746247584328,0.04508
2511399682,5589090,1H,43,55,00:43:55.073,2636.07348,89,51,1609,379209,1,0,0,0,23.345235059857504,31.827446576673108,0.06614
2511399683,5589090,1H,43,56,00:43:56.539,2637.539129,93,32,1609,555939,0,0,0,0,12.165525060596439,72.76688424153011,0.2715
2511399798,5589090,1H,46,39,00:46:39.997,2800.997226,72,58,675,599551,0,0,0,0,40.80441152620633,20.556045219583464,0.006515
2511399970,5589090,2H,50,18,00:50:18.577,3148.577309,92,28,675,353833,0,0,0,0,14.317821063276353,62.08023357189139,0.07247
2511400142,5589090,2H,60,26,01:00:26.613,3756.613822,93,46,675,617894,0,0,0,0,16.97056274847714,46.21887523513131,0.3187
2511399989,5589090,2H,66,36,01:06:36.117,4126.117809,91,41,1609,555939,0,0,0,0,15.652475842498529,56.94417718844633,0.2698
2511399990,5589090,2H,66,37,01:06:37.674,4127.674972,90,60,1609,339789,0,0,0,0,30.01666203960727,18.22507511135446,0.4339
2511399992,5589090,2H,66,40,01:06:40.039,4130.039598,90,63,1609,339789,0,0,0,0,32.64965543462902,15.328921727305584,0.3775
2511400002,5589090,2H,67,28,01:07:28.437,4178.437048,86,58,1609,379209,0,0,0,0,30.610455730027933,21.778324967249148,0.1222
2511400070,5589090,2H,74,31,01:14:31.390,4601.390717,86,52,1609,339789,0,0,0,0,26.1725046566048,29.51963100113768,0.1443
2511400447,5589090,2H,89,47,01:29:47.321,5517.321295,76,31,675,493295,0,0,0,0,29.154759474226502,34.16880357254231,0.01238
2465372620,5589072,1H,8,13,00:08:13.730,494.730202,74,66,2447,65596,0,0,0,0,44.553338819890925,16.334131724439125,0.01398
2465372504,5589072,1H,15,39,00:15:39.848,940.84812,75,47,9608,627713,0,0,0,0,32.69556544854363,28.659194368853345,0.04765
2465373111,5589072,1H,26,56,00:26:56.261,1617.261724,77,62,2447,65596,0,0,0,0,39.59797974644666,18.723444771060297,0.03414
2465373116,5589072,1H,28,42,00:28:42.138,1723.138255,83,47,2447,496766,0,0,0,0,25.553864678361276,34.69515353123396,0.02367
2465373320,5589072,1H,36,12,00:36:12.890,2173.890752,76,61,2447,263490,0,0,0,0,39.6232255123179,19.319179082973566,0.04343
2465373503,5589072,1H,43,50,00:43:50.508,2631.5083,93,41,2447,622782,1,0,0,0,13.892443989449804,62.59242456218159,0.1464
2465373536,5589072,1H,45,29,00:45:29.456,2730.456845,76,63,2447,65596,0,0,0,0,41.012193308819754,18.058362267849468,0.009447
2465373664,5589072,2H,46,1,00:46:01.506,2891.506694,88,39,2447,146583,0,0,0,0,17.72004514666935,52.71297976353103,0.07672
2465373720,5589072,2H,48,54,00:48:54.198,3064.198294,73,32,2447,496766,0,0,0,0,32.0624390837628,31.309495086812742,0.02686
2465373807,5589072,2H,52,19,00:52:19.881,3269.88111,74,37,2447,636225,0,0,0,0,31.144823004794873,32.115322460226615,0.02471
2465373280,5589072,2H,61,1,01:01:01.886,3791.886129,78,57,9608,776749,0,0,0,0,35.4682957019364,22.436424937262277,0.01154
2465373293,5589072,2H,62,0,01:02:00.859,3850.859766,77,64,9608,817873,0,0,0,0,41.036569057366385,17.453694132293993,0.04608
2465373938,5589072,2H,67,30,01:07:30.327,4180.327317,85,71,2447,496766,0,1,0,0,42.05948168962618,12.039112116022286,0.03884
2465373944,5589072,2H,68,44,01:08:44.792,4254.792735,88,58,2447,520742,0,0,0,0,29.410882339705484,21.32100600005428,0.3355
2465374038,5589072,2H,78,11,01:18:11.611,4821.611774,78,54,2447,496766,0,0,0,0,33.60059523282288,24.87906266680477,0.0417
2465373596,5589072,2H,80,32,01:20:32.166,4962.166783,87,65,9608,878211,0,0,0,0,35.84689665786984,15.061661544546185,0.03529
2465373605,5589072,2H,80,52,01:20:52.785,4982.785678,97,59,9608,627713,0,0,0,0,26.248809496813376,13.324531261890792,0.3784
2465374094,5589072,2H,82,39,01:22:39.416,5089.416046,87,48,2447,496766,1,0,0,0,22.80350850198276,36.428846471419654,0.06015
2465373656,5589072,2H,84,34,01:24:34.369,5204.369364,90,43,9608,627713,1,0,0,0,17.4928556845359,50.19442890773481,0.11
2465373719,5589072,2H,89,37,01:29:37.485,5507.485867,78,53,9608,627713,0,0,0,0,33.015148038438355,25.71848984634703,0.06054
2465374229,5589072,2H,92,21,01:32:21.757,5671.757411,86,46,2447,520742,0,0,0,0,22.47220505424423,38.88977861121536,0.07521
2364385372,5588971,1H,5,57,00:05:57.638,358.638166,90,53,2447,65596,1,0,0,0,24.20743687382041,28.131342364061048,0.06445
2364385496,5588971,1H,12,5,00:12:05.634,726.634846,78,42,2447,622782,0,0,0,0,28.160255680657446,34.31683033137471,0.01705
2364385532,5588971,1H,14,10,00:14:10.958,851.958667,80,29,2447,65596,0,0,0,0,25.495097567963924,38.339103257369295,0.05443
2364385538,5588971,1H,14,12,00:14:12.769,853.7693,94,35,2447,565394,0,0,0,0,11.045361017187261,78.30106239119735,0.4102
2364385621,5588971,1H,15,33,00:15:33.564,934.564111,81,55,8742,326772,0,0,0,0,31.89043743820395,24.77514056883192,0.08338
2364386995,5588971,1H,28,0,00:28:00.127,1681.127272,80,40,2447,263490,0,0,0,0,25.709920264364882,37.806529944704465,0.08462
2364385857,5588971,1H,30,41,00:30:41.018,1842.01897,93,32,8742,474114,0,0,0,0,12.165525060596439,72.76688424153011,0.07342
2364385987,5588971,1H,31,49,00:31:49.660,1910.660402,90,55,2447,263490,1,0,0,0,25.80697580112788,24.77514056883192,0.02873
2364386097,5588971,1H,37,53,00:37:53.157,2274.157211,74,61,2447,447214,0,0,0,0,41.10960958218893,19.126507748215474,0.0462
2364386149,5588971,1H,39,40,00:39:40.718,2381.718824,85,29,2447,622782,0,0,0,0,20.615528128088304,46.30195267257888,0.0623
2364386178,5588971,1H,41,5,00:41:05.911,2466.911742,90,54,2447,334720,1,0,0,0,25.0,26.396286482485337,0.07234
2364386197,5588971,1H,42,8,00:42:08.688,2529.688525,89,46,2447,565394,0,0,0,0,20.0,42.07639644586144,0.3858
2364386517,5588971,2H,55,5,00:55:05.846,3436.84677,91,71,2447,65596,0,0,0,0,39.56008088970496,9.637538112930946,0.02519
2364386585,5588971,2H,57,36,00:57:36.612,3587.612993,74,51,2447,448070,0,1,0,0,35.35533905932738,25.516592144898304,0.03385
2364386651,5588971,2H,60,2,01:00:02.384,3733.384784,94,30,2447,622782,0,0,0,0,11.704699910719626,74.20759647114272,0.03682
2364386707,5588971,2H,63,17,01:03:17.738,3928.738764,89,57,2447,146583,0,0,0,0,28.0178514522438,22.24902365721236,0.2003
2364386392,5588971,2H,68,8,01:08:08.657,4219.657129,75,62,8742,474114,0,0,0,0,41.036569057366385,18.61704360181109,0.005748
2364386448,5588971,2H,70,49,01:10:49.318,4380.318705,94,48,8742,559344,1,0,0,0,17.804493814764857,39.996080047759655,0.3113
2364386478,5588971,2H,73,22,01:13:22.464,4533.464481,71,34,8742,638959,0,0,0,0,34.0,29.65295994071133,0.001069
2364386935,5588971,2H,85,1,01:25:01.469,5232.469695,90,68,2447,365446,0,0,0,0,37.16180835212409,11.733084156412238,0.1091
2364386678,5588971,2H,87,43,01:27:43.223,5394.223352,89,41,8742,484457,0,0,0,0,17.46424919657298,52.1250163489018,0.1201
2364386963,5588971,2H,90,37,01:30:37.093,5568.093436,87,36,2447,146583,0,0,0,0,18.110770276274835,52.68007112197176,0.1621
2364386969,5588971,2H,91,23,01:31:23.028,5614.028015,88,64,2447,263490,0,0,0,0,34.48187929913333,15.43873036961082,0.1712
2364386737,5588971,2H,91,57,01:31:57.521,5648.521527,79,66,8742,353799,0,0,0,0,41.23105625617661,16.12285393821523,0.02548
2304432962,5588927,1H,4,36,00:04:36.293,277.293026,81,51,2446,577394,0,0,0,0,29.410882339705484,28.855661219716527,0.1131
2304433008,5588927,1H,6,52,00:06:52.017,413.017557,85,66,12,374952,0,0,0,0,37.73592452822641,15.005741057058774,0.009632
2304433129,5588927,1H,14,30,00:14:30.098,871.098893,78,40,12,368530,0,0,0,0,27.65863337187866,35.39479584498706,0.06983
2304433193,5588927,1H,18,10,00:18:10.321,1091.321459,70,54,12,580163,0,0,0,0,40.311288741492746,22.196986533862606,0.002395
2304433357,5588927,1H,25,54,00:25:54.365,1555.365769,77,55,2446,601133,0,0,0,0,35.0,23.77634349723379,0.02129
2304433408,5588927,1H,28,35,00:28:35.477,1716.477212,74,72,12,368530,0,0,0,0,49.040799340956916,13.501327843287452,0.02898
2304433436,5588927,1H,29,44,00:29:44.191,1785.191799,95,47,2446,4787,0,0,0,0,16.401219466856727,43.75463573323165,0.6432
2304433455,5588927,1H,31,41,00:31:41.888,1902.888038,88,45,12,580163,0,0,0,0,20.248456731316587,42.92562661914572,0.248
2304433457,5588927,1H,31,44,00:31:44.106,1905.106207,82,49,12,632105,0,0,0,0,27.459060435491963,31.598001246499646,0.1366
2304433539,5588927,1H,35,31,00:35:31.795,2132.795426,89,39,2446,577394,0,0,0,0,16.76305461424021,55.22216863363612,0.1953
2304433626,5588927,1H,40,18,00:40:18.776,2419.77686,81,32,12,357806,0,0,0,0,24.08318915758459,40.88376949447557,0.002302
2304433625,5588927,1H,41,20,00:41:20.948,2481.948976,80,48,2446,601133,0,0,0,0,28.653097563788805,31.304123495590975,0.08799
2304433754,5588927,2H,50,41,00:50:41.222,3112.222706,84,34,2446,577394,0,0,0,0,21.0,46.39718102729638,0.1029
2304433880,5588927,2H,54,33,00:54:33.962,3344.962411,80,51,12,475600,0,0,0,0,30.23243291566195,28.378631089018498,0.1025
2304433882,5588927,2H,55,18,00:55:18.986,3389.986765,73,43,12,368530,0,0,0,0,33.24154027718932,29.357753542791276,0.01569
2304434013,5588927,2H,59,37,00:59:37.755,3648.755162,55,59,2446,601133,0,0,0,0,55.90169943749474,16.471030507380465,0.00135
2304434185,5588927,2H,76,12,01:16:12.748,4643.748193,60,22,2446,4787,0,0,0,0,46.57252408878007,21.202818643809668,0.01055
2304434486,5588927,2H,90,30,01:30:30.593,5501.593208,91,64,2446,282448,0,0,0,0,33.1058907144937,13.943230920553669,0.03924
2304434489,5588927,2H,90,32,01:30:32.542,5503.542046,95,61,2446,282448,0,0,0,0,28.792360097775937,13.530493102322884,0.2046
2304434491,5588927,2H,90,38,01:30:38.714,5509.714274,78,72,2446,364082,0,0,0,0,46.61544808322666,13.078598819423341,0.0191
2387694587,5589001,1H,3,40,00:03:40.386,221.386388,90,72,1612,543978,0,0,0,0,40.85339643163099,9.64944799140267,0.07156
2387694692,5589001,1H,9,7,00:09:07.134,548.134804,90,29,1612,431967,0,0,0,0,15.811388300841896,57.956483167255584,0.04601
2387694556,5589001,1H,14,26,00:14:26.110,867.110744,87,58,675,617894,1,0,0,0,30.0,21.583969241769598,0.01847
2387694903,5589001,1H,22,49,00:22:49.691,1370.69166,95,50,1612,543978,0,0,0,0,18.867962264113206,33.20657031508953,0.555
2387694842,5589001,1H,28,58,00:28:58.277,1739.277068,75,30,675,703740,0,0,0,0,30.265491900843113,32.89101501677102,0.005482
2387695067,5589001,1H,33,29,00:33:29.928,2010.928145,93,45,1612,431967,1,1,0,1,16.278820596099706,49.57392125990087,0.2151
2387694987,5589001,1H,33,51,00:33:51.252,2032.252098,54,54,675,703740,0,0,0,0,54.78138369920935,17.45229054258634,0.002112
2387695120,5589001,1H,35,28,00:35:28.865,2129.865128,76,59,1612,631619,0,0,0,0,38.28837943815329,20.651190740995947,0.00403
2387695141,5589001,1H,36,51,00:36:51.292,2212.292014,86,63,1612,470819,0,0,0,0,34.66987164671943,16.966148108536178,0.07698
2387695292,5589001,1H,44,15,00:44:15.505,2656.505752,81,69,675,703740,0,0,0,0,42.43819034784589,14.098930291396256,0.0085
2387695325,5589001,2H,45,46,00:45:46.984,2830.984382,91,57,1612,470819,0,0,0,0,26.92582403567252,21.370622269343183,0.1805
2387695357,5589001,2H,47,14,00:47:14.888,2918.888335,87,62,1612,470819,0,0,0,0,33.28663395418648,17.509546811150354,0.04993
2387695455,5589001,2H,50,55,00:50:55.064,3139.064368,92,48,1612,631619,1,1,0,1,19.1049731745428,39.48659997133244,0.07057
2387695474,5589001,2H,51,26,00:51:26.322,3170.322789,89,56,1612,481911,0,0,0,0,27.202941017470888,23.606568902437697,0.2873
2387695488,5589001,2H,53,33,00:53:33.203,3297.203487,85,49,1612,481911,0,0,0,0,25.0,33.495184673741186,0.1324
2387695651,5589001,2H,65,51,01:05:51.586,4035.586542,80,29,1612,431967,0,0,0,0,25.495097567963924,38.339103257369295,0.04757
2387695849,5589001,2H,76,3,01:16:03.380,4647.380641,95,49,1612,419213,1,0,0,0,18.027756377319946,36.416378519886045,0.2833
2387695959,5589001,2H,88,0,01:28:00.659,5364.659755,84,36,675,353833,0,0,0,0,21.095023109728988,46.08092418666069,0.049
2387696062,5589001,2H,90,29,01:30:29.914,5513.914563,92,67,1612,431967,0,1,0,1,35.4682957019364,11.244387404297473,0.2201
2387696033,5589001,2H,92,20,01:32:20.638,5624.638099,83,55,675,4498,0,0,0,0,30.4138126514911,25.135702596589994,0.1176
2387696115,5589001,2H,93,2,01:33:02.587,5666.58718,98,64,675,404397,0,0,0,0,30.805843601498726,8.259437979878806,0.0633
2387696090,5589001,2H,93,25,01:33:25.536,5689.536116,76,66,1612,476382,0,0,0,0,43.18564576337837,16.309523206579616,0.01888
2429238750,5589275,1H,1,14,00:01:14.670,75.670471,88,49,4487,447821,0,0,0,0,22.67156809750927,35.24875173219061,0.1105
2429238930,5589275,1H,10,18,00:10:18.776,619.776543,88,65,4487,170237,0,0,0,0,35.35533905932738,14.668748458161136,0.0547
2429238940,5589275,1H,11,1,00:11:01.663,662.663664,89,58,4487,170237,0,0,0,0,28.844410203711913,20.98125347190007,0.2857
2429239057,5589275,1H,15,43,00:15:43.058,944.058615,72,43,3766,282847,0,0,0,0,34.20526275297414,28.61045966596522,0.004165
2429239058,5589275,1H,19,47,00:19:47.041,1188.041811,79,30,4487,406053,0,0,0,0,26.30589287593181,37.45057823173673,0.001434
2429239156,5589275,1H,23,28,00:23:28.494,1409.494437,87,40,3766,282847,1,0,0,0,18.973665961010276,49.26789330029081,0.03628
2429239235,5589275,1H,26,12,00:26:12.998,1573.998096,88,45,3766,563391,0,0,0,0,20.248456731316587,42.92562661914572,0.06969
2429239232,5589275,1H,29,13,00:29:13.233,1754.233695,93,46,4487,344864,1,0,0,0,16.97056274847714,46.21887523513131,0.2393
2429239299,5589275,1H,34,35,00:34:35.535,2076.53573,81,58,4487,40335,0,1,0,0,33.94112549695428,21.967243406812894,0.02685
2429239367,5589275,1H,38,21,00:38:21.121,2302.121398,89,65,3766,209091,0,0,0,0,34.88552708502482,14.225963898751795,0.0599
2429239796,5589275,1H,43,52,00:43:52.303,2633.303742,87,40,4487,447821,0,0,0,0,18.973665961010276,49.26789330029081,0.1678
2429239812,5589275,2H,61,31,01:01:31.121,4213.121019,98,41,3766,25413,0,0,0,0,9.899494936611665,82.31601817026603,0.2473
2429239855,5589275,2H,65,44,01:05:44.971,4466.971089,78,59,3766,582972,0,0,0,0,36.796738985948195,20.89562282624117,0.05409
2429239859,5589275,2H,65,46,01:05:46.490,4468.490185,90,63,3766,25413,1,0,0,0,32.64965543462902,15.328921727305584,0.2538
2429239936,5589275,2H,68,47,01:08:47.181,4649.181767,78,60,3766,25413,0,0,0,0,37.48332962798263,20.15664542517911,0.05458
2429240030,5589275,2H,74,41,01:14:41.298,5003.298053,76,26,3766,282847,0,0,0,0,30.083217912982647,32.35406002225032,0.02313
2429240062,5589275,2H,75,47,01:15:47.824,5069.824536,95,39,3766,563391,0,1,0,0,11.180339887498949,76.26373169437744,0.1807
2429240183,5589275,2H,82,53,01:22:53.137,5495.137818,92,50,4487,8327,0,0,0,0,20.615528128088304,34.22481260771649,0.3801
2429240151,5589275,2H,83,23,01:23:23.023,5525.023705,86,60,3766,582972,0,0,0,0,32.202484376209235,19.684191501619246,0.1192
2429240296,5589275,2H,89,16,01:29:16.019,5878.019958,95,30,4487,276211,0,0,0,0,10.770329614269007,78.99645914825051,0.0514
2429240331,5589275,2H,94,56,01:34:56.623,6218.6232,92,56,3766,230626,1,0,0,0,25.553864678361276,22.249023657212373,0.03467
2437820149,5589040,1H,2,36,00:02:36.610,157.610482,96,51,1614,491344,0,0,0,0,19.235384061671343,29.272968662944194,0.7085
2437821683,5589040,1H,4,7,00:04:07.086,248.086438,85,65,1614,491344,0,0,0,0,36.89173349139343,15.70863782901574,0.0926
2437820411,5589040,1H,7,35,00:07:35.303,456.30327,86,70,8508,448274,0,0,0,0,40.70626487409524,12.2436414006673,0.0372
2437820282,5589040,1H,15,11,00:15:11.646,912.646127,89,73,1614,421696,0,0,0,0,42.15447781671598,9.637538112930946,0.02943
2437820395,5589040,1H,22,48,00:22:48.724,1369.724773,78,70,1614,421696,0,0,0,0,45.0,14.036243467926484,0.002403
2437820708,5589040,1H,24,12,00:24:12.819,1453.819535,85,72,8508,555120,0,0,0,0,42.941821107167776,11.54098777103692,0.03926
2437820417,5589040,1H,24,56,00:24:56.205,1497.20597,90,38,1614,470680,0,0,0,0,15.524174696260024,59.34933204294713,0.148
2437820453,5589040,1H,26,49,00:26:49.107,1610.10701,87,50,1614,470680,0,0,0,0,24.08318915758459,32.99560723843002,0.06431
2437820509,5589040,1H,31,49,00:31:49.340,1910.340255,87,61,1614,301047,0,0,0,0,32.449961479175904,18.434948822922006,0.1478
2437820984,5589040,1H,35,16,00:35:16.018,2117.018058,96,54,8508,479178,0,0,0,0,21.93171219946131,22.047947463560376,0.5758
2437821026,5589040,1H,37,41,00:37:41.277,2262.27706,95,50,8508,479178,0,0,0,0,18.867962264113206,33.20657031508953,0.4775
2437820735,5589040,1H,48,30,00:48:30.188,2911.188802,89,36,1614,412027,0,0,0,0,16.1245154965971,58.13790071832522,0.08113
2437820916,5589040,2H,54,13,00:54:13.118,3488.118464,80,59,1614,491344,0,0,0,0,35.35533905932738,21.05393097668694,0.08296
2437821022,5589040,2H,59,30,00:59:30.042,3805.04265,89,50,1614,301047,0,0,0,0,22.627416997969522,33.75137919815036,0.2788
2437821056,5589040,2H,62,46,01:02:46.998,4001.998246,89,50,1614,301047,0,0,0,0,22.627416997969522,33.75137919815036,0.4526
2437821064,5589040,2H,62,50,01:02:50.044,4005.044209,90,54,1614,491344,0,0,0,0,25.0,26.396286482485337,0.4224
2437821124,5589040,2H,69,57,01:09:57.642,4432.642823,93,54,1614,263802,1,0,0,0,23.323807579381203,25.010118524896047,0.1393
2437821132,5589040,2H,70,2,01:10:02.155,4437.155831,90,35,1614,301047,0,0,0,0,15.033296378372908,61.76255446183274,0.1598
2437821503,5589040,2H,71,59,01:11:59.539,4554.539913,77,62,8508,555120,0,0,0,0,39.59797974644666,18.723444771060297,0.03555
2437821512,5589040,2H,74,16,01:14:16.907,4691.907203,95,74,8508,479178,0,1,0,1,41.23105625617661,6.344075942196622,0.09992
2437821199,5589040,2H,75,58,01:15:58.940,4793.940356,93,35,1614,301047,0,0,0,0,12.041594578792296,73.49563861824498,0.1887
2437821282,5589040,2H,80,5,01:20:05.381,5040.381823,90,57,1614,491344,0,0,0,1,27.459060435491963,21.86009912473741,0.3903
2437821369,5589040,2H,90,34,01:30:34.521,5669.521716,92,50,1614,491344,0,0,0,0,20.615528128088304,34.22481260771649,0.4926
